<?xml version="1.0" encoding="UTF-8" standalone="no"?>
<task name="Content Zones">
<markables>
<markable color="#dba2d2" name="foreground">
<attributes>
<attribute default_value="" name="type" type="radiobutton">
<value value="narration"/>
<value value="description"/>
</attribute>
</attributes>
</markable>
<markable color="#aeabed" name="background">
<attributes>
<attribute default_value="" name="previous-episodes" type="radiobutton">
<value value="true"/>
<value value="false"/>
</attribute>
</attributes>
</markable>
<markable color="#dceb57" name="follow-up">
<attributes>
<attribute default_value="" name="anchor" type="radiobutton">
<value value="non_future"/>
<value value="future"/>
</attribute>
</attributes>
</markable>
<markable color="#4ae33f" name="attribution">
<attributes>
<attribute default_value="" name="quote" type="radiobutton">
<value value="true"/>
<value value="false"/>
</attribute>
</attributes>
</markable>
<markable color="#f7a85e" name="description">
<attributes>
<attribute default_value="" name="context" type="radiobutton">
<value value="true"/>
<value value="false"/>
</attribute>
</attributes>
</markable>
<markable color="#ed7171" name="evaluation">
<attributes/>
</markable>
<markable color="#a8a5a7" name="expectation">
<attributes/>
</markable>
<markable color="#0d0c0d" name="interrogative">
<attributes>
<attribute default_value="" name="type" type="radiobutton">
<value value="conative"/>
<value value="rhetorical"/>
<value value="introductory"/>
<value value="underspecified"/>
</attribute>
</attributes>
</markable>
<markable color="#e6af93" name="metatext">
<attributes/>
</markable>
<markable color="#c9f4f7" name="NARRATION">
<attributes/>
</markable>
<markable color="#f2e09f" name="DESCRIPTION_macro">
<attributes/>
</markable>
<markable color="#b1f0f5" name="OTHER">
<attributes/>
</markable>
</markables>
<relations/>
</task>
