<Document doc_name="AP_20130322">
<token t_id="1" sentence="0" number="0">The</token>
<token t_id="2" sentence="0" number="1">flu</token>
<token t_id="3" sentence="0" number="2">season</token>
<token t_id="4" sentence="0" number="3">is</token>
<token t_id="5" sentence="0" number="4">winding</token>
<token t_id="6" sentence="0" number="5">down</token>
<token t_id="7" sentence="0" number="6">,</token>
<token t_id="8" sentence="0" number="7">and</token>
<token t_id="9" sentence="0" number="8">it</token>
<token t_id="10" sentence="0" number="9">has</token>
<token t_id="11" sentence="0" number="10">killed</token>
<token t_id="12" sentence="0" number="11">105</token>
<token t_id="13" sentence="0" number="12">children</token>
<token t_id="14" sentence="0" number="13">so</token>
<token t_id="15" sentence="0" number="14">far</token>
<token t_id="16" sentence="0" number="15">-</token>
<token t_id="17" sentence="0" number="16">about</token>
<token t_id="18" sentence="0" number="17">the</token>
<token t_id="19" sentence="0" number="18">average</token>
<token t_id="20" sentence="0" number="19">toll</token>
<token t_id="21" sentence="0" number="20">.</token>
<token t_id="22" sentence="1" number="21">The</token>
<token t_id="23" sentence="1" number="22">season</token>
<token t_id="24" sentence="1" number="23">started</token>
<token t_id="25" sentence="1" number="24">about</token>
<token t_id="26" sentence="1" number="25">a</token>
<token t_id="27" sentence="1" number="26">month</token>
<token t_id="28" sentence="1" number="27">earlier</token>
<token t_id="29" sentence="1" number="28">than</token>
<token t_id="30" sentence="1" number="29">usual</token>
<token t_id="31" sentence="1" number="30">,</token>
<token t_id="32" sentence="1" number="31">sparking</token>
<token t_id="33" sentence="1" number="32">concerns</token>
<token t_id="34" sentence="1" number="33">it</token>
<token t_id="35" sentence="1" number="34">might</token>
<token t_id="36" sentence="1" number="35">turn</token>
<token t_id="37" sentence="1" number="36">into</token>
<token t_id="38" sentence="1" number="37">the</token>
<token t_id="39" sentence="1" number="38">worst</token>
<token t_id="40" sentence="1" number="39">in</token>
<token t_id="41" sentence="1" number="40">a</token>
<token t_id="42" sentence="1" number="41">decade</token>
<token t_id="43" sentence="1" number="42">.</token>
<token t_id="44" sentence="2" number="43">It</token>
<token t_id="45" sentence="2" number="44">ended</token>
<token t_id="46" sentence="2" number="45">up</token>
<token t_id="47" sentence="2" number="46">being</token>
<token t_id="48" sentence="2" number="47">very</token>
<token t_id="49" sentence="2" number="48">hard</token>
<token t_id="50" sentence="2" number="49">on</token>
<token t_id="51" sentence="2" number="50">the</token>
<token t_id="52" sentence="2" number="51">elderly</token>
<token t_id="53" sentence="2" number="52">,</token>
<token t_id="54" sentence="2" number="53">but</token>
<token t_id="55" sentence="2" number="54">was</token>
<token t_id="56" sentence="2" number="55">moderately</token>
<token t_id="57" sentence="2" number="56">severe</token>
<token t_id="58" sentence="2" number="57">overall</token>
<token t_id="59" sentence="2" number="58">,</token>
<token t_id="60" sentence="2" number="59">according</token>
<token t_id="61" sentence="2" number="60">to</token>
<token t_id="62" sentence="2" number="61">the</token>
<token t_id="63" sentence="2" number="62">Centers</token>
<token t_id="64" sentence="2" number="63">for</token>
<token t_id="65" sentence="2" number="64">Disease</token>
<token t_id="66" sentence="2" number="65">Control</token>
<token t_id="67" sentence="2" number="66">and</token>
<token t_id="68" sentence="2" number="67">Prevention</token>
<token t_id="69" sentence="2" number="68">.</token>
<token t_id="70" sentence="3" number="69">Six</token>
<token t_id="71" sentence="3" number="70">of</token>
<token t_id="72" sentence="3" number="71">the</token>
<token t_id="73" sentence="3" number="72">pediatric</token>
<token t_id="74" sentence="3" number="73">deaths</token>
<token t_id="75" sentence="3" number="74">were</token>
<token t_id="76" sentence="3" number="75">reported</token>
<token t_id="77" sentence="3" number="76">in</token>
<token t_id="78" sentence="3" number="77">the</token>
<token t_id="79" sentence="3" number="78">last</token>
<token t_id="80" sentence="3" number="79">week</token>
<token t_id="81" sentence="3" number="80">,</token>
<token t_id="82" sentence="3" number="81">and</token>
<token t_id="83" sentence="3" number="82">it</token>
<token t_id="84" sentence="3" number="83">'s</token>
<token t_id="85" sentence="3" number="84">possible</token>
<token t_id="86" sentence="3" number="85">there</token>
<token t_id="87" sentence="3" number="86">will</token>
<token t_id="88" sentence="3" number="87">be</token>
<token t_id="89" sentence="3" number="88">more</token>
<token t_id="90" sentence="3" number="89">,</token>
<token t_id="91" sentence="3" number="90">said</token>
<token t_id="92" sentence="3" number="91">the</token>
<token t_id="93" sentence="3" number="92">CDC</token>
<token t_id="94" sentence="3" number="93">'s</token>
<token t_id="95" sentence="3" number="94">Dr.</token>
<token t_id="96" sentence="3" number="95">Michael</token>
<token t_id="97" sentence="3" number="96">Jhung</token>
<token t_id="98" sentence="3" number="97">said</token>
<token t_id="99" sentence="3" number="98">Friday</token>
<token t_id="100" sentence="3" number="99">.</token>
<token t_id="101" sentence="4" number="100">Roughly</token>
<token t_id="102" sentence="4" number="101">100</token>
<token t_id="103" sentence="4" number="102">children</token>
<token t_id="104" sentence="4" number="103">die</token>
<token t_id="105" sentence="4" number="104">in</token>
<token t_id="106" sentence="4" number="105">an</token>
<token t_id="107" sentence="4" number="106">average</token>
<token t_id="108" sentence="4" number="107">flu</token>
<token t_id="109" sentence="4" number="108">season</token>
<token t_id="110" sentence="4" number="109">.</token>
<token t_id="111" sentence="5" number="110">One</token>
<token t_id="112" sentence="5" number="111">exception</token>
<token t_id="113" sentence="5" number="112">was</token>
<token t_id="114" sentence="5" number="113">the</token>
<token t_id="115" sentence="5" number="114">swine</token>
<token t_id="116" sentence="5" number="115">flu</token>
<token t_id="117" sentence="5" number="116">pandemic</token>
<token t_id="118" sentence="5" number="117">of</token>
<token t_id="119" sentence="5" number="118">2009</token>
<token t_id="120" sentence="5" number="119">-</token>
<token t_id="121" sentence="5" number="120">2010</token>
<token t_id="122" sentence="5" number="121">,</token>
<token t_id="123" sentence="5" number="122">when</token>
<token t_id="124" sentence="5" number="123">348</token>
<token t_id="125" sentence="5" number="124">children</token>
<token t_id="126" sentence="5" number="125">died</token>
<token t_id="127" sentence="5" number="126">.</token>
<token t_id="128" sentence="6" number="127">The</token>
<token t_id="129" sentence="6" number="128">CDC</token>
<token t_id="130" sentence="6" number="129">recommends</token>
<token t_id="131" sentence="6" number="130">that</token>
<token t_id="132" sentence="6" number="131">all</token>
<token t_id="133" sentence="6" number="132">children</token>
<token t_id="134" sentence="6" number="133">ages</token>
<token t_id="135" sentence="6" number="134">6</token>
<token t_id="136" sentence="6" number="135">months</token>
<token t_id="137" sentence="6" number="136">and</token>
<token t_id="138" sentence="6" number="137">older</token>
<token t_id="139" sentence="6" number="138">be</token>
<token t_id="140" sentence="6" number="139">vaccinated</token>
<token t_id="141" sentence="6" number="140">against</token>
<token t_id="142" sentence="6" number="141">flu</token>
<token t_id="143" sentence="6" number="142">each</token>
<token t_id="144" sentence="6" number="143">season</token>
<token t_id="145" sentence="6" number="144">,</token>
<token t_id="146" sentence="6" number="145">though</token>
<token t_id="147" sentence="6" number="146">only</token>
<token t_id="148" sentence="6" number="147">about</token>
<token t_id="149" sentence="6" number="148">half</token>
<token t_id="150" sentence="6" number="149">get</token>
<token t_id="151" sentence="6" number="150">a</token>
<token t_id="152" sentence="6" number="151">flu</token>
<token t_id="153" sentence="6" number="152">shot</token>
<token t_id="154" sentence="6" number="153">or</token>
<token t_id="155" sentence="6" number="154">nasal</token>
<token t_id="156" sentence="6" number="155">spray</token>
<token t_id="157" sentence="6" number="156">.</token>
<token t_id="158" sentence="7" number="157">All</token>
<token t_id="159" sentence="7" number="158">but</token>
<token t_id="160" sentence="7" number="159">four</token>
<token t_id="161" sentence="7" number="160">of</token>
<token t_id="162" sentence="7" number="161">the</token>
<token t_id="163" sentence="7" number="162">children</token>
<token t_id="164" sentence="7" number="163">who</token>
<token t_id="165" sentence="7" number="164">died</token>
<token t_id="166" sentence="7" number="165">were</token>
<token t_id="167" sentence="7" number="166">old</token>
<token t_id="168" sentence="7" number="167">enough</token>
<token t_id="169" sentence="7" number="168">to</token>
<token t_id="170" sentence="7" number="169">be</token>
<token t_id="171" sentence="7" number="170">vaccinated</token>
<token t_id="172" sentence="7" number="171">,</token>
<token t_id="173" sentence="7" number="172">but</token>
<token t_id="174" sentence="7" number="173">90</token>
<token t_id="175" sentence="7" number="174">percent</token>
<token t_id="176" sentence="7" number="175">of</token>
<token t_id="177" sentence="7" number="176">them</token>
<token t_id="178" sentence="7" number="177">did</token>
<token t_id="179" sentence="7" number="178">not</token>
<token t_id="180" sentence="7" number="179">get</token>
<token t_id="181" sentence="7" number="180">vaccinated</token>
<token t_id="182" sentence="7" number="181">,</token>
<token t_id="183" sentence="7" number="182">CDC</token>
<token t_id="184" sentence="7" number="183">officials</token>
<token t_id="185" sentence="7" number="184">said</token>
<token t_id="186" sentence="7" number="185">.</token>
<token t_id="187" sentence="8" number="186">This</token>
<token t_id="188" sentence="8" number="187">year</token>
<token t_id="189" sentence="8" number="188">'s</token>
<token t_id="190" sentence="8" number="189">vaccine</token>
<token t_id="191" sentence="8" number="190">was</token>
<token t_id="192" sentence="8" number="191">considered</token>
<token t_id="193" sentence="8" number="192">effective</token>
<token t_id="194" sentence="8" number="193">in</token>
<token t_id="195" sentence="8" number="194">children</token>
<token t_id="196" sentence="8" number="195">,</token>
<token t_id="197" sentence="8" number="196">though</token>
<token t_id="198" sentence="8" number="197">it</token>
<token t_id="199" sentence="8" number="198">did</token>
<token t_id="200" sentence="8" number="199">n't</token>
<token t_id="201" sentence="8" number="200">work</token>
<token t_id="202" sentence="8" number="201">very</token>
<token t_id="203" sentence="8" number="202">well</token>
<token t_id="204" sentence="8" number="203">in</token>
<token t_id="205" sentence="8" number="204">older</token>
<token t_id="206" sentence="8" number="205">people</token>
<token t_id="207" sentence="8" number="206">.</token>
<token t_id="208" sentence="9" number="207">And</token>
<token t_id="209" sentence="9" number="208">the</token>
<token t_id="210" sentence="9" number="209">dominant</token>
<token t_id="211" sentence="9" number="210">flu</token>
<token t_id="212" sentence="9" number="211">strain</token>
<token t_id="213" sentence="9" number="212">early</token>
<token t_id="214" sentence="9" number="213">in</token>
<token t_id="215" sentence="9" number="214">the</token>
<token t_id="216" sentence="9" number="215">season</token>
<token t_id="217" sentence="9" number="216">was</token>
<token t_id="218" sentence="9" number="217">one</token>
<token t_id="219" sentence="9" number="218">that</token>
<token t_id="220" sentence="9" number="219">tends</token>
<token t_id="221" sentence="9" number="220">to</token>
<token t_id="222" sentence="9" number="221">cause</token>
<token t_id="223" sentence="9" number="222">more</token>
<token t_id="224" sentence="9" number="223">severe</token>
<token t_id="225" sentence="9" number="224">illness</token>
<token t_id="226" sentence="9" number="225">.</token>
<token t_id="227" sentence="10" number="226">The</token>
<token t_id="228" sentence="10" number="227">government</token>
<token t_id="229" sentence="10" number="228">only</token>
<token t_id="230" sentence="10" number="229">does</token>
<token t_id="231" sentence="10" number="230">a</token>
<token t_id="232" sentence="10" number="231">national</token>
<token t_id="233" sentence="10" number="232">flu</token>
<token t_id="234" sentence="10" number="233">death</token>
<token t_id="235" sentence="10" number="234">count</token>
<token t_id="236" sentence="10" number="235">for</token>
<token t_id="237" sentence="10" number="236">children</token>
<token t_id="238" sentence="10" number="237">.</token>
<token t_id="239" sentence="11" number="238">But</token>
<token t_id="240" sentence="11" number="239">it</token>
<token t_id="241" sentence="11" number="240">does</token>
<token t_id="242" sentence="11" number="241">track</token>
<token t_id="243" sentence="11" number="242">hospitalization</token>
<token t_id="244" sentence="11" number="243">rates</token>
<token t_id="245" sentence="11" number="244">for</token>
<token t_id="246" sentence="11" number="245">people</token>
<token t_id="247" sentence="11" number="246">65</token>
<token t_id="248" sentence="11" number="247">and</token>
<token t_id="249" sentence="11" number="248">older</token>
<token t_id="250" sentence="11" number="249">,</token>
<token t_id="251" sentence="11" number="250">and</token>
<token t_id="252" sentence="11" number="251">those</token>
<token t_id="253" sentence="11" number="252">statistics</token>
<token t_id="254" sentence="11" number="253">have</token>
<token t_id="255" sentence="11" number="254">been</token>
<token t_id="256" sentence="11" number="255">grim</token>
<token t_id="257" sentence="11" number="256">.</token>
<token t_id="258" sentence="12" number="257">In</token>
<token t_id="259" sentence="12" number="258">that</token>
<token t_id="260" sentence="12" number="259">group</token>
<token t_id="261" sentence="12" number="260">,</token>
<token t_id="262" sentence="12" number="261">177</token>
<token t_id="263" sentence="12" number="262">out</token>
<token t_id="264" sentence="12" number="263">of</token>
<token t_id="265" sentence="12" number="264">every</token>
<token t_id="266" sentence="12" number="265">100,000</token>
<token t_id="267" sentence="12" number="266">were</token>
<token t_id="268" sentence="12" number="267">hospitalized</token>
<token t_id="269" sentence="12" number="268">with</token>
<token t_id="270" sentence="12" number="269">flu-related</token>
<token t_id="271" sentence="12" number="270">illness</token>
<token t_id="272" sentence="12" number="271">in</token>
<token t_id="273" sentence="12" number="272">the</token>
<token t_id="274" sentence="12" number="273">past</token>
<token t_id="275" sentence="12" number="274">several</token>
<token t_id="276" sentence="12" number="275">months</token>
<token t_id="277" sentence="12" number="276">.</token>
<token t_id="278" sentence="13" number="277">That</token>
<token t_id="279" sentence="13" number="278">'s</token>
<token t_id="280" sentence="13" number="279">more</token>
<token t_id="281" sentence="13" number="280">than</token>
<token t_id="282" sentence="13" number="281">2 1/2</token>
<token t_id="283" sentence="13" number="282">times</token>
<token t_id="284" sentence="13" number="283">higher</token>
<token t_id="285" sentence="13" number="284">than</token>
<token t_id="286" sentence="13" number="285">any</token>
<token t_id="287" sentence="13" number="286">other</token>
<token t_id="288" sentence="13" number="287">recent</token>
<token t_id="289" sentence="13" number="288">season</token>
<token t_id="290" sentence="13" number="289">.</token>
<token t_id="291" sentence="14" number="290">This</token>
<token t_id="292" sentence="14" number="291">flu</token>
<token t_id="293" sentence="14" number="292">season</token>
<token t_id="294" sentence="14" number="293">started</token>
<token t_id="295" sentence="14" number="294">in</token>
<token t_id="296" sentence="14" number="295">early</token>
<token t_id="297" sentence="14" number="296">December</token>
<token t_id="298" sentence="14" number="297">,</token>
<token t_id="299" sentence="14" number="298">a</token>
<token t_id="300" sentence="14" number="299">month</token>
<token t_id="301" sentence="14" number="300">earlier</token>
<token t_id="302" sentence="14" number="301">than</token>
<token t_id="303" sentence="14" number="302">usual</token>
<token t_id="304" sentence="14" number="303">,</token>
<token t_id="305" sentence="14" number="304">and</token>
<token t_id="306" sentence="14" number="305">peaked</token>
<token t_id="307" sentence="14" number="306">by</token>
<token t_id="308" sentence="14" number="307">the</token>
<token t_id="309" sentence="14" number="308">end</token>
<token t_id="310" sentence="14" number="309">of</token>
<token t_id="311" sentence="14" number="310">year</token>
<token t_id="312" sentence="14" number="311">.</token>
<token t_id="313" sentence="15" number="312">Since</token>
<token t_id="314" sentence="15" number="313">then</token>
<token t_id="315" sentence="15" number="314">,</token>
<token t_id="316" sentence="15" number="315">flu</token>
<token t_id="317" sentence="15" number="316">reports</token>
<token t_id="318" sentence="15" number="317">have</token>
<token t_id="319" sentence="15" number="318">been</token>
<token t_id="320" sentence="15" number="319">dropping</token>
<token t_id="321" sentence="15" number="320">off</token>
<token t_id="322" sentence="15" number="321">throughout</token>
<token t_id="323" sentence="15" number="322">the</token>
<token t_id="324" sentence="15" number="323">country</token>
<token t_id="325" sentence="15" number="324">.</token>
<token t_id="326" sentence="16" number="325">``</token>
<token t_id="327" sentence="16" number="326">We</token>
<token t_id="328" sentence="16" number="327">appear</token>
<token t_id="329" sentence="16" number="328">to</token>
<token t_id="330" sentence="16" number="329">be</token>
<token t_id="331" sentence="16" number="330">getting</token>
<token t_id="332" sentence="16" number="331">close</token>
<token t_id="333" sentence="16" number="332">to</token>
<token t_id="334" sentence="16" number="333">the</token>
<token t_id="335" sentence="16" number="334">end</token>
<token t_id="336" sentence="16" number="335">of</token>
<token t_id="337" sentence="16" number="336">flu</token>
<token t_id="338" sentence="16" number="337">season</token>
<token t_id="339" sentence="16" number="338">,</token>
<token t_id="340" sentence="16" number="339">''</token>
<token t_id="341" sentence="16" number="340">Jhung</token>
<token t_id="342" sentence="16" number="341">said</token>
<token t_id="343" sentence="16" number="342">.</token>


<Markables>
<ATTRIBUTION m_id="16" quote="true"  >
<token_anchor t_id="341"/>
<token_anchor t_id="342"/>
</ATTRIBUTION>
<ATTRIBUTION m_id="3" quote="false"  >
<token_anchor t_id="60"/>
<token_anchor t_id="61"/>
<token_anchor t_id="62"/>
<token_anchor t_id="63"/>
<token_anchor t_id="64"/>
<token_anchor t_id="65"/>
<token_anchor t_id="66"/>
<token_anchor t_id="67"/>
<token_anchor t_id="68"/>
</ATTRIBUTION>
<ATTRIBUTION m_id="5" quote="true"  >
<token_anchor t_id="91"/>
<token_anchor t_id="92"/>
<token_anchor t_id="93"/>
<token_anchor t_id="94"/>
<token_anchor t_id="95"/>
<token_anchor t_id="96"/>
<token_anchor t_id="97"/>
<token_anchor t_id="98"/>
<token_anchor t_id="99"/>
</ATTRIBUTION>
<ATTRIBUTION m_id="9" quote="false"  >
<token_anchor t_id="128"/>
<token_anchor t_id="129"/>
<token_anchor t_id="130"/>
</ATTRIBUTION>
<ATTRIBUTION m_id="12" quote="true"  >
<token_anchor t_id="183"/>
<token_anchor t_id="184"/>
<token_anchor t_id="185"/>
</ATTRIBUTION>
<BACKGROUND m_id="15" previous-episodes="false"  >
<token_anchor t_id="258"/>
<token_anchor t_id="259"/>
<token_anchor t_id="260"/>
<token_anchor t_id="261"/>
<token_anchor t_id="262"/>
<token_anchor t_id="263"/>
<token_anchor t_id="264"/>
<token_anchor t_id="265"/>
<token_anchor t_id="266"/>
<token_anchor t_id="267"/>
<token_anchor t_id="268"/>
<token_anchor t_id="269"/>
<token_anchor t_id="270"/>
<token_anchor t_id="271"/>
<token_anchor t_id="272"/>
<token_anchor t_id="273"/>
<token_anchor t_id="274"/>
<token_anchor t_id="275"/>
<token_anchor t_id="276"/>
</BACKGROUND>
<BACKGROUND m_id="18" previous-episodes="false"  >
<token_anchor t_id="22"/>
<token_anchor t_id="23"/>
<token_anchor t_id="24"/>
<token_anchor t_id="25"/>
<token_anchor t_id="26"/>
<token_anchor t_id="27"/>
<token_anchor t_id="28"/>
<token_anchor t_id="29"/>
<token_anchor t_id="30"/>
</BACKGROUND>
<BACKGROUND m_id="19" previous-episodes="false"  >
<token_anchor t_id="291"/>
<token_anchor t_id="292"/>
<token_anchor t_id="293"/>
<token_anchor t_id="294"/>
<token_anchor t_id="295"/>
<token_anchor t_id="296"/>
<token_anchor t_id="297"/>
<token_anchor t_id="298"/>
<token_anchor t_id="299"/>
<token_anchor t_id="300"/>
<token_anchor t_id="301"/>
<token_anchor t_id="302"/>
<token_anchor t_id="303"/>
</BACKGROUND>
<BACKGROUND m_id="21" previous-episodes="false"  >
<token_anchor t_id="305"/>
<token_anchor t_id="306"/>
<token_anchor t_id="307"/>
<token_anchor t_id="308"/>
<token_anchor t_id="309"/>
<token_anchor t_id="310"/>
<token_anchor t_id="311"/>
</BACKGROUND>
<BACKGROUND m_id="22" previous-episodes="false"  >
<token_anchor t_id="313"/>
<token_anchor t_id="314"/>
<token_anchor t_id="315"/>
<token_anchor t_id="316"/>
<token_anchor t_id="317"/>
<token_anchor t_id="318"/>
<token_anchor t_id="319"/>
<token_anchor t_id="320"/>
<token_anchor t_id="321"/>
<token_anchor t_id="322"/>
<token_anchor t_id="323"/>
<token_anchor t_id="324"/>
</BACKGROUND>
<BACKGROUND m_id="31" previous-episodes="false"  >
<token_anchor t_id="197"/>
<token_anchor t_id="198"/>
<token_anchor t_id="199"/>
<token_anchor t_id="200"/>
<token_anchor t_id="201"/>
<token_anchor t_id="202"/>
<token_anchor t_id="203"/>
<token_anchor t_id="204"/>
<token_anchor t_id="205"/>
<token_anchor t_id="206"/>
</BACKGROUND>
<BACKGROUND m_id="34" previous-episodes="false"  >
<token_anchor t_id="32"/>
<token_anchor t_id="33"/>
</BACKGROUND>
<BACKGROUND m_id="36" previous-episodes="true"  >
<token_anchor t_id="158"/>
<token_anchor t_id="159"/>
<token_anchor t_id="160"/>
<token_anchor t_id="161"/>
<token_anchor t_id="162"/>
<token_anchor t_id="163"/>
<token_anchor t_id="164"/>
<token_anchor t_id="165"/>
<token_anchor t_id="166"/>
<token_anchor t_id="167"/>
<token_anchor t_id="168"/>
</BACKGROUND>
<BACKGROUND m_id="37" previous-episodes="true"  >
<token_anchor t_id="169"/>
<token_anchor t_id="170"/>
<token_anchor t_id="171"/>
</BACKGROUND>
<BACKGROUND m_id="7" previous-episodes="false"  >
<token_anchor t_id="111"/>
<token_anchor t_id="112"/>
<token_anchor t_id="113"/>
<token_anchor t_id="114"/>
<token_anchor t_id="115"/>
<token_anchor t_id="116"/>
<token_anchor t_id="117"/>
<token_anchor t_id="118"/>
<token_anchor t_id="119"/>
<token_anchor t_id="120"/>
<token_anchor t_id="121"/>
</BACKGROUND>
<BACKGROUND m_id="8" previous-episodes="false"  >
<token_anchor t_id="123"/>
<token_anchor t_id="124"/>
<token_anchor t_id="125"/>
<token_anchor t_id="126"/>
</BACKGROUND>
<BACKGROUND m_id="11" previous-episodes="true"  >
<token_anchor t_id="173"/>
<token_anchor t_id="174"/>
<token_anchor t_id="175"/>
<token_anchor t_id="176"/>
<token_anchor t_id="177"/>
<token_anchor t_id="178"/>
<token_anchor t_id="179"/>
<token_anchor t_id="180"/>
<token_anchor t_id="181"/>
</BACKGROUND>
<DESCRIPTION m_id="13" context="false"  >
<token_anchor t_id="227"/>
<token_anchor t_id="228"/>
<token_anchor t_id="229"/>
<token_anchor t_id="230"/>
<token_anchor t_id="231"/>
<token_anchor t_id="232"/>
<token_anchor t_id="233"/>
<token_anchor t_id="234"/>
<token_anchor t_id="235"/>
<token_anchor t_id="236"/>
<token_anchor t_id="237"/>
</DESCRIPTION>
<DESCRIPTION m_id="14" context="false"  >
<token_anchor t_id="239"/>
<token_anchor t_id="240"/>
<token_anchor t_id="241"/>
<token_anchor t_id="242"/>
<token_anchor t_id="243"/>
<token_anchor t_id="244"/>
<token_anchor t_id="245"/>
<token_anchor t_id="246"/>
<token_anchor t_id="247"/>
<token_anchor t_id="248"/>
<token_anchor t_id="249"/>
</DESCRIPTION>
<DESCRIPTION m_id="27" context="false"  >
<token_anchor t_id="82"/>
<token_anchor t_id="83"/>
<token_anchor t_id="84"/>
<token_anchor t_id="85"/>
</DESCRIPTION>
<DESCRIPTION m_id="28" context="false"  >
<token_anchor t_id="327"/>
<token_anchor t_id="328"/>
</DESCRIPTION>
<DESCRIPTION m_id="32" context="false"  >
<token_anchor t_id="208"/>
<token_anchor t_id="209"/>
<token_anchor t_id="210"/>
<token_anchor t_id="211"/>
<token_anchor t_id="212"/>
<token_anchor t_id="213"/>
<token_anchor t_id="214"/>
<token_anchor t_id="215"/>
<token_anchor t_id="216"/>
<token_anchor t_id="217"/>
<token_anchor t_id="218"/>
<token_anchor t_id="219"/>
<token_anchor t_id="220"/>
</DESCRIPTION>
<DESCRIPTION m_id="33" context="false"  >
<token_anchor t_id="221"/>
<token_anchor t_id="222"/>
<token_anchor t_id="223"/>
<token_anchor t_id="224"/>
<token_anchor t_id="225"/>
</DESCRIPTION>
<DESCRIPTION m_id="6" context="false"  >
<token_anchor t_id="101"/>
<token_anchor t_id="102"/>
<token_anchor t_id="103"/>
<token_anchor t_id="104"/>
<token_anchor t_id="105"/>
<token_anchor t_id="106"/>
<token_anchor t_id="107"/>
<token_anchor t_id="108"/>
<token_anchor t_id="109"/>
</DESCRIPTION>
<DESCRIPTION m_id="10" context="false"  >
<token_anchor t_id="146"/>
<token_anchor t_id="147"/>
<token_anchor t_id="148"/>
<token_anchor t_id="149"/>
<token_anchor t_id="150"/>
<token_anchor t_id="151"/>
<token_anchor t_id="152"/>
<token_anchor t_id="153"/>
<token_anchor t_id="154"/>
<token_anchor t_id="155"/>
<token_anchor t_id="156"/>
</DESCRIPTION>
<EVALUATION m_id="24"  >
<token_anchor t_id="131"/>
<token_anchor t_id="132"/>
<token_anchor t_id="133"/>
<token_anchor t_id="134"/>
<token_anchor t_id="135"/>
<token_anchor t_id="136"/>
<token_anchor t_id="137"/>
<token_anchor t_id="138"/>
<token_anchor t_id="139"/>
<token_anchor t_id="140"/>
<token_anchor t_id="141"/>
<token_anchor t_id="142"/>
<token_anchor t_id="143"/>
<token_anchor t_id="144"/>
</EVALUATION>
<EVALUATION m_id="25"  >
<token_anchor t_id="278"/>
<token_anchor t_id="279"/>
<token_anchor t_id="280"/>
<token_anchor t_id="281"/>
<token_anchor t_id="282"/>
<token_anchor t_id="283"/>
<token_anchor t_id="284"/>
<token_anchor t_id="285"/>
<token_anchor t_id="286"/>
<token_anchor t_id="287"/>
<token_anchor t_id="288"/>
<token_anchor t_id="289"/>
</EVALUATION>
<EVALUATION m_id="26"  >
<token_anchor t_id="251"/>
<token_anchor t_id="252"/>
<token_anchor t_id="253"/>
<token_anchor t_id="254"/>
<token_anchor t_id="255"/>
<token_anchor t_id="256"/>
</EVALUATION>
<EVALUATION m_id="29"  >
<token_anchor t_id="54"/>
<token_anchor t_id="55"/>
<token_anchor t_id="56"/>
<token_anchor t_id="57"/>
<token_anchor t_id="58"/>
</EVALUATION>
<EVALUATION m_id="30"  >
<token_anchor t_id="187"/>
<token_anchor t_id="188"/>
<token_anchor t_id="189"/>
<token_anchor t_id="190"/>
<token_anchor t_id="191"/>
<token_anchor t_id="192"/>
<token_anchor t_id="193"/>
<token_anchor t_id="194"/>
<token_anchor t_id="195"/>
</EVALUATION>
<EVALUATION m_id="35"  >
<token_anchor t_id="44"/>
<token_anchor t_id="45"/>
<token_anchor t_id="46"/>
<token_anchor t_id="47"/>
<token_anchor t_id="48"/>
<token_anchor t_id="49"/>
<token_anchor t_id="50"/>
<token_anchor t_id="51"/>
<token_anchor t_id="52"/>
</EVALUATION>
<EXPECTATION m_id="17"  >
<token_anchor t_id="329"/>
<token_anchor t_id="330"/>
<token_anchor t_id="331"/>
<token_anchor t_id="332"/>
<token_anchor t_id="333"/>
<token_anchor t_id="334"/>
<token_anchor t_id="335"/>
<token_anchor t_id="336"/>
<token_anchor t_id="337"/>
<token_anchor t_id="338"/>
</EXPECTATION>
<EXPECTATION m_id="2"  >
<token_anchor t_id="34"/>
<token_anchor t_id="35"/>
<token_anchor t_id="36"/>
<token_anchor t_id="37"/>
<token_anchor t_id="38"/>
<token_anchor t_id="39"/>
<token_anchor t_id="40"/>
<token_anchor t_id="41"/>
<token_anchor t_id="42"/>
</EXPECTATION>
<EXPECTATION m_id="4"  >
<token_anchor t_id="86"/>
<token_anchor t_id="87"/>
<token_anchor t_id="88"/>
<token_anchor t_id="89"/>
</EXPECTATION>
<FOREGROUND m_id="20" type="narration"  >
<token_anchor t_id="8"/>
<token_anchor t_id="9"/>
<token_anchor t_id="10"/>
<token_anchor t_id="11"/>
<token_anchor t_id="12"/>
<token_anchor t_id="13"/>
<token_anchor t_id="14"/>
<token_anchor t_id="15"/>
<token_anchor t_id="16"/>
<token_anchor t_id="17"/>
<token_anchor t_id="18"/>
<token_anchor t_id="19"/>
<token_anchor t_id="20"/>
</FOREGROUND>
<FOREGROUND m_id="23" type="narration"  >
<token_anchor t_id="70"/>
<token_anchor t_id="71"/>
<token_anchor t_id="72"/>
<token_anchor t_id="73"/>
<token_anchor t_id="74"/>
<token_anchor t_id="75"/>
<token_anchor t_id="76"/>
<token_anchor t_id="77"/>
<token_anchor t_id="78"/>
<token_anchor t_id="79"/>
<token_anchor t_id="80"/>
</FOREGROUND>
<FOREGROUND m_id="1" type="narration"  >
<token_anchor t_id="1"/>
<token_anchor t_id="2"/>
<token_anchor t_id="3"/>
<token_anchor t_id="4"/>
<token_anchor t_id="5"/>
<token_anchor t_id="6"/>
</FOREGROUND>


</Markables>

<Relations>
</Relations>
</Document>
