<Document doc_name="bbc_20130322_332">
<token t_id="1" sentence="0" number="0">Oil</token>
<token t_id="2" sentence="0" number="1">giant</token>
<token t_id="3" sentence="0" number="2">BP</token>
<token t_id="4" sentence="0" number="3">has</token>
<token t_id="5" sentence="0" number="4">said</token>
<token t_id="6" sentence="0" number="5">it</token>
<token t_id="7" sentence="0" number="6">will</token>
<token t_id="8" sentence="0" number="7">buy</token>
<token t_id="9" sentence="0" number="8">back</token>
<token t_id="10" sentence="0" number="9">$</token>
<token t_id="11" sentence="0" number="10">8bn</token>
<token t_id="12" sentence="0" number="11">of</token>
<token t_id="13" sentence="0" number="12">shares</token>
<token t_id="14" sentence="0" number="13">,</token>
<token t_id="15" sentence="0" number="14">returning</token>
<token t_id="16" sentence="0" number="15">to</token>
<token t_id="17" sentence="0" number="16">shareholders</token>
<token t_id="18" sentence="0" number="17">the</token>
<token t_id="19" sentence="0" number="18">money</token>
<token t_id="20" sentence="0" number="19">they</token>
<token t_id="21" sentence="0" number="20">had</token>
<token t_id="22" sentence="0" number="21">put</token>
<token t_id="23" sentence="0" number="22">into</token>
<token t_id="24" sentence="0" number="23">a</token>
<token t_id="25" sentence="0" number="24">complicated</token>
<token t_id="26" sentence="0" number="25">Russian</token>
<token t_id="27" sentence="0" number="26">venture</token>
<token t_id="28" sentence="0" number="27">.</token>
<token t_id="29" sentence="1" number="28">It</token>
<token t_id="30" sentence="1" number="29">said</token>
<token t_id="31" sentence="1" number="30">it</token>
<token t_id="32" sentence="1" number="31">''</token>
<token t_id="33" sentence="1" number="32">expected</token>
<token t_id="34" sentence="1" number="33">to</token>
<token t_id="35" sentence="1" number="34">return</token>
<token t_id="36" sentence="1" number="35">to</token>
<token t_id="37" sentence="1" number="36">BP</token>
<token t_id="38" sentence="1" number="37">shareholders</token>
<token t_id="39" sentence="1" number="38">an</token>
<token t_id="40" sentence="1" number="39">amount</token>
<token t_id="41" sentence="1" number="40">equivalent</token>
<token t_id="42" sentence="1" number="41">to</token>
<token t_id="43" sentence="1" number="42">the</token>
<token t_id="44" sentence="1" number="43">value</token>
<token t_id="45" sentence="1" number="44">of</token>
<token t_id="46" sentence="1" number="45">the</token>
<token t_id="47" sentence="1" number="46">company</token>
<token t_id="48" sentence="1" number="47">'s</token>
<token t_id="49" sentence="1" number="48">original</token>
<token t_id="50" sentence="1" number="49">investment</token>
<token t_id="51" sentence="1" number="50">in</token>
<token t_id="52" sentence="1" number="51">TNK-BP</token>
<token t_id="53" sentence="1" number="52">''</token>
<token t_id="54" sentence="1" number="53">.</token>
<token t_id="55" sentence="2" number="54">BP</token>
<token t_id="56" sentence="2" number="55">agreed</token>
<token t_id="57" sentence="2" number="56">to</token>
<token t_id="58" sentence="2" number="57">sell</token>
<token t_id="59" sentence="2" number="58">back</token>
<token t_id="60" sentence="2" number="59">its</token>
<token t_id="61" sentence="2" number="60">50</token>
<token t_id="62" sentence="2" number="61">%</token>
<token t_id="63" sentence="2" number="62">stake</token>
<token t_id="64" sentence="2" number="63">in</token>
<token t_id="65" sentence="2" number="64">TNK-BP</token>
<token t_id="66" sentence="2" number="65">to</token>
<token t_id="67" sentence="2" number="66">Russia</token>
<token t_id="68" sentence="2" number="67">'s</token>
<token t_id="69" sentence="2" number="68">Rosneft</token>
<token t_id="70" sentence="2" number="69">in</token>
<token t_id="71" sentence="2" number="70">October</token>
<token t_id="72" sentence="2" number="71">in</token>
<token t_id="73" sentence="2" number="72">return</token>
<token t_id="74" sentence="2" number="73">for</token>
<token t_id="75" sentence="2" number="74">$</token>
<token t_id="76" sentence="2" number="75">17.1</token>
<token t_id="77" sentence="2" number="76">bn</token>
<token t_id="78" sentence="2" number="77">in</token>
<token t_id="79" sentence="2" number="78">cash</token>
<token t_id="80" sentence="2" number="79">and</token>
<token t_id="81" sentence="2" number="80">shares</token>
<token t_id="82" sentence="2" number="81">.</token>
<token t_id="83" sentence="3" number="82">It</token>
<token t_id="84" sentence="3" number="83">invested</token>
<token t_id="85" sentence="3" number="84">in</token>
<token t_id="86" sentence="3" number="85">TNK-BP</token>
<token t_id="87" sentence="3" number="86">in</token>
<token t_id="88" sentence="3" number="87">2003</token>
<token t_id="89" sentence="3" number="88">.</token>
<token t_id="90" sentence="4" number="89">BP</token>
<token t_id="91" sentence="4" number="90">chairman</token>
<token t_id="92" sentence="4" number="91">Carl-Henric</token>
<token t_id="93" sentence="4" number="92">Svanberg</token>
<token t_id="94" sentence="4" number="93">said</token>
<token t_id="95" sentence="4" number="94">:</token>
<token t_id="96" sentence="4" number="95">``</token>
<token t_id="97" sentence="4" number="96">We</token>
<token t_id="98" sentence="4" number="97">expect</token>
<token t_id="99" sentence="4" number="98">our</token>
<token t_id="100" sentence="4" number="99">stake</token>
<token t_id="101" sentence="4" number="100">in</token>
<token t_id="102" sentence="4" number="101">Rosneft</token>
<token t_id="103" sentence="4" number="102">will</token>
<token t_id="104" sentence="4" number="103">generate</token>
<token t_id="105" sentence="4" number="104">long-term</token>
<token t_id="106" sentence="4" number="105">value</token>
<token t_id="107" sentence="4" number="106">for</token>
<token t_id="108" sentence="4" number="107">BP</token>
<token t_id="109" sentence="4" number="108">and</token>
<token t_id="110" sentence="4" number="109">its</token>
<token t_id="111" sentence="4" number="110">shareholders</token>
<token t_id="112" sentence="4" number="111">.</token>
<token t_id="113" sentence="5" number="112">But</token>
<token t_id="114" sentence="5" number="113">this</token>
<token t_id="115" sentence="5" number="114">buyback</token>
<token t_id="116" sentence="5" number="115">programme</token>
<token t_id="117" sentence="5" number="116">should</token>
<token t_id="118" sentence="5" number="117">also</token>
<token t_id="119" sentence="5" number="118">allow</token>
<token t_id="120" sentence="5" number="119">our</token>
<token t_id="121" sentence="5" number="120">shareholders</token>
<token t_id="122" sentence="5" number="121">to</token>
<token t_id="123" sentence="5" number="122">see</token>
<token t_id="124" sentence="5" number="123">benefits</token>
<token t_id="125" sentence="5" number="124">in</token>
<token t_id="126" sentence="5" number="125">the</token>
<token t_id="127" sentence="5" number="126">near-term</token>
<token t_id="128" sentence="5" number="127">from</token>
<token t_id="129" sentence="5" number="128">the</token>
<token t_id="130" sentence="5" number="129">value</token>
<token t_id="131" sentence="5" number="130">we</token>
<token t_id="132" sentence="5" number="131">have</token>
<token t_id="133" sentence="5" number="132">realised</token>
<token t_id="134" sentence="5" number="133">by</token>
<token t_id="135" sentence="5" number="134">reshaping</token>
<token t_id="136" sentence="5" number="135">our</token>
<token t_id="137" sentence="5" number="136">Russian</token>
<token t_id="138" sentence="5" number="137">business</token>
<token t_id="139" sentence="5" number="138">.</token>
<token t_id="140" sentence="5" number="139">''</token>
<token t_id="141" sentence="6" number="140">BP</token>
<token t_id="142" sentence="6" number="141">expects</token>
<token t_id="143" sentence="6" number="142">the</token>
<token t_id="144" sentence="6" number="143">share</token>
<token t_id="145" sentence="6" number="144">buyback</token>
<token t_id="146" sentence="6" number="145">programme</token>
<token t_id="147" sentence="6" number="146">could</token>
<token t_id="148" sentence="6" number="147">take</token>
<token t_id="149" sentence="6" number="148">between</token>
<token t_id="150" sentence="6" number="149">12</token>
<token t_id="151" sentence="6" number="150">and</token>
<token t_id="152" sentence="6" number="151">18</token>
<token t_id="153" sentence="6" number="152">months</token>
<token t_id="154" sentence="6" number="153">to</token>
<token t_id="155" sentence="6" number="154">complete</token>
<token t_id="156" sentence="6" number="155">.</token>
<token t_id="157" sentence="7" number="156">``</token>
<token t_id="158" sentence="7" number="157">In</token>
<token t_id="159" sentence="7" number="158">2003</token>
<token t_id="160" sentence="7" number="159">BP</token>
<token t_id="161" sentence="7" number="160">invested</token>
<token t_id="162" sentence="7" number="161">around</token>
<token t_id="163" sentence="7" number="162">$</token>
<token t_id="164" sentence="7" number="163">8bn</token>
<token t_id="165" sentence="7" number="164">in</token>
<token t_id="166" sentence="7" number="165">cash</token>
<token t_id="167" sentence="7" number="166">,</token>
<token t_id="168" sentence="7" number="167">shares</token>
<token t_id="169" sentence="7" number="168">and</token>
<token t_id="170" sentence="7" number="169">assets</token>
<token t_id="171" sentence="7" number="170">in</token>
<token t_id="172" sentence="7" number="171">the</token>
<token t_id="173" sentence="7" number="172">formation</token>
<token t_id="174" sentence="7" number="173">of</token>
<token t_id="175" sentence="7" number="174">TNK-BP</token>
<token t_id="176" sentence="7" number="175">,</token>
<token t_id="177" sentence="7" number="176">''</token>
<token t_id="178" sentence="7" number="177">the</token>
<token t_id="179" sentence="7" number="178">oil</token>
<token t_id="180" sentence="7" number="179">giant</token>
<token t_id="181" sentence="7" number="180">said</token>
<token t_id="182" sentence="7" number="181">.</token>
<token t_id="183" sentence="8" number="182">``</token>
<token t_id="184" sentence="8" number="183">Over</token>
<token t_id="185" sentence="8" number="184">the</token>
<token t_id="186" sentence="8" number="185">following</token>
<token t_id="187" sentence="8" number="186">decade</token>
<token t_id="188" sentence="8" number="187">BP</token>
<token t_id="189" sentence="8" number="188">received</token>
<token t_id="190" sentence="8" number="189">a</token>
<token t_id="191" sentence="8" number="190">total</token>
<token t_id="192" sentence="8" number="191">of</token>
<token t_id="193" sentence="8" number="192">$</token>
<token t_id="194" sentence="8" number="193">19bn</token>
<token t_id="195" sentence="8" number="194">in</token>
<token t_id="196" sentence="8" number="195">dividends</token>
<token t_id="197" sentence="8" number="196">from</token>
<token t_id="198" sentence="8" number="197">the</token>
<token t_id="199" sentence="8" number="198">joint</token>
<token t_id="200" sentence="8" number="199">venture</token>
<token t_id="201" sentence="8" number="200">.</token>
<token t_id="202" sentence="8" number="201">''</token>
<token t_id="203" sentence="9" number="202">Although</token>
<token t_id="204" sentence="9" number="203">BP</token>
<token t_id="205" sentence="9" number="204">'s</token>
<token t_id="206" sentence="9" number="205">involvement</token>
<token t_id="207" sentence="9" number="206">in</token>
<token t_id="208" sentence="9" number="207">the</token>
<token t_id="209" sentence="9" number="208">Russian</token>
<token t_id="210" sentence="9" number="209">joint</token>
<token t_id="211" sentence="9" number="210">venture</token>
<token t_id="212" sentence="9" number="211">has</token>
<token t_id="213" sentence="9" number="212">been</token>
<token t_id="214" sentence="9" number="213">lucrative</token>
<token t_id="215" sentence="9" number="214">,</token>
<token t_id="216" sentence="9" number="215">relations</token>
<token t_id="217" sentence="9" number="216">with</token>
<token t_id="218" sentence="9" number="217">its</token>
<token t_id="219" sentence="9" number="218">partners</token>
<token t_id="220" sentence="9" number="219">have</token>
<token t_id="221" sentence="9" number="220">often</token>
<token t_id="222" sentence="9" number="221">been</token>
<token t_id="223" sentence="9" number="222">fraught</token>
<token t_id="224" sentence="9" number="223">with</token>
<token t_id="225" sentence="9" number="224">disagreement</token>
<token t_id="226" sentence="9" number="225">.</token>
<token t_id="227" sentence="10" number="226">In</token>
<token t_id="228" sentence="10" number="227">2011</token>
<token t_id="229" sentence="10" number="228">,</token>
<token t_id="230" sentence="10" number="229">the</token>
<token t_id="231" sentence="10" number="230">AAR</token>
<token t_id="232" sentence="10" number="231">consortium</token>
<token t_id="233" sentence="10" number="232">attempted</token>
<token t_id="234" sentence="10" number="233">to</token>
<token t_id="235" sentence="10" number="234">block</token>
<token t_id="236" sentence="10" number="235">a</token>
<token t_id="237" sentence="10" number="236">drilling</token>
<token t_id="238" sentence="10" number="237">joint</token>
<token t_id="239" sentence="10" number="238">venture</token>
<token t_id="240" sentence="10" number="239">in</token>
<token t_id="241" sentence="10" number="240">the</token>
<token t_id="242" sentence="10" number="241">Arctic</token>
<token t_id="243" sentence="10" number="242">between</token>
<token t_id="244" sentence="10" number="243">BP</token>
<token t_id="245" sentence="10" number="244">and</token>
<token t_id="246" sentence="10" number="245">Rosneft</token>
<token t_id="247" sentence="10" number="246">through</token>
<token t_id="248" sentence="10" number="247">the</token>
<token t_id="249" sentence="10" number="248">courts</token>
<token t_id="250" sentence="10" number="249">and</token>
<token t_id="251" sentence="10" number="250">the</token>
<token t_id="252" sentence="10" number="251">plan</token>
<token t_id="253" sentence="10" number="252">was</token>
<token t_id="254" sentence="10" number="253">eventually</token>
<token t_id="255" sentence="10" number="254">dropped</token>
<token t_id="256" sentence="10" number="255">.</token>
<token t_id="257" sentence="11" number="256">As</token>
<token t_id="258" sentence="11" number="257">well</token>
<token t_id="259" sentence="11" number="258">as</token>
<token t_id="260" sentence="11" number="259">internal</token>
<token t_id="261" sentence="11" number="260">wrangles</token>
<token t_id="262" sentence="11" number="261">,</token>
<token t_id="263" sentence="11" number="262">BP</token>
<token t_id="264" sentence="11" number="263">employees</token>
<token t_id="265" sentence="11" number="264">at</token>
<token t_id="266" sentence="11" number="265">TNK-BP</token>
<token t_id="267" sentence="11" number="266">have</token>
<token t_id="268" sentence="11" number="267">fallen</token>
<token t_id="269" sentence="11" number="268">foul</token>
<token t_id="270" sentence="11" number="269">of</token>
<token t_id="271" sentence="11" number="270">Russian</token>
<token t_id="272" sentence="11" number="271">authorities</token>
<token t_id="273" sentence="11" number="272">.</token>
<token t_id="274" sentence="12" number="273">While</token>
<token t_id="275" sentence="12" number="274">serving</token>
<token t_id="276" sentence="12" number="275">as</token>
<token t_id="277" sentence="12" number="276">head</token>
<token t_id="278" sentence="12" number="277">of</token>
<token t_id="279" sentence="12" number="278">TNK-BP</token>
<token t_id="280" sentence="12" number="279">,</token>
<token t_id="281" sentence="12" number="280">Bob</token>
<token t_id="282" sentence="12" number="281">Dudley</token>
<token t_id="283" sentence="12" number="282">-</token>
<token t_id="284" sentence="12" number="283">now</token>
<token t_id="285" sentence="12" number="284">the</token>
<token t_id="286" sentence="12" number="285">head</token>
<token t_id="287" sentence="12" number="286">of</token>
<token t_id="288" sentence="12" number="287">BP</token>
<token t_id="289" sentence="12" number="288">as</token>
<token t_id="290" sentence="12" number="289">a</token>
<token t_id="291" sentence="12" number="290">whole</token>
<token t_id="292" sentence="12" number="291">-</token>
<token t_id="293" sentence="12" number="292">had</token>
<token t_id="294" sentence="12" number="293">his</token>
<token t_id="295" sentence="12" number="294">office</token>
<token t_id="296" sentence="12" number="295">bugged</token>
<token t_id="297" sentence="12" number="296">and</token>
<token t_id="298" sentence="12" number="297">raided</token>
<token t_id="299" sentence="12" number="298">by</token>
<token t_id="300" sentence="12" number="299">the</token>
<token t_id="301" sentence="12" number="300">police</token>
<token t_id="302" sentence="12" number="301">and</token>
<token t_id="303" sentence="12" number="302">met</token>
<token t_id="304" sentence="12" number="303">with</token>
<token t_id="305" sentence="12" number="304">onerous</token>
<token t_id="306" sentence="12" number="305">back-tax</token>
<token t_id="307" sentence="12" number="306">demands</token>
<token t_id="308" sentence="12" number="307">,</token>
<token t_id="309" sentence="12" number="308">legal</token>
<token t_id="310" sentence="12" number="309">action</token>
<token t_id="311" sentence="12" number="310">and</token>
<token t_id="312" sentence="12" number="311">visa</token>
<token t_id="313" sentence="12" number="312">problems</token>
<token t_id="314" sentence="12" number="313">.</token>
<token t_id="315" sentence="13" number="314">He</token>
<token t_id="316" sentence="13" number="315">eventually</token>
<token t_id="317" sentence="13" number="316">fled</token>
<token t_id="318" sentence="13" number="317">the</token>
<token t_id="319" sentence="13" number="318">country</token>
<token t_id="320" sentence="13" number="319">in</token>
<token t_id="321" sentence="13" number="320">2008</token>
<token t_id="322" sentence="13" number="321">.</token>
<token t_id="323" sentence="14" number="322">But</token>
<token t_id="324" sentence="14" number="323">the</token>
<token t_id="325" sentence="14" number="324">tie-up</token>
<token t_id="326" sentence="14" number="325">with</token>
<token t_id="327" sentence="14" number="326">Rosneft</token>
<token t_id="328" sentence="14" number="327">will</token>
<token t_id="329" sentence="14" number="328">keep</token>
<token t_id="330" sentence="14" number="329">BP</token>
<token t_id="331" sentence="14" number="330">in</token>
<token t_id="332" sentence="14" number="331">Russia</token>
<token t_id="333" sentence="14" number="332">,</token>
<token t_id="334" sentence="14" number="333">allowing</token>
<token t_id="335" sentence="14" number="334">it</token>
<token t_id="336" sentence="14" number="335">to</token>
<token t_id="337" sentence="14" number="336">continue</token>
<token t_id="338" sentence="14" number="337">to</token>
<token t_id="339" sentence="14" number="338">explore</token>
<token t_id="340" sentence="14" number="339">and</token>
<token t_id="341" sentence="14" number="340">exploit</token>
<token t_id="342" sentence="14" number="341">the</token>
<token t_id="343" sentence="14" number="342">country</token>
<token t_id="344" sentence="14" number="343">'s</token>
<token t_id="345" sentence="14" number="344">vast</token>
<token t_id="346" sentence="14" number="345">energy</token>
<token t_id="347" sentence="14" number="346">resources</token>
<token t_id="348" sentence="14" number="347">,</token>
<token t_id="349" sentence="14" number="348">including</token>
<token t_id="350" sentence="14" number="349">in</token>
<token t_id="351" sentence="14" number="350">the</token>
<token t_id="352" sentence="14" number="351">Arctic</token>
<token t_id="353" sentence="14" number="352">region</token>
<token t_id="354" sentence="14" number="353">.</token>
<token t_id="355" sentence="15" number="354">And</token>
<token t_id="356" sentence="15" number="355">Rosneft</token>
<token t_id="357" sentence="15" number="356">benefits</token>
<token t_id="358" sentence="15" number="357">from</token>
<token t_id="359" sentence="15" number="358">BP</token>
<token t_id="360" sentence="15" number="359">'s</token>
<token t_id="361" sentence="15" number="360">expertise</token>
<token t_id="362" sentence="15" number="361">in</token>
<token t_id="363" sentence="15" number="362">exploring</token>
<token t_id="364" sentence="15" number="363">in</token>
<token t_id="365" sentence="15" number="364">difficult</token>
<token t_id="366" sentence="15" number="365">and</token>
<token t_id="367" sentence="15" number="366">potentially</token>
<token t_id="368" sentence="15" number="367">hazardous</token>
<token t_id="369" sentence="15" number="368">conditions</token>
<token t_id="370" sentence="15" number="369">.</token>


<Markables>
<ATTRIBUTION m_id="1" quote="true"  >
<token_anchor t_id="1"/>
<token_anchor t_id="2"/>
<token_anchor t_id="3"/>
<token_anchor t_id="4"/>
<token_anchor t_id="5"/>
</ATTRIBUTION>
<ATTRIBUTION m_id="3" quote="true"  >
<token_anchor t_id="29"/>
<token_anchor t_id="30"/>
</ATTRIBUTION>
<ATTRIBUTION m_id="4" quote="false"  >
<token_anchor t_id="55"/>
<token_anchor t_id="56"/>
</ATTRIBUTION>
<ATTRIBUTION m_id="6" quote="true"  >
<token_anchor t_id="90"/>
<token_anchor t_id="91"/>
<token_anchor t_id="92"/>
<token_anchor t_id="93"/>
<token_anchor t_id="94"/>
</ATTRIBUTION>
<ATTRIBUTION m_id="9" quote="false"  >
<token_anchor t_id="141"/>
<token_anchor t_id="142"/>
</ATTRIBUTION>
<ATTRIBUTION m_id="10" quote="true"  >
<token_anchor t_id="178"/>
<token_anchor t_id="179"/>
<token_anchor t_id="180"/>
<token_anchor t_id="181"/>
</ATTRIBUTION>
<BACKGROUND m_id="13" previous-episodes="false"  >
<token_anchor t_id="227"/>
<token_anchor t_id="228"/>
<token_anchor t_id="229"/>
<token_anchor t_id="230"/>
<token_anchor t_id="231"/>
<token_anchor t_id="232"/>
<token_anchor t_id="233"/>
</BACKGROUND>
<BACKGROUND m_id="14" previous-episodes="false"  >
<token_anchor t_id="250"/>
<token_anchor t_id="251"/>
<token_anchor t_id="252"/>
<token_anchor t_id="253"/>
<token_anchor t_id="254"/>
<token_anchor t_id="255"/>
</BACKGROUND>
<BACKGROUND m_id="15" previous-episodes="false"  >
<token_anchor t_id="257"/>
<token_anchor t_id="258"/>
<token_anchor t_id="259"/>
<token_anchor t_id="260"/>
<token_anchor t_id="261"/>
<token_anchor t_id="262"/>
<token_anchor t_id="263"/>
<token_anchor t_id="264"/>
<token_anchor t_id="265"/>
<token_anchor t_id="266"/>
<token_anchor t_id="267"/>
<token_anchor t_id="268"/>
<token_anchor t_id="269"/>
<token_anchor t_id="270"/>
<token_anchor t_id="271"/>
<token_anchor t_id="272"/>
</BACKGROUND>
<BACKGROUND m_id="16" previous-episodes="false"  >
<token_anchor t_id="274"/>
<token_anchor t_id="275"/>
<token_anchor t_id="276"/>
<token_anchor t_id="277"/>
<token_anchor t_id="278"/>
<token_anchor t_id="279"/>
</BACKGROUND>
<BACKGROUND m_id="17" previous-episodes="false"  >
<token_anchor t_id="281"/>
<token_anchor t_id="282"/>
<token_anchor t_id="283"/>
<token_anchor t_id="284"/>
<token_anchor t_id="285"/>
<token_anchor t_id="286"/>
<token_anchor t_id="287"/>
<token_anchor t_id="288"/>
<token_anchor t_id="289"/>
<token_anchor t_id="290"/>
<token_anchor t_id="291"/>
<token_anchor t_id="292"/>
<token_anchor t_id="293"/>
<token_anchor t_id="294"/>
<token_anchor t_id="295"/>
<token_anchor t_id="296"/>
<token_anchor t_id="297"/>
<token_anchor t_id="298"/>
<token_anchor t_id="299"/>
<token_anchor t_id="300"/>
<token_anchor t_id="301"/>
</BACKGROUND>
<BACKGROUND m_id="18" previous-episodes="false"  >
<token_anchor t_id="302"/>
<token_anchor t_id="303"/>
<token_anchor t_id="304"/>
<token_anchor t_id="305"/>
<token_anchor t_id="306"/>
<token_anchor t_id="307"/>
<token_anchor t_id="308"/>
<token_anchor t_id="309"/>
<token_anchor t_id="310"/>
<token_anchor t_id="311"/>
<token_anchor t_id="312"/>
<token_anchor t_id="313"/>
</BACKGROUND>
<BACKGROUND m_id="19" previous-episodes="false"  >
<token_anchor t_id="315"/>
<token_anchor t_id="316"/>
<token_anchor t_id="317"/>
<token_anchor t_id="318"/>
<token_anchor t_id="319"/>
<token_anchor t_id="320"/>
<token_anchor t_id="321"/>
</BACKGROUND>
<BACKGROUND m_id="23" previous-episodes="false"  >
<token_anchor t_id="234"/>
<token_anchor t_id="235"/>
<token_anchor t_id="236"/>
<token_anchor t_id="237"/>
<token_anchor t_id="238"/>
<token_anchor t_id="239"/>
<token_anchor t_id="240"/>
<token_anchor t_id="241"/>
<token_anchor t_id="242"/>
<token_anchor t_id="243"/>
<token_anchor t_id="244"/>
<token_anchor t_id="245"/>
<token_anchor t_id="246"/>
<token_anchor t_id="247"/>
<token_anchor t_id="248"/>
<token_anchor t_id="249"/>
</BACKGROUND>
<BACKGROUND m_id="31" previous-episodes="false"  >
<token_anchor t_id="203"/>
<token_anchor t_id="204"/>
<token_anchor t_id="205"/>
<token_anchor t_id="206"/>
<token_anchor t_id="207"/>
<token_anchor t_id="208"/>
<token_anchor t_id="209"/>
<token_anchor t_id="210"/>
<token_anchor t_id="211"/>
<token_anchor t_id="212"/>
<token_anchor t_id="213"/>
<token_anchor t_id="214"/>
</BACKGROUND>
<BACKGROUND m_id="32" previous-episodes="false"  >
<token_anchor t_id="216"/>
<token_anchor t_id="217"/>
<token_anchor t_id="218"/>
<token_anchor t_id="219"/>
<token_anchor t_id="220"/>
<token_anchor t_id="221"/>
<token_anchor t_id="222"/>
<token_anchor t_id="223"/>
<token_anchor t_id="224"/>
<token_anchor t_id="225"/>
</BACKGROUND>
<BACKGROUND m_id="37" previous-episodes="false"  >
<token_anchor t_id="134"/>
<token_anchor t_id="135"/>
<token_anchor t_id="136"/>
<token_anchor t_id="137"/>
<token_anchor t_id="138"/>
</BACKGROUND>
<BACKGROUND m_id="5" previous-episodes="false"  >
<token_anchor t_id="83"/>
<token_anchor t_id="84"/>
<token_anchor t_id="85"/>
<token_anchor t_id="86"/>
<token_anchor t_id="87"/>
<token_anchor t_id="88"/>
</BACKGROUND>
<BACKGROUND m_id="8" previous-episodes="false"  >
<token_anchor t_id="57"/>
<token_anchor t_id="58"/>
<token_anchor t_id="59"/>
<token_anchor t_id="60"/>
<token_anchor t_id="61"/>
<token_anchor t_id="62"/>
<token_anchor t_id="63"/>
<token_anchor t_id="64"/>
<token_anchor t_id="65"/>
<token_anchor t_id="66"/>
<token_anchor t_id="67"/>
<token_anchor t_id="68"/>
<token_anchor t_id="69"/>
<token_anchor t_id="70"/>
<token_anchor t_id="71"/>
<token_anchor t_id="72"/>
<token_anchor t_id="73"/>
<token_anchor t_id="74"/>
<token_anchor t_id="75"/>
<token_anchor t_id="76"/>
<token_anchor t_id="77"/>
<token_anchor t_id="78"/>
<token_anchor t_id="79"/>
<token_anchor t_id="80"/>
<token_anchor t_id="81"/>
</BACKGROUND>
<BACKGROUND m_id="11" previous-episodes="false"  >
<token_anchor t_id="158"/>
<token_anchor t_id="159"/>
<token_anchor t_id="160"/>
<token_anchor t_id="161"/>
<token_anchor t_id="162"/>
<token_anchor t_id="163"/>
<token_anchor t_id="164"/>
<token_anchor t_id="165"/>
<token_anchor t_id="166"/>
<token_anchor t_id="167"/>
<token_anchor t_id="168"/>
<token_anchor t_id="169"/>
<token_anchor t_id="170"/>
<token_anchor t_id="171"/>
<token_anchor t_id="172"/>
<token_anchor t_id="173"/>
<token_anchor t_id="174"/>
<token_anchor t_id="175"/>
</BACKGROUND>
<BACKGROUND m_id="12" previous-episodes="false"  >
<token_anchor t_id="184"/>
<token_anchor t_id="185"/>
<token_anchor t_id="186"/>
<token_anchor t_id="187"/>
<token_anchor t_id="188"/>
<token_anchor t_id="189"/>
<token_anchor t_id="190"/>
<token_anchor t_id="191"/>
<token_anchor t_id="192"/>
<token_anchor t_id="193"/>
<token_anchor t_id="194"/>
<token_anchor t_id="195"/>
<token_anchor t_id="196"/>
<token_anchor t_id="197"/>
<token_anchor t_id="198"/>
<token_anchor t_id="199"/>
<token_anchor t_id="200"/>
</BACKGROUND>
<EVALUATION m_id="21"  >
<token_anchor t_id="355"/>
<token_anchor t_id="356"/>
<token_anchor t_id="357"/>
<token_anchor t_id="358"/>
<token_anchor t_id="359"/>
<token_anchor t_id="360"/>
<token_anchor t_id="361"/>
<token_anchor t_id="362"/>
<token_anchor t_id="363"/>
<token_anchor t_id="364"/>
<token_anchor t_id="365"/>
<token_anchor t_id="366"/>
<token_anchor t_id="367"/>
<token_anchor t_id="368"/>
<token_anchor t_id="369"/>
</EVALUATION>
<EVALUATION m_id="27"  >
<token_anchor t_id="97"/>
<token_anchor t_id="98"/>
</EVALUATION>
<EXPECTATION m_id="22"  >
<token_anchor t_id="113"/>
<token_anchor t_id="114"/>
<token_anchor t_id="115"/>
<token_anchor t_id="116"/>
<token_anchor t_id="117"/>
<token_anchor t_id="118"/>
<token_anchor t_id="119"/>
<token_anchor t_id="120"/>
<token_anchor t_id="121"/>
</EXPECTATION>
<EXPECTATION m_id="28"  >
<token_anchor t_id="122"/>
<token_anchor t_id="123"/>
<token_anchor t_id="124"/>
<token_anchor t_id="125"/>
<token_anchor t_id="126"/>
<token_anchor t_id="127"/>
<token_anchor t_id="128"/>
<token_anchor t_id="129"/>
<token_anchor t_id="130"/>
<token_anchor t_id="131"/>
<token_anchor t_id="132"/>
<token_anchor t_id="133"/>
</EXPECTATION>
<EXPECTATION m_id="29"  >
<token_anchor t_id="143"/>
<token_anchor t_id="144"/>
<token_anchor t_id="145"/>
<token_anchor t_id="146"/>
<token_anchor t_id="147"/>
<token_anchor t_id="148"/>
<token_anchor t_id="149"/>
<token_anchor t_id="150"/>
<token_anchor t_id="151"/>
<token_anchor t_id="152"/>
<token_anchor t_id="153"/>
</EXPECTATION>
<EXPECTATION m_id="30"  >
<token_anchor t_id="154"/>
<token_anchor t_id="155"/>
</EXPECTATION>
<EXPECTATION m_id="7"  >
<token_anchor t_id="99"/>
<token_anchor t_id="100"/>
<token_anchor t_id="101"/>
<token_anchor t_id="102"/>
<token_anchor t_id="103"/>
<token_anchor t_id="104"/>
<token_anchor t_id="105"/>
<token_anchor t_id="106"/>
<token_anchor t_id="107"/>
<token_anchor t_id="108"/>
<token_anchor t_id="109"/>
<token_anchor t_id="110"/>
<token_anchor t_id="111"/>
</EXPECTATION>
<FOLLOW-UP m_id="20" anchor="future"  >
<token_anchor t_id="323"/>
<token_anchor t_id="324"/>
<token_anchor t_id="325"/>
<token_anchor t_id="326"/>
<token_anchor t_id="327"/>
<token_anchor t_id="328"/>
<token_anchor t_id="329"/>
<token_anchor t_id="330"/>
<token_anchor t_id="331"/>
<token_anchor t_id="332"/>
</FOLLOW-UP>
<FOLLOW-UP m_id="33" anchor="future"  >
<token_anchor t_id="334"/>
<token_anchor t_id="335"/>
</FOLLOW-UP>
<FOLLOW-UP m_id="34" anchor="future"  >
<token_anchor t_id="336"/>
<token_anchor t_id="337"/>
</FOLLOW-UP>
<FOLLOW-UP m_id="35" anchor="future"  >
<token_anchor t_id="338"/>
<token_anchor t_id="339"/>
</FOLLOW-UP>
<FOLLOW-UP m_id="36" anchor="future"  >
<token_anchor t_id="340"/>
<token_anchor t_id="341"/>
<token_anchor t_id="342"/>
<token_anchor t_id="343"/>
<token_anchor t_id="344"/>
<token_anchor t_id="345"/>
<token_anchor t_id="346"/>
<token_anchor t_id="347"/>
<token_anchor t_id="348"/>
<token_anchor t_id="349"/>
<token_anchor t_id="350"/>
<token_anchor t_id="351"/>
<token_anchor t_id="352"/>
<token_anchor t_id="353"/>
</FOLLOW-UP>
<FOREGROUND m_id="24" type="narration"  >
<token_anchor t_id="15"/>
<token_anchor t_id="16"/>
<token_anchor t_id="17"/>
<token_anchor t_id="18"/>
<token_anchor t_id="19"/>
<token_anchor t_id="20"/>
<token_anchor t_id="21"/>
<token_anchor t_id="22"/>
<token_anchor t_id="23"/>
<token_anchor t_id="24"/>
<token_anchor t_id="25"/>
<token_anchor t_id="26"/>
<token_anchor t_id="27"/>
</FOREGROUND>
<FOREGROUND m_id="25" type="narration"  >
<token_anchor t_id="31"/>
<token_anchor t_id="32"/>
<token_anchor t_id="33"/>
</FOREGROUND>
<FOREGROUND m_id="26" type="narration"  >
<token_anchor t_id="34"/>
<token_anchor t_id="35"/>
<token_anchor t_id="36"/>
<token_anchor t_id="37"/>
<token_anchor t_id="38"/>
<token_anchor t_id="39"/>
<token_anchor t_id="40"/>
<token_anchor t_id="41"/>
<token_anchor t_id="42"/>
<token_anchor t_id="43"/>
<token_anchor t_id="44"/>
<token_anchor t_id="45"/>
<token_anchor t_id="46"/>
<token_anchor t_id="47"/>
<token_anchor t_id="48"/>
<token_anchor t_id="49"/>
<token_anchor t_id="50"/>
<token_anchor t_id="51"/>
<token_anchor t_id="52"/>
</FOREGROUND>
<FOREGROUND m_id="2" type="narration"  >
<token_anchor t_id="6"/>
<token_anchor t_id="7"/>
<token_anchor t_id="8"/>
<token_anchor t_id="9"/>
<token_anchor t_id="10"/>
<token_anchor t_id="11"/>
<token_anchor t_id="12"/>
<token_anchor t_id="13"/>
</FOREGROUND>


</Markables>

<Relations>
</Relations>
</Document>
