<Document doc_name="bbc_20130322_721">
<token t_id="1" sentence="0" number="0">Russian</token>
<token t_id="2" sentence="0" number="1">police</token>
<token t_id="3" sentence="0" number="2">and</token>
<token t_id="4" sentence="0" number="3">tax</token>
<token t_id="5" sentence="0" number="4">inspectors</token>
<token t_id="6" sentence="0" number="5">have</token>
<token t_id="7" sentence="0" number="6">raided</token>
<token t_id="8" sentence="0" number="7">the</token>
<token t_id="9" sentence="0" number="8">offices</token>
<token t_id="10" sentence="0" number="9">of</token>
<token t_id="11" sentence="0" number="10">the</token>
<token t_id="12" sentence="0" number="11">human</token>
<token t_id="13" sentence="0" number="12">rights</token>
<token t_id="14" sentence="0" number="13">group</token>
<token t_id="15" sentence="0" number="14">Memorial</token>
<token t_id="16" sentence="0" number="15">and</token>
<token t_id="17" sentence="0" number="16">other</token>
<token t_id="18" sentence="0" number="17">civil</token>
<token t_id="19" sentence="0" number="18">society</token>
<token t_id="20" sentence="0" number="19">groups</token>
<token t_id="21" sentence="0" number="20">which</token>
<token t_id="22" sentence="0" number="21">get</token>
<token t_id="23" sentence="0" number="22">foreign</token>
<token t_id="24" sentence="0" number="23">funding</token>
<token t_id="25" sentence="0" number="24">.</token>
<token t_id="26" sentence="1" number="25">Memorial</token>
<token t_id="27" sentence="1" number="26">is</token>
<token t_id="28" sentence="1" number="27">famous</token>
<token t_id="29" sentence="1" number="28">for</token>
<token t_id="30" sentence="1" number="29">documenting</token>
<token t_id="31" sentence="1" number="30">human</token>
<token t_id="32" sentence="1" number="31">rights</token>
<token t_id="33" sentence="1" number="32">abuses</token>
<token t_id="34" sentence="1" number="33">in</token>
<token t_id="35" sentence="1" number="34">Russia</token>
<token t_id="36" sentence="1" number="35">.</token>
<token t_id="37" sentence="2" number="36">The</token>
<token t_id="38" sentence="2" number="37">US</token>
<token t_id="39" sentence="2" number="38">embassy</token>
<token t_id="40" sentence="2" number="39">in</token>
<token t_id="41" sentence="2" number="40">Moscow</token>
<token t_id="42" sentence="2" number="41">has</token>
<token t_id="43" sentence="2" number="42">voiced</token>
<token t_id="44" sentence="2" number="43">concern</token>
<token t_id="45" sentence="2" number="44">and</token>
<token t_id="46" sentence="2" number="45">asked</token>
<token t_id="47" sentence="2" number="46">the</token>
<token t_id="48" sentence="2" number="47">Russian</token>
<token t_id="49" sentence="2" number="48">government</token>
<token t_id="50" sentence="2" number="49">for</token>
<token t_id="51" sentence="2" number="50">an</token>
<token t_id="52" sentence="2" number="51">explanation</token>
<token t_id="53" sentence="2" number="52">.</token>
<token t_id="54" sentence="3" number="53">A</token>
<token t_id="55" sentence="3" number="54">new</token>
<token t_id="56" sentence="3" number="55">Russian</token>
<token t_id="57" sentence="3" number="56">law</token>
<token t_id="58" sentence="3" number="57">says</token>
<token t_id="59" sentence="3" number="58">foreign-funded</token>
<token t_id="60" sentence="3" number="59">non-governmental</token>
<token t_id="61" sentence="3" number="60">groups</token>
<token t_id="62" sentence="3" number="61">-LRB-</token>
<token t_id="63" sentence="3" number="62">NGOs</token>
<token t_id="64" sentence="3" number="63">-RRB-</token>
<token t_id="65" sentence="3" number="64">linked</token>
<token t_id="66" sentence="3" number="65">to</token>
<token t_id="67" sentence="3" number="66">politics</token>
<token t_id="68" sentence="3" number="67">must</token>
<token t_id="69" sentence="3" number="68">register</token>
<token t_id="70" sentence="3" number="69">as</token>
<token t_id="71" sentence="3" number="70">``</token>
<token t_id="72" sentence="3" number="71">foreign</token>
<token t_id="73" sentence="3" number="72">agents</token>
<token t_id="74" sentence="3" number="73">''</token>
<token t_id="75" sentence="3" number="74">-</token>
<token t_id="76" sentence="3" number="75">a</token>
<token t_id="77" sentence="3" number="76">term</token>
<token t_id="78" sentence="3" number="77">which</token>
<token t_id="79" sentence="3" number="78">suggests</token>
<token t_id="80" sentence="3" number="79">spying</token>
<token t_id="81" sentence="3" number="80">.</token>
<token t_id="82" sentence="4" number="81">In</token>
<token t_id="83" sentence="4" number="82">the</token>
<token t_id="84" sentence="4" number="83">worst</token>
<token t_id="85" sentence="4" number="84">repressions</token>
<token t_id="86" sentence="4" number="85">of</token>
<token t_id="87" sentence="4" number="86">the</token>
<token t_id="88" sentence="4" number="87">Soviet</token>
<token t_id="89" sentence="4" number="88">period</token>
<token t_id="90" sentence="4" number="89">the</token>
<token t_id="91" sentence="4" number="90">label</token>
<token t_id="92" sentence="4" number="91">``</token>
<token t_id="93" sentence="4" number="92">foreign</token>
<token t_id="94" sentence="4" number="93">agents</token>
<token t_id="95" sentence="4" number="94">''</token>
<token t_id="96" sentence="4" number="95">was</token>
<token t_id="97" sentence="4" number="96">used</token>
<token t_id="98" sentence="4" number="97">to</token>
<token t_id="99" sentence="4" number="98">denounce</token>
<token t_id="100" sentence="4" number="99">dissidents</token>
<token t_id="101" sentence="4" number="100">-</token>
<token t_id="102" sentence="4" number="101">or</token>
<token t_id="103" sentence="4" number="102">simply</token>
<token t_id="104" sentence="4" number="103">political</token>
<token t_id="105" sentence="4" number="104">rivals</token>
<token t_id="106" sentence="4" number="105">of</token>
<token t_id="107" sentence="4" number="106">Joseph</token>
<token t_id="108" sentence="4" number="107">Stalin</token>
<token t_id="109" sentence="4" number="108">-</token>
<token t_id="110" sentence="4" number="109">and</token>
<token t_id="111" sentence="4" number="110">could</token>
<token t_id="112" sentence="4" number="111">lead</token>
<token t_id="113" sentence="4" number="112">to</token>
<token t_id="114" sentence="4" number="113">execution</token>
<token t_id="115" sentence="4" number="114">.</token>
<token t_id="116" sentence="5" number="115">Memorial</token>
<token t_id="117" sentence="5" number="116">says</token>
<token t_id="118" sentence="5" number="117">inspectors</token>
<token t_id="119" sentence="5" number="118">returned</token>
<token t_id="120" sentence="5" number="119">to</token>
<token t_id="121" sentence="5" number="120">its</token>
<token t_id="122" sentence="5" number="121">Moscow</token>
<token t_id="123" sentence="5" number="122">offices</token>
<token t_id="124" sentence="5" number="123">on</token>
<token t_id="125" sentence="5" number="124">Friday</token>
<token t_id="126" sentence="5" number="125">,</token>
<token t_id="127" sentence="5" number="126">having</token>
<token t_id="128" sentence="5" number="127">already</token>
<token t_id="129" sentence="5" number="128">seized</token>
<token t_id="130" sentence="5" number="129">600</token>
<token t_id="131" sentence="5" number="130">documents</token>
<token t_id="132" sentence="5" number="131">including</token>
<token t_id="133" sentence="5" number="132">accounts</token>
<token t_id="134" sentence="5" number="133">on</token>
<token t_id="135" sentence="5" number="134">Thursday</token>
<token t_id="136" sentence="5" number="135">.</token>
<token t_id="137" sentence="6" number="136">A</token>
<token t_id="138" sentence="6" number="137">statement</token>
<token t_id="139" sentence="6" number="138">on</token>
<token t_id="140" sentence="6" number="139">the</token>
<token t_id="141" sentence="6" number="140">Memorial</token>
<token t_id="142" sentence="6" number="141">website</token>
<token t_id="143" sentence="6" number="142">said</token>
<token t_id="144" sentence="6" number="143">the</token>
<token t_id="145" sentence="6" number="144">inspections</token>
<token t_id="146" sentence="6" number="145">were</token>
<token t_id="147" sentence="6" number="146">directly</token>
<token t_id="148" sentence="6" number="147">linked</token>
<token t_id="149" sentence="6" number="148">to</token>
<token t_id="150" sentence="6" number="149">the</token>
<token t_id="151" sentence="6" number="150">new</token>
<token t_id="152" sentence="6" number="151">law</token>
<token t_id="153" sentence="6" number="152">on</token>
<token t_id="154" sentence="6" number="153">NGOs</token>
<token t_id="155" sentence="6" number="154">and</token>
<token t_id="156" sentence="6" number="155">the</token>
<token t_id="157" sentence="6" number="156">targeted</token>
<token t_id="158" sentence="6" number="157">groups</token>
<token t_id="159" sentence="6" number="158">'</token>
<token t_id="160" sentence="6" number="159">compliance</token>
<token t_id="161" sentence="6" number="160">with</token>
<token t_id="162" sentence="6" number="161">it</token>
<token t_id="163" sentence="6" number="162">.</token>
<token t_id="164" sentence="7" number="163">Memorial</token>
<token t_id="165" sentence="7" number="164">director</token>
<token t_id="166" sentence="7" number="165">Arseny</token>
<token t_id="167" sentence="7" number="166">Roginsky</token>
<token t_id="168" sentence="7" number="167">,</token>
<token t_id="169" sentence="7" number="168">quoted</token>
<token t_id="170" sentence="7" number="169">by</token>
<token t_id="171" sentence="7" number="170">the</token>
<token t_id="172" sentence="7" number="171">Russian</token>
<token t_id="173" sentence="7" number="172">news</token>
<token t_id="174" sentence="7" number="173">website</token>
<token t_id="175" sentence="7" number="174">Vesti</token>
<token t_id="176" sentence="7" number="175">,</token>
<token t_id="177" sentence="7" number="176">said</token>
<token t_id="178" sentence="7" number="177">it</token>
<token t_id="179" sentence="7" number="178">was</token>
<token t_id="180" sentence="7" number="179">``</token>
<token t_id="181" sentence="7" number="180">a</token>
<token t_id="182" sentence="7" number="181">complete</token>
<token t_id="183" sentence="7" number="182">check</token>
<token t_id="184" sentence="7" number="183">on</token>
<token t_id="185" sentence="7" number="184">everything</token>
<token t_id="186" sentence="7" number="185">concerned</token>
<token t_id="187" sentence="7" number="186">with</token>
<token t_id="188" sentence="7" number="187">our</token>
<token t_id="189" sentence="7" number="188">sources</token>
<token t_id="190" sentence="7" number="189">of</token>
<token t_id="191" sentence="7" number="190">funding</token>
<token t_id="192" sentence="7" number="191">''</token>
<token t_id="193" sentence="7" number="192">.</token>
<token t_id="194" sentence="8" number="193">He</token>
<token t_id="195" sentence="8" number="194">insisted</token>
<token t_id="196" sentence="8" number="195">that</token>
<token t_id="197" sentence="8" number="196">the</token>
<token t_id="198" sentence="8" number="197">NGO</token>
<token t_id="199" sentence="8" number="198">law</token>
<token t_id="200" sentence="8" number="199">``</token>
<token t_id="201" sentence="8" number="200">will</token>
<token t_id="202" sentence="8" number="201">not</token>
<token t_id="203" sentence="8" number="202">change</token>
<token t_id="204" sentence="8" number="203">our</token>
<token t_id="205" sentence="8" number="204">position</token>
<token t_id="206" sentence="8" number="205">at</token>
<token t_id="207" sentence="8" number="206">all</token>
<token t_id="208" sentence="8" number="207">''</token>
<token t_id="209" sentence="8" number="208">.</token>
<token t_id="210" sentence="9" number="209">``</token>
<token t_id="211" sentence="9" number="210">We</token>
<token t_id="212" sentence="9" number="211">wo</token>
<token t_id="213" sentence="9" number="212">n't</token>
<token t_id="214" sentence="9" number="213">refuse</token>
<token t_id="215" sentence="9" number="214">foreign</token>
<token t_id="216" sentence="9" number="215">donations</token>
<token t_id="217" sentence="9" number="216">,</token>
<token t_id="218" sentence="9" number="217">nor</token>
<token t_id="219" sentence="9" number="218">will</token>
<token t_id="220" sentence="9" number="219">we</token>
<token t_id="221" sentence="9" number="220">register</token>
<token t_id="222" sentence="9" number="221">as</token>
<token t_id="223" sentence="9" number="222">a</token>
<token t_id="224" sentence="9" number="223">`</token>
<token t_id="225" sentence="9" number="224">foreign</token>
<token t_id="226" sentence="9" number="225">agent</token>
<token t_id="227" sentence="9" number="226">'</token>
<token t_id="228" sentence="9" number="227">,</token>
<token t_id="229" sentence="9" number="228">''</token>
<token t_id="230" sentence="9" number="229">he</token>
<token t_id="231" sentence="9" number="230">said</token>
<token t_id="232" sentence="9" number="231">.</token>


<Markables>
<ATTRIBUTION m_id="15" quote="true"  >
<token_anchor t_id="230"/>
<token_anchor t_id="231"/>
</ATTRIBUTION>
<ATTRIBUTION m_id="22" quote="true"  >
<token_anchor t_id="164"/>
<token_anchor t_id="165"/>
<token_anchor t_id="166"/>
<token_anchor t_id="167"/>
<token_anchor t_id="177"/>
</ATTRIBUTION>
<ATTRIBUTION m_id="5" quote="true"  >
<token_anchor t_id="54"/>
<token_anchor t_id="55"/>
<token_anchor t_id="56"/>
<token_anchor t_id="57"/>
<token_anchor t_id="58"/>
</ATTRIBUTION>
<ATTRIBUTION m_id="8" quote="true"  >
<token_anchor t_id="116"/>
<token_anchor t_id="117"/>
</ATTRIBUTION>
<ATTRIBUTION m_id="9" quote="true"  >
<token_anchor t_id="137"/>
<token_anchor t_id="138"/>
<token_anchor t_id="139"/>
<token_anchor t_id="140"/>
<token_anchor t_id="141"/>
<token_anchor t_id="142"/>
<token_anchor t_id="143"/>
</ATTRIBUTION>
<ATTRIBUTION m_id="11" quote="true"  >
<token_anchor t_id="194"/>
<token_anchor t_id="195"/>
</ATTRIBUTION>
<BACKGROUND m_id="19" previous-episodes="false"  >
<token_anchor t_id="98"/>
<token_anchor t_id="99"/>
<token_anchor t_id="100"/>
<token_anchor t_id="101"/>
<token_anchor t_id="102"/>
<token_anchor t_id="103"/>
<token_anchor t_id="104"/>
<token_anchor t_id="105"/>
<token_anchor t_id="106"/>
<token_anchor t_id="107"/>
<token_anchor t_id="108"/>
</BACKGROUND>
<BACKGROUND m_id="6" previous-episodes="false"  >
<token_anchor t_id="82"/>
<token_anchor t_id="83"/>
<token_anchor t_id="84"/>
<token_anchor t_id="85"/>
<token_anchor t_id="86"/>
<token_anchor t_id="87"/>
<token_anchor t_id="88"/>
<token_anchor t_id="89"/>
<token_anchor t_id="90"/>
<token_anchor t_id="91"/>
<token_anchor t_id="92"/>
<token_anchor t_id="93"/>
<token_anchor t_id="94"/>
<token_anchor t_id="95"/>
<token_anchor t_id="96"/>
<token_anchor t_id="97"/>
</BACKGROUND>
<BACKGROUND m_id="7" previous-episodes="false"  >
<token_anchor t_id="110"/>
<token_anchor t_id="111"/>
<token_anchor t_id="112"/>
<token_anchor t_id="113"/>
<token_anchor t_id="114"/>
</BACKGROUND>
<DESCRIPTION m_id="18" context="true"  >
<token_anchor t_id="29"/>
<token_anchor t_id="30"/>
<token_anchor t_id="31"/>
<token_anchor t_id="32"/>
<token_anchor t_id="33"/>
<token_anchor t_id="34"/>
<token_anchor t_id="35"/>
</DESCRIPTION>
<DESCRIPTION m_id="23" context="false"  >
<token_anchor t_id="169"/>
<token_anchor t_id="170"/>
<token_anchor t_id="171"/>
<token_anchor t_id="172"/>
<token_anchor t_id="173"/>
<token_anchor t_id="174"/>
<token_anchor t_id="175"/>
</DESCRIPTION>
<DESCRIPTION m_id="24" context="false"  >
<token_anchor t_id="178"/>
<token_anchor t_id="179"/>
<token_anchor t_id="180"/>
<token_anchor t_id="181"/>
<token_anchor t_id="182"/>
<token_anchor t_id="183"/>
<token_anchor t_id="184"/>
<token_anchor t_id="185"/>
<token_anchor t_id="186"/>
<token_anchor t_id="187"/>
<token_anchor t_id="188"/>
<token_anchor t_id="189"/>
<token_anchor t_id="190"/>
<token_anchor t_id="191"/>
</DESCRIPTION>
<DESCRIPTION m_id="2" context="true"  >
<token_anchor t_id="26"/>
<token_anchor t_id="27"/>
<token_anchor t_id="28"/>
</DESCRIPTION>
<EVALUATION m_id="16"  >
<token_anchor t_id="59"/>
<token_anchor t_id="60"/>
<token_anchor t_id="61"/>
<token_anchor t_id="62"/>
<token_anchor t_id="63"/>
<token_anchor t_id="64"/>
<token_anchor t_id="65"/>
<token_anchor t_id="66"/>
<token_anchor t_id="67"/>
<token_anchor t_id="68"/>
<token_anchor t_id="69"/>
<token_anchor t_id="70"/>
<token_anchor t_id="71"/>
<token_anchor t_id="72"/>
<token_anchor t_id="73"/>
<token_anchor t_id="74"/>
</EVALUATION>
<EVALUATION m_id="17"  >
<token_anchor t_id="76"/>
<token_anchor t_id="77"/>
<token_anchor t_id="78"/>
<token_anchor t_id="79"/>
<token_anchor t_id="80"/>
</EVALUATION>
<FOLLOW-UP m_id="13" anchor="future"  >
<token_anchor t_id="211"/>
<token_anchor t_id="212"/>
<token_anchor t_id="213"/>
<token_anchor t_id="214"/>
<token_anchor t_id="215"/>
<token_anchor t_id="216"/>
</FOLLOW-UP>
<FOLLOW-UP m_id="14" anchor="future"  >
<token_anchor t_id="218"/>
<token_anchor t_id="219"/>
<token_anchor t_id="220"/>
<token_anchor t_id="221"/>
<token_anchor t_id="222"/>
<token_anchor t_id="223"/>
<token_anchor t_id="224"/>
<token_anchor t_id="225"/>
<token_anchor t_id="226"/>
</FOLLOW-UP>
<FOLLOW-UP m_id="3" anchor="non_future"  >
<token_anchor t_id="37"/>
<token_anchor t_id="38"/>
<token_anchor t_id="39"/>
<token_anchor t_id="40"/>
<token_anchor t_id="41"/>
<token_anchor t_id="42"/>
<token_anchor t_id="43"/>
<token_anchor t_id="44"/>
</FOLLOW-UP>
<FOLLOW-UP m_id="4" anchor="non_future"  >
<token_anchor t_id="45"/>
<token_anchor t_id="46"/>
<token_anchor t_id="47"/>
<token_anchor t_id="48"/>
<token_anchor t_id="49"/>
<token_anchor t_id="50"/>
<token_anchor t_id="51"/>
<token_anchor t_id="52"/>
</FOLLOW-UP>
<FOLLOW-UP m_id="10" anchor="non_future"  >
<token_anchor t_id="144"/>
<token_anchor t_id="145"/>
<token_anchor t_id="146"/>
<token_anchor t_id="147"/>
<token_anchor t_id="148"/>
<token_anchor t_id="149"/>
<token_anchor t_id="150"/>
<token_anchor t_id="151"/>
<token_anchor t_id="152"/>
<token_anchor t_id="153"/>
<token_anchor t_id="154"/>
<token_anchor t_id="155"/>
<token_anchor t_id="156"/>
<token_anchor t_id="157"/>
<token_anchor t_id="158"/>
<token_anchor t_id="159"/>
<token_anchor t_id="160"/>
<token_anchor t_id="161"/>
<token_anchor t_id="162"/>
</FOLLOW-UP>
<FOLLOW-UP m_id="12" anchor="future"  >
<token_anchor t_id="196"/>
<token_anchor t_id="197"/>
<token_anchor t_id="198"/>
<token_anchor t_id="199"/>
<token_anchor t_id="200"/>
<token_anchor t_id="201"/>
<token_anchor t_id="202"/>
<token_anchor t_id="203"/>
<token_anchor t_id="204"/>
<token_anchor t_id="205"/>
<token_anchor t_id="206"/>
<token_anchor t_id="207"/>
</FOLLOW-UP>
<FOREGROUND m_id="20" type="narration"  >
<token_anchor t_id="118"/>
<token_anchor t_id="119"/>
<token_anchor t_id="120"/>
<token_anchor t_id="121"/>
<token_anchor t_id="122"/>
<token_anchor t_id="123"/>
<token_anchor t_id="124"/>
<token_anchor t_id="125"/>
</FOREGROUND>
<FOREGROUND m_id="21" type="narration"  >
<token_anchor t_id="127"/>
<token_anchor t_id="128"/>
<token_anchor t_id="129"/>
<token_anchor t_id="130"/>
<token_anchor t_id="131"/>
<token_anchor t_id="132"/>
<token_anchor t_id="133"/>
<token_anchor t_id="134"/>
<token_anchor t_id="135"/>
</FOREGROUND>
<FOREGROUND m_id="1" type="narration"  >
<token_anchor t_id="1"/>
<token_anchor t_id="2"/>
<token_anchor t_id="3"/>
<token_anchor t_id="4"/>
<token_anchor t_id="5"/>
<token_anchor t_id="6"/>
<token_anchor t_id="7"/>
<token_anchor t_id="8"/>
<token_anchor t_id="9"/>
<token_anchor t_id="10"/>
<token_anchor t_id="11"/>
<token_anchor t_id="12"/>
<token_anchor t_id="13"/>
<token_anchor t_id="14"/>
<token_anchor t_id="15"/>
<token_anchor t_id="16"/>
<token_anchor t_id="17"/>
<token_anchor t_id="18"/>
<token_anchor t_id="19"/>
<token_anchor t_id="20"/>
<token_anchor t_id="21"/>
<token_anchor t_id="22"/>
<token_anchor t_id="23"/>
<token_anchor t_id="24"/>
</FOREGROUND>


</Markables>

<Relations>
</Relations>
</Document>
