<Document doc_name="CNN_20130322_248">
<token t_id="1" sentence="0" number="0">The</token>
<token t_id="2" sentence="0" number="1">FAA</token>
<token t_id="3" sentence="0" number="2">on</token>
<token t_id="4" sentence="0" number="3">Friday</token>
<token t_id="5" sentence="0" number="4">announced</token>
<token t_id="6" sentence="0" number="5">it</token>
<token t_id="7" sentence="0" number="6">will</token>
<token t_id="8" sentence="0" number="7">close</token>
<token t_id="9" sentence="0" number="8">149</token>
<token t_id="10" sentence="0" number="9">regional</token>
<token t_id="11" sentence="0" number="10">airport</token>
<token t_id="12" sentence="0" number="11">control</token>
<token t_id="13" sentence="0" number="12">towers</token>
<token t_id="14" sentence="0" number="13">because</token>
<token t_id="15" sentence="0" number="14">of</token>
<token t_id="16" sentence="0" number="15">forced</token>
<token t_id="17" sentence="0" number="16">spending</token>
<token t_id="18" sentence="0" number="17">cuts</token>
<token t_id="19" sentence="0" number="18">--</token>
<token t_id="20" sentence="0" number="19">sparing</token>
<token t_id="21" sentence="0" number="20">40</token>
<token t_id="22" sentence="0" number="21">others</token>
<token t_id="23" sentence="0" number="22">that</token>
<token t_id="24" sentence="0" number="23">the</token>
<token t_id="25" sentence="0" number="24">FAA</token>
<token t_id="26" sentence="0" number="25">had</token>
<token t_id="27" sentence="0" number="26">been</token>
<token t_id="28" sentence="0" number="27">expected</token>
<token t_id="29" sentence="0" number="28">to</token>
<token t_id="30" sentence="0" number="29">shutter</token>
<token t_id="31" sentence="0" number="30">.</token>
<token t_id="32" sentence="1" number="31">A</token>
<token t_id="33" sentence="1" number="32">four-week</token>
<token t_id="34" sentence="1" number="33">,</token>
<token t_id="35" sentence="1" number="34">phased</token>
<token t_id="36" sentence="1" number="35">closure</token>
<token t_id="37" sentence="1" number="36">of</token>
<token t_id="38" sentence="1" number="37">the</token>
<token t_id="39" sentence="1" number="38">149</token>
<token t_id="40" sentence="1" number="39">control</token>
<token t_id="41" sentence="1" number="40">towers</token>
<token t_id="42" sentence="1" number="41">will</token>
<token t_id="43" sentence="1" number="42">begin</token>
<token t_id="44" sentence="1" number="43">on</token>
<token t_id="45" sentence="1" number="44">April</token>
<token t_id="46" sentence="1" number="45">7</token>
<token t_id="47" sentence="1" number="46">,</token>
<token t_id="48" sentence="1" number="47">the</token>
<token t_id="49" sentence="1" number="48">FAA</token>
<token t_id="50" sentence="1" number="49">said</token>
<token t_id="51" sentence="1" number="50">.</token>
<token t_id="52" sentence="2" number="51">The</token>
<token t_id="53" sentence="2" number="52">FAA</token>
<token t_id="54" sentence="2" number="53">had</token>
<token t_id="55" sentence="2" number="54">been</token>
<token t_id="56" sentence="2" number="55">expected</token>
<token t_id="57" sentence="2" number="56">to</token>
<token t_id="58" sentence="2" number="57">announce</token>
<token t_id="59" sentence="2" number="58">the</token>
<token t_id="60" sentence="2" number="59">closure</token>
<token t_id="61" sentence="2" number="60">of</token>
<token t_id="62" sentence="2" number="61">189</token>
<token t_id="63" sentence="2" number="62">low</token>
<token t_id="64" sentence="2" number="63">-</token>
<token t_id="65" sentence="2" number="64">or</token>
<token t_id="66" sentence="2" number="65">moderate-volume</token>
<token t_id="67" sentence="2" number="66">towers</token>
<token t_id="68" sentence="2" number="67">staffed</token>
<token t_id="69" sentence="2" number="68">by</token>
<token t_id="70" sentence="2" number="69">contractors</token>
<token t_id="71" sentence="2" number="70">.</token>
<token t_id="72" sentence="3" number="71">Before</token>
<token t_id="73" sentence="3" number="72">Friday</token>
<token t_id="74" sentence="3" number="73">'s</token>
<token t_id="75" sentence="3" number="74">announcement</token>
<token t_id="76" sentence="3" number="75">,</token>
<token t_id="77" sentence="3" number="76">it</token>
<token t_id="78" sentence="3" number="77">said</token>
<token t_id="79" sentence="3" number="78">it</token>
<token t_id="80" sentence="3" number="79">would</token>
<token t_id="81" sentence="3" number="80">consider</token>
<token t_id="82" sentence="3" number="81">keeping</token>
<token t_id="83" sentence="3" number="82">a</token>
<token t_id="84" sentence="3" number="83">tower</token>
<token t_id="85" sentence="3" number="84">open</token>
<token t_id="86" sentence="3" number="85">if</token>
<token t_id="87" sentence="3" number="86">the</token>
<token t_id="88" sentence="3" number="87">airport</token>
<token t_id="89" sentence="3" number="88">convinces</token>
<token t_id="90" sentence="3" number="89">the</token>
<token t_id="91" sentence="3" number="90">agency</token>
<token t_id="92" sentence="3" number="91">it</token>
<token t_id="93" sentence="3" number="92">is</token>
<token t_id="94" sentence="3" number="93">in</token>
<token t_id="95" sentence="3" number="94">the</token>
<token t_id="96" sentence="3" number="95">``</token>
<token t_id="97" sentence="3" number="96">national</token>
<token t_id="98" sentence="3" number="97">interest</token>
<token t_id="99" sentence="3" number="98">''</token>
<token t_id="100" sentence="3" number="99">to</token>
<token t_id="101" sentence="3" number="100">do</token>
<token t_id="102" sentence="3" number="101">so</token>
<token t_id="103" sentence="3" number="102">.</token>
<token t_id="104" sentence="4" number="103">By</token>
<token t_id="105" sentence="4" number="104">congressional</token>
<token t_id="106" sentence="4" number="105">mandate</token>
<token t_id="107" sentence="4" number="106">,</token>
<token t_id="108" sentence="4" number="107">the</token>
<token t_id="109" sentence="4" number="108">FAA</token>
<token t_id="110" sentence="4" number="109">must</token>
<token t_id="111" sentence="4" number="110">cut</token>
<token t_id="112" sentence="4" number="111">nearly</token>
<token t_id="113" sentence="4" number="112">$</token>
<token t_id="114" sentence="4" number="113">600</token>
<token t_id="115" sentence="4" number="114">million</token>
<token t_id="116" sentence="4" number="115">from</token>
<token t_id="117" sentence="4" number="116">its</token>
<token t_id="118" sentence="4" number="117">nearly</token>
<token t_id="119" sentence="4" number="118">$</token>
<token t_id="120" sentence="4" number="119">48</token>
<token t_id="121" sentence="4" number="120">billion</token>
<token t_id="122" sentence="4" number="121">budget</token>
<token t_id="123" sentence="4" number="122">this</token>
<token t_id="124" sentence="4" number="123">fiscal</token>
<token t_id="125" sentence="4" number="124">year</token>
<token t_id="126" sentence="4" number="125">.</token>
<token t_id="127" sentence="5" number="126">Because</token>
<token t_id="128" sentence="5" number="127">the</token>
<token t_id="129" sentence="5" number="128">majority</token>
<token t_id="130" sentence="5" number="129">of</token>
<token t_id="131" sentence="5" number="130">its</token>
<token t_id="132" sentence="5" number="131">47,000</token>
<token t_id="133" sentence="5" number="132">employees</token>
<token t_id="134" sentence="5" number="133">are</token>
<token t_id="135" sentence="5" number="134">air</token>
<token t_id="136" sentence="5" number="135">traffic</token>
<token t_id="137" sentence="5" number="136">controllers</token>
<token t_id="138" sentence="5" number="137">,</token>
<token t_id="139" sentence="5" number="138">it</token>
<token t_id="140" sentence="5" number="139">is</token>
<token t_id="141" sentence="5" number="140">impossible</token>
<token t_id="142" sentence="5" number="141">to</token>
<token t_id="143" sentence="5" number="142">cut</token>
<token t_id="144" sentence="5" number="143">its</token>
<token t_id="145" sentence="5" number="144">budget</token>
<token t_id="146" sentence="5" number="145">without</token>
<token t_id="147" sentence="5" number="146">affecting</token>
<token t_id="148" sentence="5" number="147">controllers</token>
<token t_id="149" sentence="5" number="148">,</token>
<token t_id="150" sentence="5" number="149">the</token>
<token t_id="151" sentence="5" number="150">agency</token>
<token t_id="152" sentence="5" number="151">says</token>
<token t_id="153" sentence="5" number="152">.</token>


<Markables>
<ATTRIBUTION m_id="1" quote="true"  >
<token_anchor t_id="1"/>
<token_anchor t_id="2"/>
<token_anchor t_id="3"/>
<token_anchor t_id="4"/>
<token_anchor t_id="5"/>
</ATTRIBUTION>
<ATTRIBUTION m_id="5" quote="true"  >
<token_anchor t_id="48"/>
<token_anchor t_id="49"/>
<token_anchor t_id="50"/>
</ATTRIBUTION>
<ATTRIBUTION m_id="7" quote="true"  >
<token_anchor t_id="72"/>
<token_anchor t_id="73"/>
<token_anchor t_id="74"/>
<token_anchor t_id="75"/>
<token_anchor t_id="76"/>
<token_anchor t_id="77"/>
<token_anchor t_id="78"/>
</ATTRIBUTION>
<ATTRIBUTION m_id="9" quote="true"  >
<token_anchor t_id="150"/>
<token_anchor t_id="151"/>
<token_anchor t_id="152"/>
</ATTRIBUTION>
<BACKGROUND m_id="13" previous-episodes="false"  >
<token_anchor t_id="57"/>
<token_anchor t_id="58"/>
<token_anchor t_id="59"/>
<token_anchor t_id="60"/>
<token_anchor t_id="61"/>
<token_anchor t_id="62"/>
<token_anchor t_id="63"/>
<token_anchor t_id="64"/>
<token_anchor t_id="65"/>
<token_anchor t_id="66"/>
<token_anchor t_id="67"/>
<token_anchor t_id="68"/>
<token_anchor t_id="69"/>
<token_anchor t_id="70"/>
</BACKGROUND>
<BACKGROUND m_id="14" previous-episodes="false"  >
<token_anchor t_id="23"/>
<token_anchor t_id="24"/>
<token_anchor t_id="25"/>
<token_anchor t_id="26"/>
<token_anchor t_id="27"/>
<token_anchor t_id="28"/>
</BACKGROUND>
<BACKGROUND m_id="15" previous-episodes="false"  >
<token_anchor t_id="29"/>
<token_anchor t_id="30"/>
</BACKGROUND>
<BACKGROUND m_id="16" previous-episodes="false"  >
<token_anchor t_id="82"/>
<token_anchor t_id="83"/>
<token_anchor t_id="84"/>
<token_anchor t_id="85"/>
</BACKGROUND>
<BACKGROUND m_id="17" previous-episodes="false"  >
<token_anchor t_id="86"/>
<token_anchor t_id="87"/>
<token_anchor t_id="88"/>
<token_anchor t_id="89"/>
<token_anchor t_id="90"/>
<token_anchor t_id="91"/>
</BACKGROUND>
<BACKGROUND m_id="18" previous-episodes="false"  >
<token_anchor t_id="92"/>
<token_anchor t_id="93"/>
<token_anchor t_id="94"/>
<token_anchor t_id="95"/>
<token_anchor t_id="96"/>
<token_anchor t_id="97"/>
<token_anchor t_id="98"/>
<token_anchor t_id="99"/>
</BACKGROUND>
<BACKGROUND m_id="19" previous-episodes="false"  >
<token_anchor t_id="100"/>
<token_anchor t_id="101"/>
<token_anchor t_id="102"/>
</BACKGROUND>
<BACKGROUND m_id="6" previous-episodes="false"  >
<token_anchor t_id="52"/>
<token_anchor t_id="53"/>
<token_anchor t_id="54"/>
<token_anchor t_id="55"/>
<token_anchor t_id="56"/>
</BACKGROUND>
<BACKGROUND m_id="8" previous-episodes="false"  >
<token_anchor t_id="79"/>
<token_anchor t_id="80"/>
<token_anchor t_id="81"/>
</BACKGROUND>
<DESCRIPTION m_id="10" context="true"  >
<token_anchor t_id="127"/>
<token_anchor t_id="128"/>
<token_anchor t_id="129"/>
<token_anchor t_id="130"/>
<token_anchor t_id="131"/>
<token_anchor t_id="132"/>
<token_anchor t_id="133"/>
<token_anchor t_id="134"/>
<token_anchor t_id="135"/>
<token_anchor t_id="136"/>
<token_anchor t_id="137"/>
</DESCRIPTION>
<EVALUATION m_id="20"  >
<token_anchor t_id="142"/>
<token_anchor t_id="143"/>
<token_anchor t_id="144"/>
<token_anchor t_id="145"/>
</EVALUATION>
<EVALUATION m_id="21"  >
<token_anchor t_id="146"/>
<token_anchor t_id="147"/>
<token_anchor t_id="148"/>
</EVALUATION>
<EVALUATION m_id="11"  >
<token_anchor t_id="139"/>
<token_anchor t_id="140"/>
<token_anchor t_id="141"/>
</EVALUATION>
<FOLLOW-UP m_id="3" anchor="future"  >
<token_anchor t_id="20"/>
<token_anchor t_id="21"/>
<token_anchor t_id="22"/>
</FOLLOW-UP>
<FOLLOW-UP m_id="12" anchor="future"  >
<token_anchor t_id="104"/>
<token_anchor t_id="105"/>
<token_anchor t_id="106"/>
<token_anchor t_id="107"/>
<token_anchor t_id="108"/>
<token_anchor t_id="109"/>
<token_anchor t_id="110"/>
<token_anchor t_id="111"/>
<token_anchor t_id="112"/>
<token_anchor t_id="113"/>
<token_anchor t_id="114"/>
<token_anchor t_id="115"/>
<token_anchor t_id="116"/>
<token_anchor t_id="117"/>
<token_anchor t_id="118"/>
<token_anchor t_id="119"/>
<token_anchor t_id="120"/>
<token_anchor t_id="121"/>
<token_anchor t_id="122"/>
<token_anchor t_id="123"/>
<token_anchor t_id="124"/>
<token_anchor t_id="125"/>
</FOLLOW-UP>
<FOREGROUND m_id="2" type="narration"  >
<token_anchor t_id="6"/>
<token_anchor t_id="7"/>
<token_anchor t_id="8"/>
<token_anchor t_id="9"/>
<token_anchor t_id="10"/>
<token_anchor t_id="11"/>
<token_anchor t_id="12"/>
<token_anchor t_id="13"/>
<token_anchor t_id="14"/>
<token_anchor t_id="15"/>
<token_anchor t_id="16"/>
<token_anchor t_id="17"/>
<token_anchor t_id="18"/>
</FOREGROUND>
<FOREGROUND m_id="4" type="narration"  >
<token_anchor t_id="32"/>
<token_anchor t_id="33"/>
<token_anchor t_id="34"/>
<token_anchor t_id="35"/>
<token_anchor t_id="36"/>
<token_anchor t_id="37"/>
<token_anchor t_id="38"/>
<token_anchor t_id="39"/>
<token_anchor t_id="40"/>
<token_anchor t_id="41"/>
<token_anchor t_id="42"/>
<token_anchor t_id="43"/>
<token_anchor t_id="44"/>
<token_anchor t_id="45"/>
<token_anchor t_id="46"/>
</FOREGROUND>


</Markables>

<Relations>
</Relations>
</Document>
