<Document doc_name="CNN_20130322_1243">
<token t_id="1" sentence="0" number="0">Before</token>
<token t_id="2" sentence="0" number="1">the</token>
<token t_id="3" sentence="0" number="2">arrival</token>
<token t_id="4" sentence="0" number="3">of</token>
<token t_id="5" sentence="0" number="4">Keep</token>
<token t_id="6" sentence="0" number="5">,</token>
<token t_id="7" sentence="0" number="6">which</token>
<token t_id="8" sentence="0" number="7">Google</token>
<token t_id="9" sentence="0" number="8">launched</token>
<token t_id="10" sentence="0" number="9">this</token>
<token t_id="11" sentence="0" number="10">week</token>
<token t_id="12" sentence="0" number="11">,</token>
<token t_id="13" sentence="0" number="12">there</token>
<token t_id="14" sentence="0" number="13">was</token>
<token t_id="15" sentence="0" number="14">no</token>
<token t_id="16" sentence="0" number="15">default</token>
<token t_id="17" sentence="0" number="16">note-taking</token>
<token t_id="18" sentence="0" number="17">app</token>
<token t_id="19" sentence="0" number="18">for</token>
<token t_id="20" sentence="0" number="19">Android</token>
<token t_id="21" sentence="0" number="20">.</token>
<token t_id="22" sentence="1" number="21">It</token>
<token t_id="23" sentence="1" number="22">was</token>
<token t_id="24" sentence="1" number="23">a</token>
<token t_id="25" sentence="1" number="24">glaring</token>
<token t_id="26" sentence="1" number="25">hole</token>
<token t_id="27" sentence="1" number="26">,</token>
<token t_id="28" sentence="1" number="27">considering</token>
<token t_id="29" sentence="1" number="28">that</token>
<token t_id="30" sentence="1" number="29">Apple</token>
<token t_id="31" sentence="1" number="30">'s</token>
<token t_id="32" sentence="1" number="31">iPhone</token>
<token t_id="33" sentence="1" number="32">has</token>
<token t_id="34" sentence="1" number="33">built-in</token>
<token t_id="35" sentence="1" number="34">Notes</token>
<token t_id="36" sentence="1" number="35">and</token>
<token t_id="37" sentence="1" number="36">Reminders</token>
<token t_id="38" sentence="1" number="37">apps</token>
<token t_id="39" sentence="1" number="38">that</token>
<token t_id="40" sentence="1" number="39">can</token>
<token t_id="41" sentence="1" number="40">be</token>
<token t_id="42" sentence="1" number="41">powered</token>
<token t_id="43" sentence="1" number="42">by</token>
<token t_id="44" sentence="1" number="43">Siri</token>
<token t_id="45" sentence="1" number="44">.</token>
<token t_id="46" sentence="2" number="45">Instead</token>
<token t_id="47" sentence="2" number="46">of</token>
<token t_id="48" sentence="2" number="47">settling</token>
<token t_id="49" sentence="2" number="48">for</token>
<token t_id="50" sentence="2" number="49">a</token>
<token t_id="51" sentence="2" number="50">bare</token>
<token t_id="52" sentence="2" number="51">bones</token>
<token t_id="53" sentence="2" number="52">app</token>
<token t_id="54" sentence="2" number="53">to</token>
<token t_id="55" sentence="2" number="54">fill</token>
<token t_id="56" sentence="2" number="55">the</token>
<token t_id="57" sentence="2" number="56">void</token>
<token t_id="58" sentence="2" number="57">,</token>
<token t_id="59" sentence="2" number="58">the</token>
<token t_id="60" sentence="2" number="59">search</token>
<token t_id="61" sentence="2" number="60">giant</token>
<token t_id="62" sentence="2" number="61">took</token>
<token t_id="63" sentence="2" number="62">things</token>
<token t_id="64" sentence="2" number="63">one</token>
<token t_id="65" sentence="2" number="64">step</token>
<token t_id="66" sentence="2" number="65">further</token>
<token t_id="67" sentence="2" number="66">.</token>
<token t_id="68" sentence="3" number="67">Keep</token>
<token t_id="69" sentence="3" number="68">is</token>
<token t_id="70" sentence="3" number="69">n't</token>
<token t_id="71" sentence="3" number="70">simply</token>
<token t_id="72" sentence="3" number="71">just</token>
<token t_id="73" sentence="3" number="72">a</token>
<token t_id="74" sentence="3" number="73">place</token>
<token t_id="75" sentence="3" number="74">to</token>
<token t_id="76" sentence="3" number="75">bank</token>
<token t_id="77" sentence="3" number="76">whatever</token>
<token t_id="78" sentence="3" number="77">random</token>
<token t_id="79" sentence="3" number="78">half-thoughts</token>
<token t_id="80" sentence="3" number="79">come</token>
<token t_id="81" sentence="3" number="80">to</token>
<token t_id="82" sentence="3" number="81">mind</token>
<token t_id="83" sentence="3" number="82">:</token>
<token t_id="84" sentence="3" number="83">Users</token>
<token t_id="85" sentence="3" number="84">can</token>
<token t_id="86" sentence="3" number="85">construct</token>
<token t_id="87" sentence="3" number="86">to-do</token>
<token t_id="88" sentence="3" number="87">lists</token>
<token t_id="89" sentence="3" number="88">,</token>
<token t_id="90" sentence="3" number="89">stash</token>
<token t_id="91" sentence="3" number="90">photos</token>
<token t_id="92" sentence="3" number="91">,</token>
<token t_id="93" sentence="3" number="92">and</token>
<token t_id="94" sentence="3" number="93">color</token>
<token t_id="95" sentence="3" number="94">code</token>
<token t_id="96" sentence="3" number="95">your</token>
<token t_id="97" sentence="3" number="96">notes</token>
<token t_id="98" sentence="3" number="97">--</token>
<token t_id="99" sentence="3" number="98">all</token>
<token t_id="100" sentence="3" number="99">in</token>
<token t_id="101" sentence="3" number="100">one</token>
<token t_id="102" sentence="3" number="101">well-designed</token>
<token t_id="103" sentence="3" number="102">and</token>
<token t_id="104" sentence="3" number="103">easy-to-use</token>
<token t_id="105" sentence="3" number="104">interface</token>
<token t_id="106" sentence="3" number="105">.</token>
<token t_id="107" sentence="4" number="106">The</token>
<token t_id="108" sentence="4" number="107">second</token>
<token t_id="109" sentence="4" number="108">you</token>
<token t_id="110" sentence="4" number="109">log</token>
<token t_id="111" sentence="4" number="110">anything</token>
<token t_id="112" sentence="4" number="111">into</token>
<token t_id="113" sentence="4" number="112">your</token>
<token t_id="114" sentence="4" number="113">phone</token>
<token t_id="115" sentence="4" number="114">,</token>
<token t_id="116" sentence="4" number="115">it</token>
<token t_id="117" sentence="4" number="116">is</token>
<token t_id="118" sentence="4" number="117">also</token>
<token t_id="119" sentence="4" number="118">accessible</token>
<token t_id="120" sentence="4" number="119">from</token>
<token t_id="121" sentence="4" number="120">a</token>
<token t_id="122" sentence="4" number="121">PC</token>
<token t_id="123" sentence="4" number="122">Web</token>
<token t_id="124" sentence="4" number="123">browser</token>
<token t_id="125" sentence="4" number="124">via</token>
<token t_id="126" sentence="4" number="125">Google</token>
<token t_id="127" sentence="4" number="126">Drive</token>
<token t_id="128" sentence="4" number="127">.</token>
<token t_id="129" sentence="5" number="128">Alternatively</token>
<token t_id="130" sentence="5" number="129">,</token>
<token t_id="131" sentence="5" number="130">you</token>
<token t_id="132" sentence="5" number="131">can</token>
<token t_id="133" sentence="5" number="132">save</token>
<token t_id="134" sentence="5" number="133">things</token>
<token t_id="135" sentence="5" number="134">while</token>
<token t_id="136" sentence="5" number="135">working</token>
<token t_id="137" sentence="5" number="136">on</token>
<token t_id="138" sentence="5" number="137">your</token>
<token t_id="139" sentence="5" number="138">computer</token>
<token t_id="140" sentence="5" number="139">,</token>
<token t_id="141" sentence="5" number="140">and</token>
<token t_id="142" sentence="5" number="141">it</token>
<token t_id="143" sentence="5" number="142">will</token>
<token t_id="144" sentence="5" number="143">instantly</token>
<token t_id="145" sentence="5" number="144">appear</token>
<token t_id="146" sentence="5" number="145">on</token>
<token t_id="147" sentence="5" number="146">your</token>
<token t_id="148" sentence="5" number="147">phone</token>
<token t_id="149" sentence="5" number="148">,</token>
<token t_id="150" sentence="5" number="149">ready</token>
<token t_id="151" sentence="5" number="150">for</token>
<token t_id="152" sentence="5" number="151">use</token>
<token t_id="153" sentence="5" number="152">while</token>
<token t_id="154" sentence="5" number="153">on</token>
<token t_id="155" sentence="5" number="154">the</token>
<token t_id="156" sentence="5" number="155">go</token>
<token t_id="157" sentence="5" number="156">.</token>
<token t_id="158" sentence="6" number="157">The</token>
<token t_id="159" sentence="6" number="158">design</token>
<token t_id="160" sentence="6" number="159">may</token>
<token t_id="161" sentence="6" number="160">not</token>
<token t_id="162" sentence="6" number="161">be</token>
<token t_id="163" sentence="6" number="162">as</token>
<token t_id="164" sentence="6" number="163">progressive</token>
<token t_id="165" sentence="6" number="164">as</token>
<token t_id="166" sentence="6" number="165">the</token>
<token t_id="167" sentence="6" number="166">to-do</token>
<token t_id="168" sentence="6" number="167">app</token>
<token t_id="169" sentence="6" number="168">Clear</token>
<token t_id="170" sentence="6" number="169">,</token>
<token t_id="171" sentence="6" number="170">but</token>
<token t_id="172" sentence="6" number="171">Keep</token>
<token t_id="173" sentence="6" number="172">makes</token>
<token t_id="174" sentence="6" number="173">up</token>
<token t_id="175" sentence="6" number="174">for</token>
<token t_id="176" sentence="6" number="175">that</token>
<token t_id="177" sentence="6" number="176">in</token>
<token t_id="178" sentence="6" number="177">its</token>
<token t_id="179" sentence="6" number="178">simplicity</token>
<token t_id="180" sentence="6" number="179">and</token>
<token t_id="181" sentence="6" number="180">efficiency</token>
<token t_id="182" sentence="6" number="181">.</token>
<token t_id="183" sentence="7" number="182">Everything</token>
<token t_id="184" sentence="7" number="183">in</token>
<token t_id="185" sentence="7" number="184">Keep</token>
<token t_id="186" sentence="7" number="185">is</token>
<token t_id="187" sentence="7" number="186">presented</token>
<token t_id="188" sentence="7" number="187">like</token>
<token t_id="189" sentence="7" number="188">a</token>
<token t_id="190" sentence="7" number="189">Microsoft</token>
<token t_id="191" sentence="7" number="190">-LRB-</token>
<token t_id="192" sentence="7" number="191">MSFT</token>
<token t_id="193" sentence="7" number="192">,</token>
<token t_id="194" sentence="7" number="193">Fortune</token>
<token t_id="195" sentence="7" number="194">500</token>
<token t_id="196" sentence="7" number="195">-RRB-</token>
<token t_id="197" sentence="7" number="196">Windows</token>
<token t_id="198" sentence="7" number="197">Phone-esque</token>
<token t_id="199" sentence="7" number="198">stream</token>
<token t_id="200" sentence="7" number="199">of</token>
<token t_id="201" sentence="7" number="200">tiles</token>
<token t_id="202" sentence="7" number="201">.</token>
<token t_id="203" sentence="8" number="202">Swiping</token>
<token t_id="204" sentence="8" number="203">left</token>
<token t_id="205" sentence="8" number="204">or</token>
<token t_id="206" sentence="8" number="205">right</token>
<token t_id="207" sentence="8" number="206">will</token>
<token t_id="208" sentence="8" number="207">archive</token>
<token t_id="209" sentence="8" number="208">those</token>
<token t_id="210" sentence="8" number="209">notes</token>
<token t_id="211" sentence="8" number="210">you</token>
<token t_id="212" sentence="8" number="211">no</token>
<token t_id="213" sentence="8" number="212">longer</token>
<token t_id="214" sentence="8" number="213">need</token>
<token t_id="215" sentence="8" number="214">-LRB-</token>
<token t_id="216" sentence="8" number="215">but</token>
<token t_id="217" sentence="8" number="216">do</token>
<token t_id="218" sentence="8" number="217">n't</token>
<token t_id="219" sentence="8" number="218">want</token>
<token t_id="220" sentence="8" number="219">to</token>
<token t_id="221" sentence="8" number="220">erase</token>
<token t_id="222" sentence="8" number="221">entirely</token>
<token t_id="223" sentence="8" number="222">-RRB-</token>
<token t_id="224" sentence="8" number="223">.</token>
<token t_id="225" sentence="9" number="224">At</token>
<token t_id="226" sentence="9" number="225">the</token>
<token t_id="227" sentence="9" number="226">top</token>
<token t_id="228" sentence="9" number="227">of</token>
<token t_id="229" sentence="9" number="228">the</token>
<token t_id="230" sentence="9" number="229">app</token>
<token t_id="231" sentence="9" number="230">is</token>
<token t_id="232" sentence="9" number="231">a</token>
<token t_id="233" sentence="9" number="232">text</token>
<token t_id="234" sentence="9" number="233">entry</token>
<token t_id="235" sentence="9" number="234">field</token>
<token t_id="236" sentence="9" number="235">that</token>
<token t_id="237" sentence="9" number="236">serves</token>
<token t_id="238" sentence="9" number="237">as</token>
<token t_id="239" sentence="9" number="238">your</token>
<token t_id="240" sentence="9" number="239">main</token>
<token t_id="241" sentence="9" number="240">point</token>
<token t_id="242" sentence="9" number="241">of</token>
<token t_id="243" sentence="9" number="242">entry</token>
<token t_id="244" sentence="9" number="243">for</token>
<token t_id="245" sentence="9" number="244">all</token>
<token t_id="246" sentence="9" number="245">new</token>
<token t_id="247" sentence="9" number="246">notes</token>
<token t_id="248" sentence="9" number="247">.</token>
<token t_id="249" sentence="10" number="248">And</token>
<token t_id="250" sentence="10" number="249">when</token>
<token t_id="251" sentence="10" number="250">viewing</token>
<token t_id="252" sentence="10" number="251">any</token>
<token t_id="253" sentence="10" number="252">specific</token>
<token t_id="254" sentence="10" number="253">note</token>
<token t_id="255" sentence="10" number="254">,</token>
<token t_id="256" sentence="10" number="255">tapping</token>
<token t_id="257" sentence="10" number="256">any</token>
<token t_id="258" sentence="10" number="257">part</token>
<token t_id="259" sentence="10" number="258">of</token>
<token t_id="260" sentence="10" number="259">that</token>
<token t_id="261" sentence="10" number="260">note</token>
<token t_id="262" sentence="10" number="261">-LRB-</token>
<token t_id="263" sentence="10" number="262">title</token>
<token t_id="264" sentence="10" number="263">,</token>
<token t_id="265" sentence="10" number="264">body</token>
<token t_id="266" sentence="10" number="265">,</token>
<token t_id="267" sentence="10" number="266">etc.</token>
<token t_id="268" sentence="10" number="267">-RRB-</token>
<token t_id="269" sentence="10" number="268">will</token>
<token t_id="270" sentence="10" number="269">allow</token>
<token t_id="271" sentence="10" number="270">you</token>
<token t_id="272" sentence="10" number="271">to</token>
<token t_id="273" sentence="10" number="272">edit</token>
<token t_id="274" sentence="10" number="273">it</token>
<token t_id="275" sentence="10" number="274">.</token>
<token t_id="276" sentence="11" number="275">The</token>
<token t_id="277" sentence="11" number="276">entire</token>
<token t_id="278" sentence="11" number="277">experience</token>
<token t_id="279" sentence="11" number="278">is</token>
<token t_id="280" sentence="11" number="279">frictionless</token>
<token t_id="281" sentence="11" number="280">.</token>
<token t_id="282" sentence="12" number="281">That</token>
<token t_id="283" sentence="12" number="282">said</token>
<token t_id="284" sentence="12" number="283">,</token>
<token t_id="285" sentence="12" number="284">it</token>
<token t_id="286" sentence="12" number="285">'s</token>
<token t_id="287" sentence="12" number="286">not</token>
<token t_id="288" sentence="12" number="287">going</token>
<token t_id="289" sentence="12" number="288">to</token>
<token t_id="290" sentence="12" number="289">conquer</token>
<token t_id="291" sentence="12" number="290">the</token>
<token t_id="292" sentence="12" number="291">world</token>
<token t_id="293" sentence="12" number="292">quite</token>
<token t_id="294" sentence="12" number="293">yet</token>
<token t_id="295" sentence="12" number="294">.</token>
<token t_id="296" sentence="13" number="295">Organization</token>
<token t_id="297" sentence="13" number="296">options</token>
<token t_id="298" sentence="13" number="297">are</token>
<token t_id="299" sentence="13" number="298">limited</token>
<token t_id="300" sentence="13" number="299">--</token>
<token t_id="301" sentence="13" number="300">color</token>
<token t_id="302" sentence="13" number="301">coding</token>
<token t_id="303" sentence="13" number="302">is</token>
<token t_id="304" sentence="13" number="303">your</token>
<token t_id="305" sentence="13" number="304">only</token>
<token t_id="306" sentence="13" number="305">choice</token>
<token t_id="307" sentence="13" number="306">,</token>
<token t_id="308" sentence="13" number="307">and</token>
<token t_id="309" sentence="13" number="308">you</token>
<token t_id="310" sentence="13" number="309">ca</token>
<token t_id="311" sentence="13" number="310">n't</token>
<token t_id="312" sentence="13" number="311">re-order</token>
<token t_id="313" sentence="13" number="312">your</token>
<token t_id="314" sentence="13" number="313">notes</token>
<token t_id="315" sentence="13" number="314">.</token>
<token t_id="316" sentence="14" number="315">Sharing</token>
<token t_id="317" sentence="14" number="316">with</token>
<token t_id="318" sentence="14" number="317">others</token>
<token t_id="319" sentence="14" number="318">is</token>
<token t_id="320" sentence="14" number="319">mostly</token>
<token t_id="321" sentence="14" number="320">limited</token>
<token t_id="322" sentence="14" number="321">to</token>
<token t_id="323" sentence="14" number="322">email</token>
<token t_id="324" sentence="14" number="323">and</token>
<token t_id="325" sentence="14" number="324">Google</token>
<token t_id="326" sentence="14" number="325">+</token>
<token t_id="327" sentence="14" number="326">,</token>
<token t_id="328" sentence="14" number="327">and</token>
<token t_id="329" sentence="14" number="328">the</token>
<token t_id="330" sentence="14" number="329">desktop</token>
<token t_id="331" sentence="14" number="330">features</token>
<token t_id="332" sentence="14" number="331">are</token>
<token t_id="333" sentence="14" number="332">pretty</token>
<token t_id="334" sentence="14" number="333">bare</token>
<token t_id="335" sentence="14" number="334">bones</token>
<token t_id="336" sentence="14" number="335">.</token>
<token t_id="337" sentence="15" number="336">But</token>
<token t_id="338" sentence="15" number="337">that</token>
<token t_id="339" sentence="15" number="338">'s</token>
<token t_id="340" sentence="15" number="339">more</token>
<token t_id="341" sentence="15" number="340">a</token>
<token t_id="342" sentence="15" number="341">function</token>
<token t_id="343" sentence="15" number="342">of</token>
<token t_id="344" sentence="15" number="343">it</token>
<token t_id="345" sentence="15" number="344">being</token>
<token t_id="346" sentence="15" number="345">new</token>
<token t_id="347" sentence="15" number="346">,</token>
<token t_id="348" sentence="15" number="347">rather</token>
<token t_id="349" sentence="15" number="348">than</token>
<token t_id="350" sentence="15" number="349">poorly</token>
<token t_id="351" sentence="15" number="350">thought</token>
<token t_id="352" sentence="15" number="351">out</token>
<token t_id="353" sentence="15" number="352">.</token>
<token t_id="354" sentence="16" number="353">Like</token>
<token t_id="355" sentence="16" number="354">most</token>
<token t_id="356" sentence="16" number="355">things</token>
<token t_id="357" sentence="16" number="356">Google</token>
<token t_id="358" sentence="16" number="357">,</token>
<token t_id="359" sentence="16" number="358">expect</token>
<token t_id="360" sentence="16" number="359">the</token>
<token t_id="361" sentence="16" number="360">company</token>
<token t_id="362" sentence="16" number="361">to</token>
<token t_id="363" sentence="16" number="362">flesh</token>
<token t_id="364" sentence="16" number="363">out</token>
<token t_id="365" sentence="16" number="364">Keep</token>
<token t_id="366" sentence="16" number="365">over</token>
<token t_id="367" sentence="16" number="366">time</token>
<token t_id="368" sentence="16" number="367">and</token>
<token t_id="369" sentence="16" number="368">really</token>
<token t_id="370" sentence="16" number="369">turn</token>
<token t_id="371" sentence="16" number="370">it</token>
<token t_id="372" sentence="16" number="371">into</token>
<token t_id="373" sentence="16" number="372">our</token>
<token t_id="374" sentence="16" number="373">personal</token>
<token t_id="375" sentence="16" number="374">internet</token>
<token t_id="376" sentence="16" number="375">junk</token>
<token t_id="377" sentence="16" number="376">drawer</token>
<token t_id="378" sentence="16" number="377">.</token>
<token t_id="379" sentence="17" number="378">It</token>
<token t_id="380" sentence="17" number="379">'s</token>
<token t_id="381" sentence="17" number="380">easy</token>
<token t_id="382" sentence="17" number="381">to</token>
<token t_id="383" sentence="17" number="382">foresee</token>
<token t_id="384" sentence="17" number="383">the</token>
<token t_id="385" sentence="17" number="384">day</token>
<token t_id="386" sentence="17" number="385">the</token>
<token t_id="387" sentence="17" number="386">when</token>
<token t_id="388" sentence="17" number="387">users</token>
<token t_id="389" sentence="17" number="388">will</token>
<token t_id="390" sentence="17" number="389">be</token>
<token t_id="391" sentence="17" number="390">able</token>
<token t_id="392" sentence="17" number="391">to</token>
<token t_id="393" sentence="17" number="392">send</token>
<token t_id="394" sentence="17" number="393">anything</token>
<token t_id="395" sentence="17" number="394">from</token>
<token t_id="396" sentence="17" number="395">their</token>
<token t_id="397" sentence="17" number="396">Web</token>
<token t_id="398" sentence="17" number="397">browser</token>
<token t_id="399" sentence="17" number="398">or</token>
<token t_id="400" sentence="17" number="399">Maps</token>
<token t_id="401" sentence="17" number="400">directly</token>
<token t_id="402" sentence="17" number="401">to</token>
<token t_id="403" sentence="17" number="402">Keep</token>
<token t_id="404" sentence="17" number="403">.</token>
<token t_id="405" sentence="18" number="404">The</token>
<token t_id="406" sentence="18" number="405">prospect</token>
<token t_id="407" sentence="18" number="406">of</token>
<token t_id="408" sentence="18" number="407">Keep</token>
<token t_id="409" sentence="18" number="408">incorporating</token>
<token t_id="410" sentence="18" number="409">features</token>
<token t_id="411" sentence="18" number="410">of</token>
<token t_id="412" sentence="18" number="411">services</token>
<token t_id="413" sentence="18" number="412">such</token>
<token t_id="414" sentence="18" number="413">as</token>
<token t_id="415" sentence="18" number="414">Pinterest</token>
<token t_id="416" sentence="18" number="415">or</token>
<token t_id="417" sentence="18" number="416">Pocket</token>
<token t_id="418" sentence="18" number="417">,</token>
<token t_id="419" sentence="18" number="418">or</token>
<token t_id="420" sentence="18" number="419">even</token>
<token t_id="421" sentence="18" number="420">making</token>
<token t_id="422" sentence="18" number="421">it</token>
<token t_id="423" sentence="18" number="422">easy</token>
<token t_id="424" sentence="18" number="423">to</token>
<token t_id="425" sentence="18" number="424">catalog</token>
<token t_id="426" sentence="18" number="425">streaming</token>
<token t_id="427" sentence="18" number="426">media</token>
<token t_id="428" sentence="18" number="427">,</token>
<token t_id="429" sentence="18" number="428">could</token>
<token t_id="430" sentence="18" number="429">turn</token>
<token t_id="431" sentence="18" number="430">it</token>
<token t_id="432" sentence="18" number="431">into</token>
<token t_id="433" sentence="18" number="432">something</token>
<token t_id="434" sentence="18" number="433">big</token>
<token t_id="435" sentence="18" number="434">.</token>
<token t_id="436" sentence="19" number="435">That</token>
<token t_id="437" sentence="19" number="436">should</token>
<token t_id="438" sentence="19" number="437">scare</token>
<token t_id="439" sentence="19" number="438">Evernote</token>
<token t_id="440" sentence="19" number="439">.</token>
<token t_id="441" sentence="20" number="440">Keep</token>
<token t_id="442" sentence="20" number="441">is</token>
<token t_id="443" sentence="20" number="442">not</token>
<token t_id="444" sentence="20" number="443">the</token>
<token t_id="445" sentence="20" number="444">reinvention</token>
<token t_id="446" sentence="20" number="445">of</token>
<token t_id="447" sentence="20" number="446">the</token>
<token t_id="448" sentence="20" number="447">wheel</token>
<token t_id="449" sentence="20" number="448">in</token>
<token t_id="450" sentence="20" number="449">any</token>
<token t_id="451" sentence="20" number="450">aspect</token>
<token t_id="452" sentence="20" number="451">--</token>
<token t_id="453" sentence="20" number="452">there</token>
<token t_id="454" sentence="20" number="453">are</token>
<token t_id="455" sentence="20" number="454">a</token>
<token t_id="456" sentence="20" number="455">plethora</token>
<token t_id="457" sentence="20" number="456">of</token>
<token t_id="458" sentence="20" number="457">third-party</token>
<token t_id="459" sentence="20" number="458">apps</token>
<token t_id="460" sentence="20" number="459">already</token>
<token t_id="461" sentence="20" number="460">available</token>
<token t_id="462" sentence="20" number="461">for</token>
<token t_id="463" sentence="20" number="462">Android</token>
<token t_id="464" sentence="20" number="463">.</token>
<token t_id="465" sentence="21" number="464">But</token>
<token t_id="466" sentence="21" number="465">it</token>
<token t_id="467" sentence="21" number="466">is</token>
<token t_id="468" sentence="21" number="467">a</token>
<token t_id="469" sentence="21" number="468">well-exectuted</token>
<token t_id="470" sentence="21" number="469">refinement</token>
<token t_id="471" sentence="21" number="470">.</token>
<token t_id="472" sentence="22" number="471">In</token>
<token t_id="473" sentence="22" number="472">filling</token>
<token t_id="474" sentence="22" number="473">a</token>
<token t_id="475" sentence="22" number="474">minor</token>
<token t_id="476" sentence="22" number="475">,</token>
<token t_id="477" sentence="22" number="476">but</token>
<token t_id="478" sentence="22" number="477">important</token>
<token t_id="479" sentence="22" number="478">gap</token>
<token t_id="480" sentence="22" number="479">in</token>
<token t_id="481" sentence="22" number="480">its</token>
<token t_id="482" sentence="22" number="481">mobile</token>
<token t_id="483" sentence="22" number="482">ecosystem</token>
<token t_id="484" sentence="22" number="483">,</token>
<token t_id="485" sentence="22" number="484">Google</token>
<token t_id="486" sentence="22" number="485">gives</token>
<token t_id="487" sentence="22" number="486">the</token>
<token t_id="488" sentence="22" number="487">competition</token>
<token t_id="489" sentence="22" number="488">one</token>
<token t_id="490" sentence="22" number="489">less</token>
<token t_id="491" sentence="22" number="490">claim</token>
<token t_id="492" sentence="22" number="491">of</token>
<token t_id="493" sentence="22" number="492">superiority</token>
<token t_id="494" sentence="22" number="493">over</token>
<token t_id="495" sentence="22" number="494">Android</token>
<token t_id="496" sentence="22" number="495">.</token>


<Markables>
<BACKGROUND m_id="2" previous-episodes="false"  >
<token_anchor t_id="1"/>
<token_anchor t_id="2"/>
<token_anchor t_id="3"/>
<token_anchor t_id="4"/>
<token_anchor t_id="5"/>
<token_anchor t_id="13"/>
<token_anchor t_id="14"/>
<token_anchor t_id="15"/>
<token_anchor t_id="16"/>
<token_anchor t_id="17"/>
<token_anchor t_id="18"/>
<token_anchor t_id="19"/>
<token_anchor t_id="20"/>
</BACKGROUND>
<DESCRIPTION m_id="46" context=""  >
<token_anchor t_id="28"/>
</DESCRIPTION>
<DESCRIPTION m_id="16" context="false"  >
<token_anchor t_id="203"/>
<token_anchor t_id="204"/>
<token_anchor t_id="205"/>
<token_anchor t_id="206"/>
</DESCRIPTION>
<DESCRIPTION m_id="49" context=""  >
<token_anchor t_id="183"/>
<token_anchor t_id="184"/>
<token_anchor t_id="185"/>
<token_anchor t_id="186"/>
<token_anchor t_id="187"/>
<token_anchor t_id="188"/>
<token_anchor t_id="189"/>
<token_anchor t_id="190"/>
<token_anchor t_id="191"/>
<token_anchor t_id="192"/>
<token_anchor t_id="193"/>
<token_anchor t_id="194"/>
<token_anchor t_id="195"/>
<token_anchor t_id="196"/>
<token_anchor t_id="197"/>
<token_anchor t_id="198"/>
<token_anchor t_id="199"/>
<token_anchor t_id="200"/>
<token_anchor t_id="201"/>
</DESCRIPTION>
<DESCRIPTION m_id="17" context="false"  >
<token_anchor t_id="225"/>
<token_anchor t_id="226"/>
<token_anchor t_id="227"/>
<token_anchor t_id="228"/>
<token_anchor t_id="229"/>
<token_anchor t_id="230"/>
<token_anchor t_id="231"/>
<token_anchor t_id="232"/>
<token_anchor t_id="233"/>
<token_anchor t_id="234"/>
<token_anchor t_id="235"/>
<token_anchor t_id="236"/>
<token_anchor t_id="237"/>
<token_anchor t_id="238"/>
<token_anchor t_id="239"/>
<token_anchor t_id="240"/>
<token_anchor t_id="241"/>
<token_anchor t_id="242"/>
<token_anchor t_id="243"/>
<token_anchor t_id="244"/>
<token_anchor t_id="245"/>
<token_anchor t_id="246"/>
<token_anchor t_id="247"/>
</DESCRIPTION>
<DESCRIPTION m_id="50" context=""  >
<token_anchor t_id="207"/>
<token_anchor t_id="208"/>
<token_anchor t_id="209"/>
<token_anchor t_id="210"/>
<token_anchor t_id="211"/>
<token_anchor t_id="212"/>
<token_anchor t_id="213"/>
<token_anchor t_id="214"/>
</DESCRIPTION>
<DESCRIPTION m_id="18" context="false"  >
<token_anchor t_id="249"/>
<token_anchor t_id="250"/>
<token_anchor t_id="251"/>
<token_anchor t_id="252"/>
<token_anchor t_id="253"/>
<token_anchor t_id="254"/>
</DESCRIPTION>
<DESCRIPTION m_id="51" context=""  >
<token_anchor t_id="215"/>
<token_anchor t_id="216"/>
<token_anchor t_id="217"/>
<token_anchor t_id="218"/>
<token_anchor t_id="219"/>
</DESCRIPTION>
<DESCRIPTION m_id="19" context="false"  >
<token_anchor t_id="256"/>
<token_anchor t_id="257"/>
<token_anchor t_id="258"/>
<token_anchor t_id="259"/>
<token_anchor t_id="260"/>
<token_anchor t_id="261"/>
<token_anchor t_id="262"/>
<token_anchor t_id="263"/>
<token_anchor t_id="264"/>
<token_anchor t_id="265"/>
<token_anchor t_id="266"/>
<token_anchor t_id="267"/>
<token_anchor t_id="268"/>
</DESCRIPTION>
<DESCRIPTION m_id="20" context="false"  >
<token_anchor t_id="269"/>
<token_anchor t_id="270"/>
<token_anchor t_id="271"/>
</DESCRIPTION>
<DESCRIPTION m_id="52" context=""  >
<token_anchor t_id="220"/>
<token_anchor t_id="221"/>
<token_anchor t_id="222"/>
<token_anchor t_id="223"/>
</DESCRIPTION>
<DESCRIPTION m_id="21" context="false"  >
<token_anchor t_id="272"/>
<token_anchor t_id="273"/>
<token_anchor t_id="274"/>
</DESCRIPTION>
<DESCRIPTION m_id="3" context="true"  >
<token_anchor t_id="29"/>
<token_anchor t_id="30"/>
<token_anchor t_id="31"/>
<token_anchor t_id="32"/>
<token_anchor t_id="33"/>
<token_anchor t_id="34"/>
<token_anchor t_id="35"/>
<token_anchor t_id="36"/>
<token_anchor t_id="37"/>
<token_anchor t_id="38"/>
<token_anchor t_id="39"/>
<token_anchor t_id="40"/>
<token_anchor t_id="41"/>
<token_anchor t_id="42"/>
<token_anchor t_id="43"/>
<token_anchor t_id="44"/>
</DESCRIPTION>
<DESCRIPTION m_id="5" context="false"  >
<token_anchor t_id="84"/>
<token_anchor t_id="85"/>
<token_anchor t_id="86"/>
<token_anchor t_id="87"/>
<token_anchor t_id="88"/>
</DESCRIPTION>
<DESCRIPTION m_id="38" context="true"  >
<token_anchor t_id="453"/>
<token_anchor t_id="454"/>
<token_anchor t_id="455"/>
<token_anchor t_id="456"/>
<token_anchor t_id="457"/>
<token_anchor t_id="458"/>
<token_anchor t_id="459"/>
<token_anchor t_id="460"/>
<token_anchor t_id="461"/>
<token_anchor t_id="462"/>
<token_anchor t_id="463"/>
</DESCRIPTION>
<DESCRIPTION m_id="6" context="false"  >
<token_anchor t_id="90"/>
<token_anchor t_id="91"/>
</DESCRIPTION>
<DESCRIPTION m_id="7" context="false"  >
<token_anchor t_id="93"/>
<token_anchor t_id="94"/>
<token_anchor t_id="95"/>
<token_anchor t_id="96"/>
<token_anchor t_id="97"/>
</DESCRIPTION>
<DESCRIPTION m_id="8" context="false"  >
<token_anchor t_id="107"/>
<token_anchor t_id="108"/>
<token_anchor t_id="109"/>
<token_anchor t_id="110"/>
<token_anchor t_id="111"/>
<token_anchor t_id="112"/>
<token_anchor t_id="113"/>
<token_anchor t_id="114"/>
</DESCRIPTION>
<DESCRIPTION m_id="9" context="false"  >
<token_anchor t_id="116"/>
<token_anchor t_id="117"/>
<token_anchor t_id="118"/>
<token_anchor t_id="119"/>
<token_anchor t_id="120"/>
<token_anchor t_id="121"/>
<token_anchor t_id="122"/>
<token_anchor t_id="123"/>
<token_anchor t_id="124"/>
<token_anchor t_id="125"/>
<token_anchor t_id="126"/>
<token_anchor t_id="127"/>
</DESCRIPTION>
<DESCRIPTION m_id="10" context="false"  >
<token_anchor t_id="129"/>
<token_anchor t_id="130"/>
<token_anchor t_id="131"/>
<token_anchor t_id="132"/>
<token_anchor t_id="133"/>
<token_anchor t_id="134"/>
</DESCRIPTION>
<DESCRIPTION m_id="11" context="false"  >
<token_anchor t_id="135"/>
<token_anchor t_id="136"/>
<token_anchor t_id="137"/>
<token_anchor t_id="138"/>
<token_anchor t_id="139"/>
</DESCRIPTION>
<DESCRIPTION m_id="12" context="false"  >
<token_anchor t_id="141"/>
<token_anchor t_id="142"/>
<token_anchor t_id="143"/>
<token_anchor t_id="144"/>
<token_anchor t_id="145"/>
<token_anchor t_id="146"/>
<token_anchor t_id="147"/>
<token_anchor t_id="148"/>
<token_anchor t_id="149"/>
<token_anchor t_id="150"/>
<token_anchor t_id="151"/>
<token_anchor t_id="152"/>
<token_anchor t_id="153"/>
<token_anchor t_id="154"/>
<token_anchor t_id="155"/>
<token_anchor t_id="156"/>
</DESCRIPTION>
<EVALUATION m_id="45"  >
<token_anchor t_id="472"/>
<token_anchor t_id="473"/>
<token_anchor t_id="474"/>
<token_anchor t_id="475"/>
<token_anchor t_id="476"/>
<token_anchor t_id="477"/>
<token_anchor t_id="478"/>
<token_anchor t_id="479"/>
<token_anchor t_id="480"/>
<token_anchor t_id="481"/>
<token_anchor t_id="482"/>
<token_anchor t_id="483"/>
</EVALUATION>
<EVALUATION m_id="13"  >
<token_anchor t_id="158"/>
<token_anchor t_id="159"/>
<token_anchor t_id="160"/>
<token_anchor t_id="161"/>
<token_anchor t_id="162"/>
<token_anchor t_id="163"/>
<token_anchor t_id="164"/>
<token_anchor t_id="165"/>
<token_anchor t_id="166"/>
<token_anchor t_id="167"/>
<token_anchor t_id="168"/>
<token_anchor t_id="169"/>
</EVALUATION>
<EVALUATION m_id="14"  >
<token_anchor t_id="171"/>
<token_anchor t_id="172"/>
<token_anchor t_id="173"/>
<token_anchor t_id="174"/>
<token_anchor t_id="175"/>
<token_anchor t_id="176"/>
<token_anchor t_id="177"/>
<token_anchor t_id="178"/>
<token_anchor t_id="179"/>
<token_anchor t_id="180"/>
<token_anchor t_id="181"/>
</EVALUATION>
<EVALUATION m_id="15"  >
<token_anchor t_id="99"/>
<token_anchor t_id="100"/>
<token_anchor t_id="101"/>
<token_anchor t_id="102"/>
<token_anchor t_id="103"/>
<token_anchor t_id="104"/>
<token_anchor t_id="105"/>
</EVALUATION>
<EVALUATION m_id="53"  >
<token_anchor t_id="319"/>
<token_anchor t_id="320"/>
<token_anchor t_id="321"/>
<token_anchor t_id="322"/>
<token_anchor t_id="323"/>
<token_anchor t_id="324"/>
<token_anchor t_id="325"/>
<token_anchor t_id="326"/>
</EVALUATION>
<EVALUATION m_id="22"  >
<token_anchor t_id="276"/>
<token_anchor t_id="277"/>
<token_anchor t_id="278"/>
<token_anchor t_id="279"/>
<token_anchor t_id="280"/>
</EVALUATION>
<EVALUATION m_id="54"  >
<token_anchor t_id="382"/>
<token_anchor t_id="383"/>
<token_anchor t_id="384"/>
<token_anchor t_id="385"/>
</EVALUATION>
<EVALUATION m_id="24"  >
<token_anchor t_id="296"/>
<token_anchor t_id="297"/>
<token_anchor t_id="298"/>
<token_anchor t_id="299"/>
</EVALUATION>
<EVALUATION m_id="25"  >
<token_anchor t_id="301"/>
<token_anchor t_id="302"/>
<token_anchor t_id="303"/>
<token_anchor t_id="304"/>
<token_anchor t_id="305"/>
<token_anchor t_id="306"/>
</EVALUATION>
<EVALUATION m_id="26"  >
<token_anchor t_id="308"/>
<token_anchor t_id="309"/>
<token_anchor t_id="310"/>
<token_anchor t_id="311"/>
<token_anchor t_id="312"/>
<token_anchor t_id="313"/>
<token_anchor t_id="314"/>
</EVALUATION>
<EVALUATION m_id="27"  >
<token_anchor t_id="316"/>
<token_anchor t_id="317"/>
<token_anchor t_id="318"/>
</EVALUATION>
<EVALUATION m_id="28"  >
<token_anchor t_id="328"/>
<token_anchor t_id="329"/>
<token_anchor t_id="330"/>
<token_anchor t_id="331"/>
<token_anchor t_id="332"/>
<token_anchor t_id="333"/>
<token_anchor t_id="334"/>
<token_anchor t_id="335"/>
</EVALUATION>
<EVALUATION m_id="29"  >
<token_anchor t_id="337"/>
<token_anchor t_id="338"/>
<token_anchor t_id="339"/>
<token_anchor t_id="340"/>
<token_anchor t_id="341"/>
<token_anchor t_id="342"/>
<token_anchor t_id="343"/>
<token_anchor t_id="344"/>
<token_anchor t_id="345"/>
<token_anchor t_id="346"/>
<token_anchor t_id="347"/>
<token_anchor t_id="348"/>
<token_anchor t_id="349"/>
<token_anchor t_id="350"/>
<token_anchor t_id="351"/>
<token_anchor t_id="352"/>
</EVALUATION>
<EVALUATION m_id="30"  >
<token_anchor t_id="354"/>
<token_anchor t_id="355"/>
<token_anchor t_id="356"/>
<token_anchor t_id="357"/>
<token_anchor t_id="358"/>
<token_anchor t_id="359"/>
<token_anchor t_id="360"/>
<token_anchor t_id="361"/>
</EVALUATION>
<EVALUATION m_id="33"  >
<token_anchor t_id="379"/>
<token_anchor t_id="380"/>
<token_anchor t_id="381"/>
</EVALUATION>
<EVALUATION m_id="36"  >
<token_anchor t_id="436"/>
<token_anchor t_id="437"/>
<token_anchor t_id="438"/>
<token_anchor t_id="439"/>
</EVALUATION>
<EVALUATION m_id="4"  >
<token_anchor t_id="68"/>
<token_anchor t_id="69"/>
<token_anchor t_id="70"/>
<token_anchor t_id="71"/>
<token_anchor t_id="72"/>
<token_anchor t_id="73"/>
<token_anchor t_id="74"/>
</EVALUATION>
<EVALUATION m_id="37"  >
<token_anchor t_id="441"/>
<token_anchor t_id="442"/>
<token_anchor t_id="443"/>
<token_anchor t_id="444"/>
<token_anchor t_id="445"/>
<token_anchor t_id="446"/>
<token_anchor t_id="447"/>
<token_anchor t_id="448"/>
<token_anchor t_id="449"/>
<token_anchor t_id="450"/>
<token_anchor t_id="451"/>
</EVALUATION>
<EVALUATION m_id="39"  >
<token_anchor t_id="465"/>
<token_anchor t_id="466"/>
<token_anchor t_id="467"/>
<token_anchor t_id="468"/>
<token_anchor t_id="469"/>
<token_anchor t_id="470"/>
</EVALUATION>
<EVALUATION m_id="40"  >
<token_anchor t_id="485"/>
<token_anchor t_id="486"/>
<token_anchor t_id="487"/>
<token_anchor t_id="488"/>
<token_anchor t_id="489"/>
<token_anchor t_id="490"/>
<token_anchor t_id="491"/>
<token_anchor t_id="492"/>
<token_anchor t_id="493"/>
<token_anchor t_id="494"/>
<token_anchor t_id="495"/>
</EVALUATION>
<EVALUATION m_id="41"  >
<token_anchor t_id="22"/>
<token_anchor t_id="23"/>
<token_anchor t_id="24"/>
<token_anchor t_id="25"/>
<token_anchor t_id="26"/>
</EVALUATION>
<EVALUATION m_id="43"  >
<token_anchor t_id="75"/>
<token_anchor t_id="76"/>
<token_anchor t_id="77"/>
<token_anchor t_id="78"/>
<token_anchor t_id="79"/>
<token_anchor t_id="80"/>
<token_anchor t_id="81"/>
<token_anchor t_id="82"/>
</EVALUATION>
<EXPECTATION m_id="23"  >
<token_anchor t_id="282"/>
<token_anchor t_id="283"/>
<token_anchor t_id="284"/>
<token_anchor t_id="285"/>
<token_anchor t_id="286"/>
<token_anchor t_id="287"/>
<token_anchor t_id="288"/>
<token_anchor t_id="289"/>
<token_anchor t_id="290"/>
<token_anchor t_id="291"/>
<token_anchor t_id="292"/>
<token_anchor t_id="293"/>
<token_anchor t_id="294"/>
</EXPECTATION>
<EXPECTATION m_id="55"  >
<token_anchor t_id="424"/>
<token_anchor t_id="425"/>
<token_anchor t_id="426"/>
<token_anchor t_id="427"/>
</EXPECTATION>
<EXPECTATION m_id="31"  >
<token_anchor t_id="362"/>
<token_anchor t_id="363"/>
<token_anchor t_id="364"/>
<token_anchor t_id="365"/>
<token_anchor t_id="366"/>
<token_anchor t_id="367"/>
</EXPECTATION>
<EXPECTATION m_id="32"  >
<token_anchor t_id="368"/>
<token_anchor t_id="369"/>
<token_anchor t_id="370"/>
<token_anchor t_id="371"/>
<token_anchor t_id="372"/>
<token_anchor t_id="373"/>
<token_anchor t_id="374"/>
<token_anchor t_id="375"/>
<token_anchor t_id="376"/>
<token_anchor t_id="377"/>
</EXPECTATION>
<EXPECTATION m_id="34"  >
<token_anchor t_id="387"/>
<token_anchor t_id="388"/>
<token_anchor t_id="389"/>
<token_anchor t_id="390"/>
<token_anchor t_id="391"/>
</EXPECTATION>
<EXPECTATION m_id="35"  >
<token_anchor t_id="405"/>
<token_anchor t_id="406"/>
<token_anchor t_id="407"/>
<token_anchor t_id="408"/>
<token_anchor t_id="409"/>
<token_anchor t_id="410"/>
<token_anchor t_id="411"/>
<token_anchor t_id="412"/>
<token_anchor t_id="413"/>
<token_anchor t_id="414"/>
<token_anchor t_id="415"/>
<token_anchor t_id="416"/>
<token_anchor t_id="417"/>
<token_anchor t_id="418"/>
<token_anchor t_id="419"/>
<token_anchor t_id="420"/>
<token_anchor t_id="421"/>
<token_anchor t_id="422"/>
<token_anchor t_id="423"/>
<token_anchor t_id="429"/>
<token_anchor t_id="430"/>
<token_anchor t_id="431"/>
<token_anchor t_id="432"/>
<token_anchor t_id="433"/>
<token_anchor t_id="434"/>
</EXPECTATION>
<EXPECTATION m_id="44"  >
<token_anchor t_id="392"/>
<token_anchor t_id="393"/>
<token_anchor t_id="394"/>
<token_anchor t_id="395"/>
<token_anchor t_id="396"/>
<token_anchor t_id="397"/>
<token_anchor t_id="398"/>
<token_anchor t_id="399"/>
<token_anchor t_id="400"/>
<token_anchor t_id="401"/>
<token_anchor t_id="402"/>
<token_anchor t_id="403"/>
</EXPECTATION>
<FOREGROUND m_id="47" type="narration"  >
<token_anchor t_id="46"/>
<token_anchor t_id="47"/>
<token_anchor t_id="48"/>
<token_anchor t_id="49"/>
<token_anchor t_id="50"/>
<token_anchor t_id="51"/>
<token_anchor t_id="52"/>
<token_anchor t_id="53"/>
</FOREGROUND>
<FOREGROUND m_id="48" type="narration"  >
<token_anchor t_id="54"/>
<token_anchor t_id="55"/>
<token_anchor t_id="56"/>
<token_anchor t_id="57"/>
</FOREGROUND>
<FOREGROUND m_id="1" type="narration"  >
<token_anchor t_id="7"/>
<token_anchor t_id="8"/>
<token_anchor t_id="9"/>
<token_anchor t_id="10"/>
<token_anchor t_id="11"/>
</FOREGROUND>
<FOREGROUND m_id="42" type="narration"  >
<token_anchor t_id="59"/>
<token_anchor t_id="60"/>
<token_anchor t_id="61"/>
<token_anchor t_id="62"/>
<token_anchor t_id="63"/>
<token_anchor t_id="64"/>
<token_anchor t_id="65"/>
<token_anchor t_id="66"/>
</FOREGROUND>


</Markables>

<Relations>
</Relations>
</Document>
