<Document doc_name="CNN_20130322_314">
<token t_id="1" sentence="0" number="0">President</token>
<token t_id="2" sentence="0" number="1">Barack</token>
<token t_id="3" sentence="0" number="2">Obama</token>
<token t_id="4" sentence="0" number="3">arrived</token>
<token t_id="5" sentence="0" number="4">in</token>
<token t_id="6" sentence="0" number="5">refugee-flooded</token>
<token t_id="7" sentence="0" number="6">Jordan</token>
<token t_id="8" sentence="0" number="7">on</token>
<token t_id="9" sentence="0" number="8">Friday</token>
<token t_id="10" sentence="0" number="9">after</token>
<token t_id="11" sentence="0" number="10">scoring</token>
<token t_id="12" sentence="0" number="11">a</token>
<token t_id="13" sentence="0" number="12">diplomatic</token>
<token t_id="14" sentence="0" number="13">coup</token>
<token t_id="15" sentence="0" number="14">just</token>
<token t_id="16" sentence="0" number="15">before</token>
<token t_id="17" sentence="0" number="16">leaving</token>
<token t_id="18" sentence="0" number="17">Israel</token>
<token t_id="19" sentence="0" number="18">when</token>
<token t_id="20" sentence="0" number="19">Prime</token>
<token t_id="21" sentence="0" number="20">Minister</token>
<token t_id="22" sentence="0" number="21">Benjamin</token>
<token t_id="23" sentence="0" number="22">Netanyahu</token>
<token t_id="24" sentence="0" number="23">apologized</token>
<token t_id="25" sentence="0" number="24">to</token>
<token t_id="26" sentence="0" number="25">Turkey</token>
<token t_id="27" sentence="0" number="26">for</token>
<token t_id="28" sentence="0" number="27">a</token>
<token t_id="29" sentence="0" number="28">2010</token>
<token t_id="30" sentence="0" number="29">commando</token>
<token t_id="31" sentence="0" number="30">raid</token>
<token t_id="32" sentence="0" number="31">that</token>
<token t_id="33" sentence="0" number="32">killed</token>
<token t_id="34" sentence="0" number="33">nine</token>
<token t_id="35" sentence="0" number="34">activists</token>
<token t_id="36" sentence="0" number="35">on</token>
<token t_id="37" sentence="0" number="36">a</token>
<token t_id="38" sentence="0" number="37">Turkish</token>
<token t_id="39" sentence="0" number="38">vessel</token>
<token t_id="40" sentence="0" number="39">in</token>
<token t_id="41" sentence="0" number="40">a</token>
<token t_id="42" sentence="0" number="41">Gaza-bound</token>
<token t_id="43" sentence="0" number="42">flotilla</token>
<token t_id="44" sentence="0" number="43">.</token>
<token t_id="45" sentence="1" number="44">The</token>
<token t_id="46" sentence="1" number="45">apology</token>
<token t_id="47" sentence="1" number="46">,</token>
<token t_id="48" sentence="1" number="47">long</token>
<token t_id="49" sentence="1" number="48">sought</token>
<token t_id="50" sentence="1" number="49">by</token>
<token t_id="51" sentence="1" number="50">Turkish</token>
<token t_id="52" sentence="1" number="51">Prime</token>
<token t_id="53" sentence="1" number="52">Minister</token>
<token t_id="54" sentence="1" number="53">Recep</token>
<token t_id="55" sentence="1" number="54">Erdogan</token>
<token t_id="56" sentence="1" number="55">,</token>
<token t_id="57" sentence="1" number="56">eased</token>
<token t_id="58" sentence="1" number="57">strained</token>
<token t_id="59" sentence="1" number="58">feelings</token>
<token t_id="60" sentence="1" number="59">between</token>
<token t_id="61" sentence="1" number="60">Turkey</token>
<token t_id="62" sentence="1" number="61">and</token>
<token t_id="63" sentence="1" number="62">Israel</token>
<token t_id="64" sentence="1" number="63">,</token>
<token t_id="65" sentence="1" number="64">two</token>
<token t_id="66" sentence="1" number="65">vital</token>
<token t_id="67" sentence="1" number="66">U.S.</token>
<token t_id="68" sentence="1" number="67">allies</token>
<token t_id="69" sentence="1" number="68">in</token>
<token t_id="70" sentence="1" number="69">the</token>
<token t_id="71" sentence="1" number="70">Middle</token>
<token t_id="72" sentence="1" number="71">East</token>
<token t_id="73" sentence="1" number="72">.</token>
<token t_id="74" sentence="2" number="73">It</token>
<token t_id="75" sentence="2" number="74">happened</token>
<token t_id="76" sentence="2" number="75">in</token>
<token t_id="77" sentence="2" number="76">a</token>
<token t_id="78" sentence="2" number="77">phone</token>
<token t_id="79" sentence="2" number="78">call</token>
<token t_id="80" sentence="2" number="79">to</token>
<token t_id="81" sentence="2" number="80">Erdogan</token>
<token t_id="82" sentence="2" number="81">during</token>
<token t_id="83" sentence="2" number="82">a</token>
<token t_id="84" sentence="2" number="83">final</token>
<token t_id="85" sentence="2" number="84">meeting</token>
<token t_id="86" sentence="2" number="85">between</token>
<token t_id="87" sentence="2" number="86">Obama</token>
<token t_id="88" sentence="2" number="87">and</token>
<token t_id="89" sentence="2" number="88">Netanyahu</token>
<token t_id="90" sentence="2" number="89">at</token>
<token t_id="91" sentence="2" number="90">Ben</token>
<token t_id="92" sentence="2" number="91">Gurion</token>
<token t_id="93" sentence="2" number="92">International</token>
<token t_id="94" sentence="2" number="93">Airport</token>
<token t_id="95" sentence="2" number="94">in</token>
<token t_id="96" sentence="2" number="95">Tel</token>
<token t_id="97" sentence="2" number="96">Aviv</token>
<token t_id="98" sentence="2" number="97">minutes</token>
<token t_id="99" sentence="2" number="98">before</token>
<token t_id="100" sentence="2" number="99">Air</token>
<token t_id="101" sentence="2" number="100">Force</token>
<token t_id="102" sentence="2" number="101">One</token>
<token t_id="103" sentence="2" number="102">departed</token>
<token t_id="104" sentence="2" number="103">for</token>
<token t_id="105" sentence="2" number="104">Jordan</token>
<token t_id="106" sentence="2" number="105">to</token>
<token t_id="107" sentence="2" number="106">complete</token>
<token t_id="108" sentence="2" number="107">the</token>
<token t_id="109" sentence="2" number="108">president</token>
<token t_id="110" sentence="2" number="109">'s</token>
<token t_id="111" sentence="2" number="110">Middle</token>
<token t_id="112" sentence="2" number="111">East</token>
<token t_id="113" sentence="2" number="112">swing</token>
<token t_id="114" sentence="2" number="113">.</token>
<token t_id="115" sentence="3" number="114">It</token>
<token t_id="116" sentence="3" number="115">is</token>
<token t_id="117" sentence="3" number="116">the</token>
<token t_id="118" sentence="3" number="117">first</token>
<token t_id="119" sentence="3" number="118">foreign</token>
<token t_id="120" sentence="3" number="119">trip</token>
<token t_id="121" sentence="3" number="120">of</token>
<token t_id="122" sentence="3" number="121">his</token>
<token t_id="123" sentence="3" number="122">second</token>
<token t_id="124" sentence="3" number="123">term</token>
<token t_id="125" sentence="3" number="124">.</token>
<token t_id="126" sentence="4" number="125">A</token>
<token t_id="127" sentence="4" number="126">statement</token>
<token t_id="128" sentence="4" number="127">from</token>
<token t_id="129" sentence="4" number="128">Netanyahu</token>
<token t_id="130" sentence="4" number="129">'s</token>
<token t_id="131" sentence="4" number="130">office</token>
<token t_id="132" sentence="4" number="131">said</token>
<token t_id="133" sentence="4" number="132">the</token>
<token t_id="134" sentence="4" number="133">apology</token>
<token t_id="135" sentence="4" number="134">included</token>
<token t_id="136" sentence="4" number="135">an</token>
<token t_id="137" sentence="4" number="136">offer</token>
<token t_id="138" sentence="4" number="137">of</token>
<token t_id="139" sentence="4" number="138">compensation</token>
<token t_id="140" sentence="4" number="139">.</token>
<token t_id="141" sentence="5" number="140">However</token>
<token t_id="142" sentence="5" number="141">,</token>
<token t_id="143" sentence="5" number="142">there</token>
<token t_id="144" sentence="5" number="143">was</token>
<token t_id="145" sentence="5" number="144">confusion</token>
<token t_id="146" sentence="5" number="145">later</token>
<token t_id="147" sentence="5" number="146">when</token>
<token t_id="148" sentence="5" number="147">the</token>
<token t_id="149" sentence="5" number="148">Israeli</token>
<token t_id="150" sentence="5" number="149">government</token>
<token t_id="151" sentence="5" number="150">dropped</token>
<token t_id="152" sentence="5" number="151">a</token>
<token t_id="153" sentence="5" number="152">reference</token>
<token t_id="154" sentence="5" number="153">in</token>
<token t_id="155" sentence="5" number="154">its</token>
<token t_id="156" sentence="5" number="155">original</token>
<token t_id="157" sentence="5" number="156">statement</token>
<token t_id="158" sentence="5" number="157">to</token>
<token t_id="159" sentence="5" number="158">normalized</token>
<token t_id="160" sentence="5" number="159">relations</token>
<token t_id="161" sentence="5" number="160">between</token>
<token t_id="162" sentence="5" number="161">the</token>
<token t_id="163" sentence="5" number="162">countries</token>
<token t_id="164" sentence="5" number="163">with</token>
<token t_id="165" sentence="5" number="164">a</token>
<token t_id="166" sentence="5" number="165">return</token>
<token t_id="167" sentence="5" number="166">of</token>
<token t_id="168" sentence="5" number="167">ambassadors</token>
<token t_id="169" sentence="5" number="168">.</token>
<token t_id="170" sentence="6" number="169">There</token>
<token t_id="171" sentence="6" number="170">also</token>
<token t_id="172" sentence="6" number="171">was</token>
<token t_id="173" sentence="6" number="172">no</token>
<token t_id="174" sentence="6" number="173">word</token>
<token t_id="175" sentence="6" number="174">on</token>
<token t_id="176" sentence="6" number="175">whether</token>
<token t_id="177" sentence="6" number="176">the</token>
<token t_id="178" sentence="6" number="177">once-close</token>
<token t_id="179" sentence="6" number="178">nations</token>
<token t_id="180" sentence="6" number="179">would</token>
<token t_id="181" sentence="6" number="180">resume</token>
<token t_id="182" sentence="6" number="181">the</token>
<token t_id="183" sentence="6" number="182">joint</token>
<token t_id="184" sentence="6" number="183">military</token>
<token t_id="185" sentence="6" number="184">exercises</token>
<token t_id="186" sentence="6" number="185">that</token>
<token t_id="187" sentence="6" number="186">were</token>
<token t_id="188" sentence="6" number="187">suspended</token>
<token t_id="189" sentence="6" number="188">after</token>
<token t_id="190" sentence="6" number="189">the</token>
<token t_id="191" sentence="6" number="190">flotilla</token>
<token t_id="192" sentence="6" number="191">raid</token>
<token t_id="193" sentence="6" number="192">.</token>
<token t_id="194" sentence="7" number="193">Turkey</token>
<token t_id="195" sentence="7" number="194">had</token>
<token t_id="196" sentence="7" number="195">been</token>
<token t_id="197" sentence="7" number="196">prosecuting</token>
<token t_id="198" sentence="7" number="197">four</token>
<token t_id="199" sentence="7" number="198">Israeli</token>
<token t_id="200" sentence="7" number="199">soldiers</token>
<token t_id="201" sentence="7" number="200">in</token>
<token t_id="202" sentence="7" number="201">absentia</token>
<token t_id="203" sentence="7" number="202">and</token>
<token t_id="204" sentence="7" number="203">Israel</token>
<token t_id="205" sentence="7" number="204">initially</token>
<token t_id="206" sentence="7" number="205">said</token>
<token t_id="207" sentence="7" number="206">the</token>
<token t_id="208" sentence="7" number="207">two</token>
<token t_id="209" sentence="7" number="208">leaders</token>
<token t_id="210" sentence="7" number="209">agreed</token>
<token t_id="211" sentence="7" number="210">to</token>
<token t_id="212" sentence="7" number="211">the</token>
<token t_id="213" sentence="7" number="212">cancellation</token>
<token t_id="214" sentence="7" number="213">of</token>
<token t_id="215" sentence="7" number="214">legal</token>
<token t_id="216" sentence="7" number="215">steps</token>
<token t_id="217" sentence="7" number="216">against</token>
<token t_id="218" sentence="7" number="217">the</token>
<token t_id="219" sentence="7" number="218">troops</token>
<token t_id="220" sentence="7" number="219">.</token>
<token t_id="221" sentence="8" number="220">Later</token>
<token t_id="222" sentence="8" number="221">,</token>
<token t_id="223" sentence="8" number="222">however</token>
<token t_id="224" sentence="8" number="223">,</token>
<token t_id="225" sentence="8" number="224">its</token>
<token t_id="226" sentence="8" number="225">amended</token>
<token t_id="227" sentence="8" number="226">statement</token>
<token t_id="228" sentence="8" number="227">omitted</token>
<token t_id="229" sentence="8" number="228">that</token>
<token t_id="230" sentence="8" number="229">action</token>
<token t_id="231" sentence="8" number="230">as</token>
<token t_id="232" sentence="8" number="231">well</token>
<token t_id="233" sentence="8" number="232">.</token>


<Markables>
<ATTRIBUTION m_id="7" quote="true"  >
<token_anchor t_id="126"/>
<token_anchor t_id="127"/>
<token_anchor t_id="128"/>
<token_anchor t_id="129"/>
<token_anchor t_id="130"/>
<token_anchor t_id="131"/>
<token_anchor t_id="132"/>
</ATTRIBUTION>
<ATTRIBUTION m_id="11" quote="true"  >
<token_anchor t_id="203"/>
<token_anchor t_id="204"/>
<token_anchor t_id="205"/>
<token_anchor t_id="206"/>
</ATTRIBUTION>
<BACKGROUND m_id="13" previous-episodes="false"  >
<token_anchor t_id="221"/>
<token_anchor t_id="222"/>
<token_anchor t_id="223"/>
<token_anchor t_id="224"/>
<token_anchor t_id="225"/>
<token_anchor t_id="226"/>
<token_anchor t_id="227"/>
<token_anchor t_id="228"/>
<token_anchor t_id="229"/>
<token_anchor t_id="230"/>
<token_anchor t_id="231"/>
<token_anchor t_id="232"/>
</BACKGROUND>
<BACKGROUND m_id="15" previous-episodes="false"  >
<token_anchor t_id="48"/>
<token_anchor t_id="49"/>
<token_anchor t_id="50"/>
<token_anchor t_id="51"/>
<token_anchor t_id="52"/>
<token_anchor t_id="53"/>
<token_anchor t_id="54"/>
<token_anchor t_id="55"/>
</BACKGROUND>
<BACKGROUND m_id="10" previous-episodes="true"  >
<token_anchor t_id="194"/>
<token_anchor t_id="195"/>
<token_anchor t_id="196"/>
<token_anchor t_id="197"/>
<token_anchor t_id="198"/>
<token_anchor t_id="199"/>
<token_anchor t_id="200"/>
<token_anchor t_id="201"/>
<token_anchor t_id="202"/>
</BACKGROUND>
<BACKGROUND m_id="12" previous-episodes="false"  >
<token_anchor t_id="207"/>
<token_anchor t_id="208"/>
<token_anchor t_id="209"/>
<token_anchor t_id="210"/>
<token_anchor t_id="211"/>
<token_anchor t_id="212"/>
<token_anchor t_id="213"/>
<token_anchor t_id="214"/>
<token_anchor t_id="215"/>
<token_anchor t_id="216"/>
<token_anchor t_id="217"/>
<token_anchor t_id="218"/>
<token_anchor t_id="219"/>
</BACKGROUND>
<DESCRIPTION m_id="6" context="false"  >
<token_anchor t_id="115"/>
<token_anchor t_id="116"/>
<token_anchor t_id="117"/>
<token_anchor t_id="118"/>
<token_anchor t_id="119"/>
<token_anchor t_id="120"/>
<token_anchor t_id="121"/>
<token_anchor t_id="122"/>
<token_anchor t_id="123"/>
<token_anchor t_id="124"/>
</DESCRIPTION>
<EXPECTATION m_id="14"  >
<token_anchor t_id="170"/>
<token_anchor t_id="171"/>
<token_anchor t_id="172"/>
<token_anchor t_id="173"/>
<token_anchor t_id="174"/>
<token_anchor t_id="175"/>
<token_anchor t_id="176"/>
<token_anchor t_id="177"/>
<token_anchor t_id="178"/>
<token_anchor t_id="179"/>
<token_anchor t_id="180"/>
<token_anchor t_id="181"/>
<token_anchor t_id="182"/>
<token_anchor t_id="183"/>
<token_anchor t_id="184"/>
<token_anchor t_id="185"/>
<token_anchor t_id="186"/>
<token_anchor t_id="187"/>
<token_anchor t_id="188"/>
<token_anchor t_id="189"/>
<token_anchor t_id="190"/>
<token_anchor t_id="191"/>
<token_anchor t_id="192"/>
</EXPECTATION>
<FOLLOW-UP m_id="19" anchor="non_future"  >
<token_anchor t_id="141"/>
<token_anchor t_id="142"/>
<token_anchor t_id="143"/>
<token_anchor t_id="144"/>
<token_anchor t_id="145"/>
<token_anchor t_id="146"/>
</FOLLOW-UP>
<FOLLOW-UP m_id="3" anchor="non_future"  >
<token_anchor t_id="45"/>
<token_anchor t_id="46"/>
<token_anchor t_id="57"/>
<token_anchor t_id="58"/>
<token_anchor t_id="59"/>
<token_anchor t_id="60"/>
<token_anchor t_id="61"/>
<token_anchor t_id="62"/>
<token_anchor t_id="63"/>
<token_anchor t_id="64"/>
<token_anchor t_id="65"/>
<token_anchor t_id="66"/>
<token_anchor t_id="67"/>
<token_anchor t_id="68"/>
<token_anchor t_id="69"/>
<token_anchor t_id="70"/>
<token_anchor t_id="71"/>
<token_anchor t_id="72"/>
</FOLLOW-UP>
<FOLLOW-UP m_id="9" anchor="non_future"  >
<token_anchor t_id="147"/>
<token_anchor t_id="148"/>
<token_anchor t_id="149"/>
<token_anchor t_id="150"/>
<token_anchor t_id="151"/>
<token_anchor t_id="152"/>
<token_anchor t_id="153"/>
<token_anchor t_id="154"/>
<token_anchor t_id="155"/>
<token_anchor t_id="156"/>
<token_anchor t_id="157"/>
<token_anchor t_id="158"/>
<token_anchor t_id="159"/>
<token_anchor t_id="160"/>
<token_anchor t_id="161"/>
<token_anchor t_id="162"/>
<token_anchor t_id="163"/>
<token_anchor t_id="164"/>
<token_anchor t_id="165"/>
<token_anchor t_id="166"/>
<token_anchor t_id="167"/>
<token_anchor t_id="168"/>
</FOLLOW-UP>
<FOREGROUND m_id="16" type="narration"  >
<token_anchor t_id="15"/>
<token_anchor t_id="16"/>
<token_anchor t_id="17"/>
<token_anchor t_id="18"/>
</FOREGROUND>
<FOREGROUND m_id="17" type="narration"  >
<token_anchor t_id="19"/>
<token_anchor t_id="20"/>
<token_anchor t_id="21"/>
<token_anchor t_id="22"/>
<token_anchor t_id="23"/>
<token_anchor t_id="24"/>
<token_anchor t_id="25"/>
<token_anchor t_id="26"/>
<token_anchor t_id="27"/>
<token_anchor t_id="28"/>
<token_anchor t_id="29"/>
<token_anchor t_id="30"/>
<token_anchor t_id="31"/>
<token_anchor t_id="32"/>
<token_anchor t_id="33"/>
<token_anchor t_id="34"/>
<token_anchor t_id="35"/>
<token_anchor t_id="36"/>
<token_anchor t_id="37"/>
<token_anchor t_id="38"/>
<token_anchor t_id="39"/>
<token_anchor t_id="40"/>
<token_anchor t_id="41"/>
<token_anchor t_id="42"/>
<token_anchor t_id="43"/>
</FOREGROUND>
<FOREGROUND m_id="18" type="narration"  >
<token_anchor t_id="106"/>
<token_anchor t_id="107"/>
<token_anchor t_id="108"/>
<token_anchor t_id="109"/>
<token_anchor t_id="110"/>
<token_anchor t_id="111"/>
<token_anchor t_id="112"/>
<token_anchor t_id="113"/>
<token_anchor t_id="114"/>
</FOREGROUND>
<FOREGROUND m_id="1" type="narration"  >
<token_anchor t_id="1"/>
<token_anchor t_id="2"/>
<token_anchor t_id="3"/>
<token_anchor t_id="4"/>
<token_anchor t_id="5"/>
<token_anchor t_id="6"/>
<token_anchor t_id="7"/>
<token_anchor t_id="8"/>
<token_anchor t_id="9"/>
</FOREGROUND>
<FOREGROUND m_id="2" type="narration"  >
<token_anchor t_id="10"/>
<token_anchor t_id="11"/>
<token_anchor t_id="12"/>
<token_anchor t_id="13"/>
<token_anchor t_id="14"/>
</FOREGROUND>
<FOREGROUND m_id="4" type="narration"  >
<token_anchor t_id="74"/>
<token_anchor t_id="75"/>
<token_anchor t_id="76"/>
<token_anchor t_id="77"/>
<token_anchor t_id="78"/>
<token_anchor t_id="79"/>
<token_anchor t_id="80"/>
<token_anchor t_id="81"/>
<token_anchor t_id="82"/>
<token_anchor t_id="83"/>
<token_anchor t_id="84"/>
<token_anchor t_id="85"/>
<token_anchor t_id="86"/>
<token_anchor t_id="87"/>
<token_anchor t_id="88"/>
<token_anchor t_id="89"/>
<token_anchor t_id="90"/>
<token_anchor t_id="91"/>
<token_anchor t_id="92"/>
<token_anchor t_id="93"/>
<token_anchor t_id="94"/>
<token_anchor t_id="95"/>
<token_anchor t_id="96"/>
<token_anchor t_id="97"/>
</FOREGROUND>
<FOREGROUND m_id="5" type="narration"  >
<token_anchor t_id="98"/>
<token_anchor t_id="99"/>
<token_anchor t_id="100"/>
<token_anchor t_id="101"/>
<token_anchor t_id="102"/>
<token_anchor t_id="103"/>
<token_anchor t_id="104"/>
<token_anchor t_id="105"/>
</FOREGROUND>
<FOREGROUND m_id="8" type="narration"  >
<token_anchor t_id="133"/>
<token_anchor t_id="134"/>
<token_anchor t_id="135"/>
<token_anchor t_id="136"/>
<token_anchor t_id="137"/>
<token_anchor t_id="138"/>
<token_anchor t_id="139"/>
</FOREGROUND>


</Markables>

<Relations>
</Relations>
</Document>
