<Document doc_name="CNN_20130322_1003">
<token t_id="1" sentence="0" number="0">A</token>
<token t_id="2" sentence="0" number="1">New</token>
<token t_id="3" sentence="0" number="2">York</token>
<token t_id="4" sentence="0" number="3">man</token>
<token t_id="5" sentence="0" number="4">who</token>
<token t_id="6" sentence="0" number="5">was</token>
<token t_id="7" sentence="0" number="6">accused</token>
<token t_id="8" sentence="0" number="7">of</token>
<token t_id="9" sentence="0" number="8">faking</token>
<token t_id="10" sentence="0" number="9">his</token>
<token t_id="11" sentence="0" number="10">death</token>
<token t_id="12" sentence="0" number="11">last</token>
<token t_id="13" sentence="0" number="12">summer</token>
<token t_id="14" sentence="0" number="13">pleaded</token>
<token t_id="15" sentence="0" number="14">guilty</token>
<token t_id="16" sentence="0" number="15">to</token>
<token t_id="17" sentence="0" number="16">a</token>
<token t_id="18" sentence="0" number="17">conspiracy</token>
<token t_id="19" sentence="0" number="18">charge</token>
<token t_id="20" sentence="0" number="19">Thursday</token>
<token t_id="21" sentence="0" number="20">,</token>
<token t_id="22" sentence="0" number="21">Nassau</token>
<token t_id="23" sentence="0" number="22">County</token>
<token t_id="24" sentence="0" number="23">District</token>
<token t_id="25" sentence="0" number="24">Attorney</token>
<token t_id="26" sentence="0" number="25">Kathleen</token>
<token t_id="27" sentence="0" number="26">Rice</token>
<token t_id="28" sentence="0" number="27">announced</token>
<token t_id="29" sentence="0" number="28">.</token>
<token t_id="30" sentence="1" number="29">Raymond</token>
<token t_id="31" sentence="1" number="30">Roth</token>
<token t_id="32" sentence="1" number="31">,</token>
<token t_id="33" sentence="1" number="32">48</token>
<token t_id="34" sentence="1" number="33">,</token>
<token t_id="35" sentence="1" number="34">of</token>
<token t_id="36" sentence="1" number="35">Massapequa</token>
<token t_id="37" sentence="1" number="36">,</token>
<token t_id="38" sentence="1" number="37">New</token>
<token t_id="39" sentence="1" number="38">York</token>
<token t_id="40" sentence="1" number="39">,</token>
<token t_id="41" sentence="1" number="40">was</token>
<token t_id="42" sentence="1" number="41">first</token>
<token t_id="43" sentence="1" number="42">reported</token>
<token t_id="44" sentence="1" number="43">missing</token>
<token t_id="45" sentence="1" number="44">in</token>
<token t_id="46" sentence="1" number="45">the</token>
<token t_id="47" sentence="1" number="46">waters</token>
<token t_id="48" sentence="1" number="47">off</token>
<token t_id="49" sentence="1" number="48">Jones</token>
<token t_id="50" sentence="1" number="49">Beach</token>
<token t_id="51" sentence="1" number="50">late</token>
<token t_id="52" sentence="1" number="51">last</token>
<token t_id="53" sentence="1" number="52">July</token>
<token t_id="54" sentence="1" number="53">by</token>
<token t_id="55" sentence="1" number="54">his</token>
<token t_id="56" sentence="1" number="55">22-year-old</token>
<token t_id="57" sentence="1" number="56">son</token>
<token t_id="58" sentence="1" number="57">,</token>
<token t_id="59" sentence="1" number="58">Jonathan</token>
<token t_id="60" sentence="1" number="59">Roth</token>
<token t_id="61" sentence="1" number="60">.</token>
<token t_id="62" sentence="2" number="61">Several</token>
<token t_id="63" sentence="2" number="62">days</token>
<token t_id="64" sentence="2" number="63">into</token>
<token t_id="65" sentence="2" number="64">an</token>
<token t_id="66" sentence="2" number="65">extensive</token>
<token t_id="67" sentence="2" number="66">search</token>
<token t_id="68" sentence="2" number="67">involving</token>
<token t_id="69" sentence="2" number="68">multiple</token>
<token t_id="70" sentence="2" number="69">agencies</token>
<token t_id="71" sentence="2" number="70">,</token>
<token t_id="72" sentence="2" number="71">New</token>
<token t_id="73" sentence="2" number="72">York</token>
<token t_id="74" sentence="2" number="73">State</token>
<token t_id="75" sentence="2" number="74">Park</token>
<token t_id="76" sentence="2" number="75">Police</token>
<token t_id="77" sentence="2" number="76">said</token>
<token t_id="78" sentence="2" number="77">,</token>
<token t_id="79" sentence="2" number="78">authorities</token>
<token t_id="80" sentence="2" number="79">learned</token>
<token t_id="81" sentence="2" number="80">the</token>
<token t_id="82" sentence="2" number="81">missing</token>
<token t_id="83" sentence="2" number="82">man</token>
<token t_id="84" sentence="2" number="83">was</token>
<token t_id="85" sentence="2" number="84">in</token>
<token t_id="86" sentence="2" number="85">South</token>
<token t_id="87" sentence="2" number="86">Carolina</token>
<token t_id="88" sentence="2" number="87">,</token>
<token t_id="89" sentence="2" number="88">where</token>
<token t_id="90" sentence="2" number="89">he</token>
<token t_id="91" sentence="2" number="90">had</token>
<token t_id="92" sentence="2" number="91">been</token>
<token t_id="93" sentence="2" number="92">pulled</token>
<token t_id="94" sentence="2" number="93">over</token>
<token t_id="95" sentence="2" number="94">for</token>
<token t_id="96" sentence="2" number="95">speeding</token>
<token t_id="97" sentence="2" number="96">.</token>
<token t_id="98" sentence="3" number="97">The</token>
<token t_id="99" sentence="3" number="98">day</token>
<token t_id="100" sentence="3" number="99">before</token>
<token t_id="101" sentence="3" number="100">Raymond</token>
<token t_id="102" sentence="3" number="101">Roth</token>
<token t_id="103" sentence="3" number="102">was</token>
<token t_id="104" sentence="3" number="103">pulled</token>
<token t_id="105" sentence="3" number="104">over</token>
<token t_id="106" sentence="3" number="105">,</token>
<token t_id="107" sentence="3" number="106">his</token>
<token t_id="108" sentence="3" number="107">wife</token>
<token t_id="109" sentence="3" number="108">,</token>
<token t_id="110" sentence="3" number="109">Evana</token>
<token t_id="111" sentence="3" number="110">,</token>
<token t_id="112" sentence="3" number="111">showed</token>
<token t_id="113" sentence="3" number="112">authorities</token>
<token t_id="114" sentence="3" number="113">e-mails</token>
<token t_id="115" sentence="3" number="114">she</token>
<token t_id="116" sentence="3" number="115">had</token>
<token t_id="117" sentence="3" number="116">discovered</token>
<token t_id="118" sentence="3" number="117">that</token>
<token t_id="119" sentence="3" number="118">appeared</token>
<token t_id="120" sentence="3" number="119">to</token>
<token t_id="121" sentence="3" number="120">detail</token>
<token t_id="122" sentence="3" number="121">a</token>
<token t_id="123" sentence="3" number="122">plan</token>
<token t_id="124" sentence="3" number="123">between</token>
<token t_id="125" sentence="3" number="124">him</token>
<token t_id="126" sentence="3" number="125">and</token>
<token t_id="127" sentence="3" number="126">his</token>
<token t_id="128" sentence="3" number="127">son</token>
<token t_id="129" sentence="3" number="128">to</token>
<token t_id="130" sentence="3" number="129">fake</token>
<token t_id="131" sentence="3" number="130">his</token>
<token t_id="132" sentence="3" number="131">death</token>
<token t_id="133" sentence="3" number="132">.</token>
<token t_id="134" sentence="4" number="133">Raymond</token>
<token t_id="135" sentence="4" number="134">Roth</token>
<token t_id="136" sentence="4" number="135">wanted</token>
<token t_id="137" sentence="4" number="136">his</token>
<token t_id="138" sentence="4" number="137">wife</token>
<token t_id="139" sentence="4" number="138">and</token>
<token t_id="140" sentence="4" number="139">son</token>
<token t_id="141" sentence="4" number="140">to</token>
<token t_id="142" sentence="4" number="141">collect</token>
<token t_id="143" sentence="4" number="142">at</token>
<token t_id="144" sentence="4" number="143">least</token>
<token t_id="145" sentence="4" number="144">$</token>
<token t_id="146" sentence="4" number="145">410,000</token>
<token t_id="147" sentence="4" number="146">in</token>
<token t_id="148" sentence="4" number="147">life</token>
<token t_id="149" sentence="4" number="148">insurance</token>
<token t_id="150" sentence="4" number="149">benefits</token>
<token t_id="151" sentence="4" number="150">while</token>
<token t_id="152" sentence="4" number="151">he</token>
<token t_id="153" sentence="4" number="152">started</token>
<token t_id="154" sentence="4" number="153">a</token>
<token t_id="155" sentence="4" number="154">new</token>
<token t_id="156" sentence="4" number="155">life</token>
<token t_id="157" sentence="4" number="156">in</token>
<token t_id="158" sentence="4" number="157">Florida</token>
<token t_id="159" sentence="4" number="158">,</token>
<token t_id="160" sentence="4" number="159">Rice</token>
<token t_id="161" sentence="4" number="160">said</token>
<token t_id="162" sentence="4" number="161">.</token>
<token t_id="163" sentence="5" number="162">State</token>
<token t_id="164" sentence="5" number="163">police</token>
<token t_id="165" sentence="5" number="164">arrested</token>
<token t_id="166" sentence="5" number="165">both</token>
<token t_id="167" sentence="5" number="166">men</token>
<token t_id="168" sentence="5" number="167">in</token>
<token t_id="169" sentence="5" number="168">early</token>
<token t_id="170" sentence="5" number="169">August</token>
<token t_id="171" sentence="5" number="170">on</token>
<token t_id="172" sentence="5" number="171">charges</token>
<token t_id="173" sentence="5" number="172">of</token>
<token t_id="174" sentence="5" number="173">insurance</token>
<token t_id="175" sentence="5" number="174">fraud</token>
<token t_id="176" sentence="5" number="175">,</token>
<token t_id="177" sentence="5" number="176">conspiracy</token>
<token t_id="178" sentence="5" number="177">and</token>
<token t_id="179" sentence="5" number="178">filing</token>
<token t_id="180" sentence="5" number="179">a</token>
<token t_id="181" sentence="5" number="180">false</token>
<token t_id="182" sentence="5" number="181">report</token>
<token t_id="183" sentence="5" number="182">.</token>
<token t_id="184" sentence="6" number="183">Raymond</token>
<token t_id="185" sentence="6" number="184">Roth</token>
<token t_id="186" sentence="6" number="185">on</token>
<token t_id="187" sentence="6" number="186">Thursday</token>
<token t_id="188" sentence="6" number="187">agreed</token>
<token t_id="189" sentence="6" number="188">to</token>
<token t_id="190" sentence="6" number="189">plead</token>
<token t_id="191" sentence="6" number="190">guilty</token>
<token t_id="192" sentence="6" number="191">to</token>
<token t_id="193" sentence="6" number="192">the</token>
<token t_id="194" sentence="6" number="193">conspiracy</token>
<token t_id="195" sentence="6" number="194">charge</token>
<token t_id="196" sentence="6" number="195">in</token>
<token t_id="197" sentence="6" number="196">exchange</token>
<token t_id="198" sentence="6" number="197">for</token>
<token t_id="199" sentence="6" number="198">a</token>
<token t_id="200" sentence="6" number="199">sentence</token>
<token t_id="201" sentence="6" number="200">of</token>
<token t_id="202" sentence="6" number="201">90</token>
<token t_id="203" sentence="6" number="202">days</token>
<token t_id="204" sentence="6" number="203">in</token>
<token t_id="205" sentence="6" number="204">jail</token>
<token t_id="206" sentence="6" number="205">and</token>
<token t_id="207" sentence="6" number="206">five</token>
<token t_id="208" sentence="6" number="207">years</token>
<token t_id="209" sentence="6" number="208">'</token>
<token t_id="210" sentence="6" number="209">probation</token>
<token t_id="211" sentence="6" number="210">,</token>
<token t_id="212" sentence="6" number="211">the</token>
<token t_id="213" sentence="6" number="212">district</token>
<token t_id="214" sentence="6" number="213">attorney</token>
<token t_id="215" sentence="6" number="214">'s</token>
<token t_id="216" sentence="6" number="215">office</token>
<token t_id="217" sentence="6" number="216">said</token>
<token t_id="218" sentence="6" number="217">.</token>
<token t_id="219" sentence="7" number="218">He</token>
<token t_id="220" sentence="7" number="219">also</token>
<token t_id="221" sentence="7" number="220">must</token>
<token t_id="222" sentence="7" number="221">pay</token>
<token t_id="223" sentence="7" number="222">restitution</token>
<token t_id="224" sentence="7" number="223">for</token>
<token t_id="225" sentence="7" number="224">the</token>
<token t_id="226" sentence="7" number="225">cost</token>
<token t_id="227" sentence="7" number="226">of</token>
<token t_id="228" sentence="7" number="227">the</token>
<token t_id="229" sentence="7" number="228">search</token>
<token t_id="230" sentence="7" number="229">--</token>
<token t_id="231" sentence="7" number="230">$</token>
<token t_id="232" sentence="7" number="231">27,445</token>
<token t_id="233" sentence="7" number="232">to</token>
<token t_id="234" sentence="7" number="233">the</token>
<token t_id="235" sentence="7" number="234">U.S.</token>
<token t_id="236" sentence="7" number="235">Coast</token>
<token t_id="237" sentence="7" number="236">Guard</token>
<token t_id="238" sentence="7" number="237">and</token>
<token t_id="239" sentence="7" number="238">$</token>
<token t_id="240" sentence="7" number="239">9,109</token>
<token t_id="241" sentence="7" number="240">to</token>
<token t_id="242" sentence="7" number="241">the</token>
<token t_id="243" sentence="7" number="242">Nassau</token>
<token t_id="244" sentence="7" number="243">County</token>
<token t_id="245" sentence="7" number="244">Police</token>
<token t_id="246" sentence="7" number="245">Department</token>
<token t_id="247" sentence="7" number="246">.</token>
<token t_id="248" sentence="8" number="247">Evana</token>
<token t_id="249" sentence="8" number="248">Roth</token>
<token t_id="250" sentence="8" number="249">told</token>
<token t_id="251" sentence="8" number="250">CNN</token>
<token t_id="252" sentence="8" number="251">in</token>
<token t_id="253" sentence="8" number="252">August</token>
<token t_id="254" sentence="8" number="253">she</token>
<token t_id="255" sentence="8" number="254">thought</token>
<token t_id="256" sentence="8" number="255">her</token>
<token t_id="257" sentence="8" number="256">husband</token>
<token t_id="258" sentence="8" number="257">devised</token>
<token t_id="259" sentence="8" number="258">the</token>
<token t_id="260" sentence="8" number="259">plan</token>
<token t_id="261" sentence="8" number="260">after</token>
<token t_id="262" sentence="8" number="261">he</token>
<token t_id="263" sentence="8" number="262">was</token>
<token t_id="264" sentence="8" number="263">fired</token>
<token t_id="265" sentence="8" number="264">from</token>
<token t_id="266" sentence="8" number="265">his</token>
<token t_id="267" sentence="8" number="266">job</token>
<token t_id="268" sentence="8" number="267">in</token>
<token t_id="269" sentence="8" number="268">July</token>
<token t_id="270" sentence="8" number="269">.</token>
<token t_id="271" sentence="9" number="270">Her</token>
<token t_id="272" sentence="9" number="271">attorney</token>
<token t_id="273" sentence="9" number="272">,</token>
<token t_id="274" sentence="9" number="273">Lenard</token>
<token t_id="275" sentence="9" number="274">Leeds</token>
<token t_id="276" sentence="9" number="275">,</token>
<token t_id="277" sentence="9" number="276">said</token>
<token t_id="278" sentence="9" number="277">she</token>
<token t_id="279" sentence="9" number="278">had</token>
<token t_id="280" sentence="9" number="279">been</token>
<token t_id="281" sentence="9" number="280">unaware</token>
<token t_id="282" sentence="9" number="281">of</token>
<token t_id="283" sentence="9" number="282">the</token>
<token t_id="284" sentence="9" number="283">ruse</token>
<token t_id="285" sentence="9" number="284">before</token>
<token t_id="286" sentence="9" number="285">she</token>
<token t_id="287" sentence="9" number="286">uncovered</token>
<token t_id="288" sentence="9" number="287">the</token>
<token t_id="289" sentence="9" number="288">e-mail</token>
<token t_id="290" sentence="9" number="289">correspondence</token>
<token t_id="291" sentence="9" number="290">.</token>
<token t_id="292" sentence="10" number="291">``</token>
<token t_id="293" sentence="10" number="292">There</token>
<token t_id="294" sentence="10" number="293">needs</token>
<token t_id="295" sentence="10" number="294">to</token>
<token t_id="296" sentence="10" number="295">be</token>
<token t_id="297" sentence="10" number="296">a</token>
<token t_id="298" sentence="10" number="297">way</token>
<token t_id="299" sentence="10" number="298">for</token>
<token t_id="300" sentence="10" number="299">me</token>
<token t_id="301" sentence="10" number="300">to</token>
<token t_id="302" sentence="10" number="301">find</token>
<token t_id="303" sentence="10" number="302">out</token>
<token t_id="304" sentence="10" number="303">how</token>
<token t_id="305" sentence="10" number="304">things</token>
<token t_id="306" sentence="10" number="305">are</token>
<token t_id="307" sentence="10" number="306">going</token>
<token t_id="308" sentence="10" number="307">.</token>
<token t_id="309" sentence="11" number="308">Call</token>
<token t_id="310" sentence="11" number="309">me</token>
<token t_id="311" sentence="11" number="310">Sunday</token>
<token t_id="312" sentence="11" number="311">night</token>
<token t_id="313" sentence="11" number="312">at</token>
<token t_id="314" sentence="11" number="313">8</token>
<token t_id="315" sentence="11" number="314">PM</token>
<token t_id="316" sentence="11" number="315">at</token>
<token t_id="317" sentence="11" number="316">the</token>
<token t_id="318" sentence="11" number="317">resort</token>
<token t_id="319" sentence="11" number="318">,</token>
<token t_id="320" sentence="11" number="319">''</token>
<token t_id="321" sentence="11" number="320">Raymond</token>
<token t_id="322" sentence="11" number="321">Roth</token>
<token t_id="323" sentence="11" number="322">wrote</token>
<token t_id="324" sentence="11" number="323">in</token>
<token t_id="325" sentence="11" number="324">an</token>
<token t_id="326" sentence="11" number="325">e-mail</token>
<token t_id="327" sentence="11" number="326">to</token>
<token t_id="328" sentence="11" number="327">his</token>
<token t_id="329" sentence="11" number="328">son</token>
<token t_id="330" sentence="11" number="329">the</token>
<token t_id="331" sentence="11" number="330">day</token>
<token t_id="332" sentence="11" number="331">before</token>
<token t_id="333" sentence="11" number="332">the</token>
<token t_id="334" sentence="11" number="333">son</token>
<token t_id="335" sentence="11" number="334">reported</token>
<token t_id="336" sentence="11" number="335">him</token>
<token t_id="337" sentence="11" number="336">missing</token>
<token t_id="338" sentence="11" number="337">.</token>
<token t_id="339" sentence="12" number="338">The</token>
<token t_id="340" sentence="12" number="339">son</token>
<token t_id="341" sentence="12" number="340">'s</token>
<token t_id="342" sentence="12" number="341">case</token>
<token t_id="343" sentence="12" number="342">is</token>
<token t_id="344" sentence="12" number="343">still</token>
<token t_id="345" sentence="12" number="344">pending</token>
<token t_id="346" sentence="12" number="345">,</token>
<token t_id="347" sentence="12" number="346">the</token>
<token t_id="348" sentence="12" number="347">district</token>
<token t_id="349" sentence="12" number="348">attorney</token>
<token t_id="350" sentence="12" number="349">said</token>
<token t_id="351" sentence="12" number="350">.</token>
<token t_id="352" sentence="13" number="351">Jonathan</token>
<token t_id="353" sentence="13" number="352">Roth</token>
<token t_id="354" sentence="13" number="353">'s</token>
<token t_id="355" sentence="13" number="354">attorney</token>
<token t_id="356" sentence="13" number="355">,</token>
<token t_id="357" sentence="13" number="356">Joey</token>
<token t_id="358" sentence="13" number="357">Jackson</token>
<token t_id="359" sentence="13" number="358">,</token>
<token t_id="360" sentence="13" number="359">defended</token>
<token t_id="361" sentence="13" number="360">his</token>
<token t_id="362" sentence="13" number="361">client</token>
<token t_id="363" sentence="13" number="362">after</token>
<token t_id="364" sentence="13" number="363">his</token>
<token t_id="365" sentence="13" number="364">arrest</token>
<token t_id="366" sentence="13" number="365">,</token>
<token t_id="367" sentence="13" number="366">saying</token>
<token t_id="368" sentence="13" number="367">,</token>
<token t_id="369" sentence="13" number="368">``</token>
<token t_id="370" sentence="13" number="369">There</token>
<token t_id="371" sentence="13" number="370">was</token>
<token t_id="372" sentence="13" number="371">abuse</token>
<token t_id="373" sentence="13" number="372">here</token>
<token t_id="374" sentence="13" number="373">,</token>
<token t_id="375" sentence="13" number="374">manipulation</token>
<token t_id="376" sentence="13" number="375">here</token>
<token t_id="377" sentence="13" number="376">,</token>
<token t_id="378" sentence="13" number="377">coercion</token>
<token t_id="379" sentence="13" number="378">here</token>
<token t_id="380" sentence="13" number="379">''</token>
<token t_id="381" sentence="13" number="380">from</token>
<token t_id="382" sentence="13" number="381">the</token>
<token t_id="383" sentence="13" number="382">father</token>
<token t_id="384" sentence="13" number="383">.</token>
<token t_id="385" sentence="14" number="384">Raymond</token>
<token t_id="386" sentence="14" number="385">Roth</token>
<token t_id="387" sentence="14" number="386">'s</token>
<token t_id="388" sentence="14" number="387">attorney</token>
<token t_id="389" sentence="14" number="388">,</token>
<token t_id="390" sentence="14" number="389">Brian</token>
<token t_id="391" sentence="14" number="390">Davis</token>
<token t_id="392" sentence="14" number="391">,</token>
<token t_id="393" sentence="14" number="392">denied</token>
<token t_id="394" sentence="14" number="393">in</token>
<token t_id="395" sentence="14" number="394">August</token>
<token t_id="396" sentence="14" number="395">that</token>
<token t_id="397" sentence="14" number="396">Roth</token>
<token t_id="398" sentence="14" number="397">had</token>
<token t_id="399" sentence="14" number="398">involved</token>
<token t_id="400" sentence="14" number="399">his</token>
<token t_id="401" sentence="14" number="400">son</token>
<token t_id="402" sentence="14" number="401">in</token>
<token t_id="403" sentence="14" number="402">the</token>
<token t_id="404" sentence="14" number="403">scheme</token>
<token t_id="405" sentence="14" number="404">.</token>
<token t_id="406" sentence="15" number="405">``</token>
<token t_id="407" sentence="15" number="406">We</token>
<token t_id="408" sentence="15" number="407">had</token>
<token t_id="409" sentence="15" number="408">issues</token>
<token t_id="410" sentence="15" number="409">concerning</token>
<token t_id="411" sentence="15" number="410">the</token>
<token t_id="412" sentence="15" number="411">facts</token>
<token t_id="413" sentence="15" number="412">people</token>
<token t_id="414" sentence="15" number="413">had</token>
<token t_id="415" sentence="15" number="414">whether</token>
<token t_id="416" sentence="15" number="415">-LRB-</token>
<token t_id="417" sentence="15" number="416">Roth</token>
<token t_id="418" sentence="15" number="417">-RRB-</token>
<token t_id="419" sentence="15" number="418">had</token>
<token t_id="420" sentence="15" number="419">an</token>
<token t_id="421" sentence="15" number="420">agreement</token>
<token t_id="422" sentence="15" number="421">with</token>
<token t_id="423" sentence="15" number="422">his</token>
<token t_id="424" sentence="15" number="423">son</token>
<token t_id="425" sentence="15" number="424">,</token>
<token t_id="426" sentence="15" number="425">''</token>
<token t_id="427" sentence="15" number="426">Davis</token>
<token t_id="428" sentence="15" number="427">told</token>
<token t_id="429" sentence="15" number="428">CNN</token>
<token t_id="430" sentence="15" number="429">on</token>
<token t_id="431" sentence="15" number="430">Thursday</token>
<token t_id="432" sentence="15" number="431">.</token>
<token t_id="433" sentence="16" number="432">``</token>
<token t_id="434" sentence="16" number="433">He</token>
<token t_id="435" sentence="16" number="434">'s</token>
<token t_id="436" sentence="16" number="435">admitted</token>
<token t_id="437" sentence="16" number="436">it</token>
<token t_id="438" sentence="16" number="437">now</token>
<token t_id="439" sentence="16" number="438">.</token>
<token t_id="440" sentence="17" number="439">He</token>
<token t_id="441" sentence="17" number="440">'s</token>
<token t_id="442" sentence="17" number="441">accepted</token>
<token t_id="443" sentence="17" number="442">responsibility</token>
<token t_id="444" sentence="17" number="443">.</token>
<token t_id="445" sentence="17" number="444">''</token>
<token t_id="446" sentence="18" number="445">Davis</token>
<token t_id="447" sentence="18" number="446">added</token>
<token t_id="448" sentence="18" number="447">that</token>
<token t_id="449" sentence="18" number="448">his</token>
<token t_id="450" sentence="18" number="449">client</token>
<token t_id="451" sentence="18" number="450">has</token>
<token t_id="452" sentence="18" number="451">been</token>
<token t_id="453" sentence="18" number="452">under</token>
<token t_id="454" sentence="18" number="453">treatment</token>
<token t_id="455" sentence="18" number="454">for</token>
<token t_id="456" sentence="18" number="455">bipolar</token>
<token t_id="457" sentence="18" number="456">disorder</token>
<token t_id="458" sentence="18" number="457">in</token>
<token t_id="459" sentence="18" number="458">recent</token>
<token t_id="460" sentence="18" number="459">weeks</token>
<token t_id="461" sentence="18" number="460">.</token>
<token t_id="462" sentence="19" number="461">During</token>
<token t_id="463" sentence="19" number="462">plea</token>
<token t_id="464" sentence="19" number="463">negotiations</token>
<token t_id="465" sentence="19" number="464">,</token>
<token t_id="466" sentence="19" number="465">Raymond</token>
<token t_id="467" sentence="19" number="466">Roth</token>
<token t_id="468" sentence="19" number="467">asked</token>
<token t_id="469" sentence="19" number="468">the</token>
<token t_id="470" sentence="19" number="469">district</token>
<token t_id="471" sentence="19" number="470">attorney</token>
<token t_id="472" sentence="19" number="471">'s</token>
<token t_id="473" sentence="19" number="472">office</token>
<token t_id="474" sentence="19" number="473">not</token>
<token t_id="475" sentence="19" number="474">to</token>
<token t_id="476" sentence="19" number="475">give</token>
<token t_id="477" sentence="19" number="476">his</token>
<token t_id="478" sentence="19" number="477">son</token>
<token t_id="479" sentence="19" number="478">jail</token>
<token t_id="480" sentence="19" number="479">time</token>
<token t_id="481" sentence="19" number="480">,</token>
<token t_id="482" sentence="19" number="481">Davis</token>
<token t_id="483" sentence="19" number="482">said</token>
<token t_id="484" sentence="19" number="483">.</token>
<token t_id="485" sentence="20" number="484">On</token>
<token t_id="486" sentence="20" number="485">the</token>
<token t_id="487" sentence="20" number="486">advice</token>
<token t_id="488" sentence="20" number="487">of</token>
<token t_id="489" sentence="20" number="488">both</token>
<token t_id="490" sentence="20" number="489">their</token>
<token t_id="491" sentence="20" number="490">attorneys</token>
<token t_id="492" sentence="20" number="491">,</token>
<token t_id="493" sentence="20" number="492">father</token>
<token t_id="494" sentence="20" number="493">and</token>
<token t_id="495" sentence="20" number="494">son</token>
<token t_id="496" sentence="20" number="495">have</token>
<token t_id="497" sentence="20" number="496">not</token>
<token t_id="498" sentence="20" number="497">been</token>
<token t_id="499" sentence="20" number="498">in</token>
<token t_id="500" sentence="20" number="499">contact</token>
<token t_id="501" sentence="20" number="500">since</token>
<token t_id="502" sentence="20" number="501">their</token>
<token t_id="503" sentence="20" number="502">arrests</token>
<token t_id="504" sentence="20" number="503">,</token>
<token t_id="505" sentence="20" number="504">Davis</token>
<token t_id="506" sentence="20" number="505">said</token>
<token t_id="507" sentence="20" number="506">.</token>
<token t_id="508" sentence="21" number="507">``</token>
<token t_id="509" sentence="21" number="508">He</token>
<token t_id="510" sentence="21" number="509">would</token>
<token t_id="511" sentence="21" number="510">like</token>
<token t_id="512" sentence="21" number="511">to</token>
<token t_id="513" sentence="21" number="512">straighten</token>
<token t_id="514" sentence="21" number="513">things</token>
<token t_id="515" sentence="21" number="514">out</token>
<token t_id="516" sentence="21" number="515">with</token>
<token t_id="517" sentence="21" number="516">-LRB-</token>
<token t_id="518" sentence="21" number="517">Jonathan</token>
<token t_id="519" sentence="21" number="518">-RRB-</token>
<token t_id="520" sentence="21" number="519">when</token>
<token t_id="521" sentence="21" number="520">the</token>
<token t_id="522" sentence="21" number="521">time</token>
<token t_id="523" sentence="21" number="522">comes</token>
<token t_id="524" sentence="21" number="523">,</token>
<token t_id="525" sentence="21" number="524">''</token>
<token t_id="526" sentence="21" number="525">he</token>
<token t_id="527" sentence="21" number="526">said</token>
<token t_id="528" sentence="21" number="527">.</token>


<Markables>
<ATTRIBUTION m_id="15" quote="true"  >
<token_anchor t_id="321"/>
<token_anchor t_id="322"/>
<token_anchor t_id="323"/>
<token_anchor t_id="324"/>
<token_anchor t_id="325"/>
<token_anchor t_id="326"/>
<token_anchor t_id="327"/>
<token_anchor t_id="328"/>
<token_anchor t_id="329"/>
</ATTRIBUTION>
<ATTRIBUTION m_id="16" quote="true"  >
<token_anchor t_id="347"/>
<token_anchor t_id="348"/>
<token_anchor t_id="349"/>
<token_anchor t_id="350"/>
</ATTRIBUTION>
<ATTRIBUTION m_id="19" quote="true"  >
<token_anchor t_id="367"/>
</ATTRIBUTION>
<ATTRIBUTION m_id="20" quote="true"  >
<token_anchor t_id="385"/>
<token_anchor t_id="386"/>
<token_anchor t_id="387"/>
<token_anchor t_id="388"/>
<token_anchor t_id="389"/>
<token_anchor t_id="390"/>
<token_anchor t_id="391"/>
<token_anchor t_id="392"/>
<token_anchor t_id="393"/>
<token_anchor t_id="394"/>
<token_anchor t_id="395"/>
</ATTRIBUTION>
<ATTRIBUTION m_id="23" quote="true"  >
<token_anchor t_id="427"/>
<token_anchor t_id="428"/>
<token_anchor t_id="429"/>
<token_anchor t_id="430"/>
<token_anchor t_id="431"/>
</ATTRIBUTION>
<ATTRIBUTION m_id="24" quote="true"  >
<token_anchor t_id="446"/>
<token_anchor t_id="447"/>
</ATTRIBUTION>
<ATTRIBUTION m_id="25" quote="true"  >
<token_anchor t_id="482"/>
<token_anchor t_id="483"/>
</ATTRIBUTION>
<ATTRIBUTION m_id="26" quote="true"  >
<token_anchor t_id="505"/>
<token_anchor t_id="506"/>
</ATTRIBUTION>
<ATTRIBUTION m_id="27" quote="true"  >
<token_anchor t_id="526"/>
<token_anchor t_id="527"/>
</ATTRIBUTION>
<ATTRIBUTION m_id="2" quote="true"  >
<token_anchor t_id="22"/>
<token_anchor t_id="23"/>
<token_anchor t_id="24"/>
<token_anchor t_id="25"/>
<token_anchor t_id="26"/>
<token_anchor t_id="27"/>
<token_anchor t_id="28"/>
</ATTRIBUTION>
<ATTRIBUTION m_id="4" quote="true"  >
<token_anchor t_id="62"/>
<token_anchor t_id="63"/>
<token_anchor t_id="64"/>
<token_anchor t_id="65"/>
<token_anchor t_id="66"/>
<token_anchor t_id="67"/>
<token_anchor t_id="68"/>
<token_anchor t_id="69"/>
<token_anchor t_id="70"/>
<token_anchor t_id="71"/>
<token_anchor t_id="72"/>
<token_anchor t_id="73"/>
<token_anchor t_id="74"/>
<token_anchor t_id="75"/>
<token_anchor t_id="76"/>
<token_anchor t_id="77"/>
</ATTRIBUTION>
<ATTRIBUTION m_id="6" quote="true"  >
<token_anchor t_id="160"/>
<token_anchor t_id="161"/>
</ATTRIBUTION>
<ATTRIBUTION m_id="9" quote="true"  >
<token_anchor t_id="212"/>
<token_anchor t_id="213"/>
<token_anchor t_id="214"/>
<token_anchor t_id="215"/>
<token_anchor t_id="216"/>
<token_anchor t_id="217"/>
</ATTRIBUTION>
<ATTRIBUTION m_id="10" quote="true"  >
<token_anchor t_id="248"/>
<token_anchor t_id="249"/>
<token_anchor t_id="250"/>
<token_anchor t_id="251"/>
<token_anchor t_id="252"/>
<token_anchor t_id="253"/>
</ATTRIBUTION>
<ATTRIBUTION m_id="11" quote="true"  >
<token_anchor t_id="271"/>
<token_anchor t_id="272"/>
<token_anchor t_id="273"/>
<token_anchor t_id="274"/>
<token_anchor t_id="275"/>
<token_anchor t_id="276"/>
<token_anchor t_id="277"/>
</ATTRIBUTION>
<BACKGROUND m_id="45" previous-episodes="false"  >
<token_anchor t_id="256"/>
<token_anchor t_id="257"/>
<token_anchor t_id="258"/>
<token_anchor t_id="259"/>
<token_anchor t_id="260"/>
</BACKGROUND>
<BACKGROUND m_id="13" previous-episodes="false"  >
<token_anchor t_id="293"/>
<token_anchor t_id="294"/>
</BACKGROUND>
<BACKGROUND m_id="46" previous-episodes="false"  >
<token_anchor t_id="261"/>
<token_anchor t_id="262"/>
<token_anchor t_id="263"/>
<token_anchor t_id="264"/>
<token_anchor t_id="265"/>
<token_anchor t_id="266"/>
<token_anchor t_id="267"/>
<token_anchor t_id="268"/>
<token_anchor t_id="269"/>
</BACKGROUND>
<BACKGROUND m_id="14" previous-episodes="false"  >
<token_anchor t_id="309"/>
<token_anchor t_id="310"/>
<token_anchor t_id="311"/>
<token_anchor t_id="312"/>
<token_anchor t_id="313"/>
<token_anchor t_id="314"/>
<token_anchor t_id="315"/>
<token_anchor t_id="316"/>
<token_anchor t_id="317"/>
<token_anchor t_id="318"/>
</BACKGROUND>
<BACKGROUND m_id="47" previous-episodes="false"  >
<token_anchor t_id="285"/>
<token_anchor t_id="286"/>
<token_anchor t_id="287"/>
<token_anchor t_id="288"/>
<token_anchor t_id="289"/>
<token_anchor t_id="290"/>
</BACKGROUND>
<BACKGROUND m_id="48" previous-episodes="false"  >
<token_anchor t_id="295"/>
<token_anchor t_id="296"/>
<token_anchor t_id="297"/>
<token_anchor t_id="298"/>
<token_anchor t_id="299"/>
<token_anchor t_id="300"/>
</BACKGROUND>
<BACKGROUND m_id="49" previous-episodes=""  >
<token_anchor t_id="301"/>
<token_anchor t_id="302"/>
<token_anchor t_id="303"/>
</BACKGROUND>
<BACKGROUND m_id="50" previous-episodes="false"  >
<token_anchor t_id="304"/>
<token_anchor t_id="305"/>
<token_anchor t_id="306"/>
<token_anchor t_id="307"/>
</BACKGROUND>
<BACKGROUND m_id="18" previous-episodes="false"  >
<token_anchor t_id="352"/>
<token_anchor t_id="353"/>
<token_anchor t_id="354"/>
<token_anchor t_id="355"/>
<token_anchor t_id="356"/>
<token_anchor t_id="357"/>
<token_anchor t_id="358"/>
<token_anchor t_id="359"/>
<token_anchor t_id="360"/>
<token_anchor t_id="361"/>
<token_anchor t_id="362"/>
<token_anchor t_id="363"/>
<token_anchor t_id="364"/>
<token_anchor t_id="365"/>
</BACKGROUND>
<BACKGROUND m_id="51" previous-episodes="true"  >
<token_anchor t_id="330"/>
<token_anchor t_id="331"/>
<token_anchor t_id="332"/>
<token_anchor t_id="333"/>
<token_anchor t_id="334"/>
<token_anchor t_id="335"/>
<token_anchor t_id="336"/>
<token_anchor t_id="337"/>
</BACKGROUND>
<BACKGROUND m_id="52" previous-episodes="false"  >
<token_anchor t_id="415"/>
<token_anchor t_id="416"/>
<token_anchor t_id="417"/>
<token_anchor t_id="418"/>
<token_anchor t_id="419"/>
<token_anchor t_id="420"/>
<token_anchor t_id="421"/>
<token_anchor t_id="422"/>
<token_anchor t_id="423"/>
<token_anchor t_id="424"/>
</BACKGROUND>
<BACKGROUND m_id="21" previous-episodes="false"  >
<token_anchor t_id="396"/>
<token_anchor t_id="397"/>
<token_anchor t_id="398"/>
<token_anchor t_id="399"/>
<token_anchor t_id="400"/>
<token_anchor t_id="401"/>
<token_anchor t_id="402"/>
<token_anchor t_id="403"/>
<token_anchor t_id="404"/>
</BACKGROUND>
<BACKGROUND m_id="53" previous-episodes="false"  >
<token_anchor t_id="474"/>
<token_anchor t_id="475"/>
<token_anchor t_id="476"/>
<token_anchor t_id="477"/>
<token_anchor t_id="478"/>
<token_anchor t_id="479"/>
<token_anchor t_id="480"/>
</BACKGROUND>
<BACKGROUND m_id="22" previous-episodes="false"  >
<token_anchor t_id="407"/>
<token_anchor t_id="408"/>
<token_anchor t_id="409"/>
<token_anchor t_id="410"/>
<token_anchor t_id="411"/>
<token_anchor t_id="412"/>
<token_anchor t_id="413"/>
<token_anchor t_id="414"/>
</BACKGROUND>
<BACKGROUND m_id="56" previous-episodes="false"  >
<token_anchor t_id="448"/>
<token_anchor t_id="449"/>
<token_anchor t_id="450"/>
<token_anchor t_id="451"/>
<token_anchor t_id="452"/>
<token_anchor t_id="453"/>
<token_anchor t_id="454"/>
<token_anchor t_id="455"/>
<token_anchor t_id="456"/>
<token_anchor t_id="457"/>
<token_anchor t_id="458"/>
<token_anchor t_id="459"/>
<token_anchor t_id="460"/>
</BACKGROUND>
<BACKGROUND m_id="57" previous-episodes="false"  >
<token_anchor t_id="485"/>
<token_anchor t_id="486"/>
<token_anchor t_id="487"/>
<token_anchor t_id="488"/>
<token_anchor t_id="489"/>
<token_anchor t_id="490"/>
<token_anchor t_id="491"/>
<token_anchor t_id="492"/>
<token_anchor t_id="493"/>
<token_anchor t_id="494"/>
<token_anchor t_id="495"/>
<token_anchor t_id="496"/>
<token_anchor t_id="497"/>
<token_anchor t_id="498"/>
<token_anchor t_id="499"/>
<token_anchor t_id="500"/>
<token_anchor t_id="501"/>
<token_anchor t_id="502"/>
<token_anchor t_id="503"/>
</BACKGROUND>
<BACKGROUND m_id="59" previous-episodes="false"  >
<token_anchor t_id="98"/>
<token_anchor t_id="99"/>
<token_anchor t_id="100"/>
<token_anchor t_id="101"/>
<token_anchor t_id="102"/>
<token_anchor t_id="103"/>
<token_anchor t_id="104"/>
<token_anchor t_id="105"/>
</BACKGROUND>
<BACKGROUND m_id="28" previous-episodes="false"  >
<token_anchor t_id="462"/>
<token_anchor t_id="463"/>
<token_anchor t_id="464"/>
<token_anchor t_id="465"/>
<token_anchor t_id="466"/>
<token_anchor t_id="467"/>
<token_anchor t_id="468"/>
<token_anchor t_id="469"/>
<token_anchor t_id="470"/>
<token_anchor t_id="471"/>
<token_anchor t_id="472"/>
<token_anchor t_id="473"/>
</BACKGROUND>
<BACKGROUND m_id="30" previous-episodes="false"  >
<token_anchor t_id="370"/>
<token_anchor t_id="371"/>
<token_anchor t_id="372"/>
<token_anchor t_id="373"/>
<token_anchor t_id="374"/>
<token_anchor t_id="375"/>
<token_anchor t_id="376"/>
<token_anchor t_id="377"/>
<token_anchor t_id="378"/>
<token_anchor t_id="379"/>
<token_anchor t_id="380"/>
<token_anchor t_id="381"/>
<token_anchor t_id="382"/>
<token_anchor t_id="383"/>
</BACKGROUND>
<BACKGROUND m_id="32" previous-episodes="true"  >
<token_anchor t_id="440"/>
<token_anchor t_id="441"/>
<token_anchor t_id="442"/>
<token_anchor t_id="443"/>
</BACKGROUND>
<BACKGROUND m_id="33" previous-episodes="false"  >
<token_anchor t_id="81"/>
<token_anchor t_id="82"/>
<token_anchor t_id="83"/>
<token_anchor t_id="84"/>
<token_anchor t_id="85"/>
<token_anchor t_id="86"/>
<token_anchor t_id="87"/>
</BACKGROUND>
<BACKGROUND m_id="34" previous-episodes="false"  >
<token_anchor t_id="89"/>
<token_anchor t_id="90"/>
<token_anchor t_id="91"/>
<token_anchor t_id="92"/>
<token_anchor t_id="93"/>
<token_anchor t_id="94"/>
<token_anchor t_id="95"/>
<token_anchor t_id="96"/>
</BACKGROUND>
<BACKGROUND m_id="35" previous-episodes="false"  >
<token_anchor t_id="107"/>
<token_anchor t_id="108"/>
<token_anchor t_id="109"/>
<token_anchor t_id="110"/>
<token_anchor t_id="111"/>
<token_anchor t_id="112"/>
<token_anchor t_id="113"/>
<token_anchor t_id="114"/>
<token_anchor t_id="115"/>
<token_anchor t_id="116"/>
<token_anchor t_id="117"/>
</BACKGROUND>
<BACKGROUND m_id="3" previous-episodes="false"  >
<token_anchor t_id="30"/>
<token_anchor t_id="31"/>
<token_anchor t_id="32"/>
<token_anchor t_id="33"/>
<token_anchor t_id="34"/>
<token_anchor t_id="35"/>
<token_anchor t_id="36"/>
<token_anchor t_id="37"/>
<token_anchor t_id="38"/>
<token_anchor t_id="39"/>
<token_anchor t_id="40"/>
<token_anchor t_id="41"/>
<token_anchor t_id="42"/>
<token_anchor t_id="43"/>
<token_anchor t_id="44"/>
<token_anchor t_id="45"/>
<token_anchor t_id="46"/>
<token_anchor t_id="47"/>
<token_anchor t_id="48"/>
<token_anchor t_id="49"/>
<token_anchor t_id="50"/>
<token_anchor t_id="51"/>
<token_anchor t_id="52"/>
<token_anchor t_id="53"/>
<token_anchor t_id="54"/>
<token_anchor t_id="55"/>
<token_anchor t_id="56"/>
<token_anchor t_id="57"/>
<token_anchor t_id="58"/>
<token_anchor t_id="59"/>
<token_anchor t_id="60"/>
</BACKGROUND>
<BACKGROUND m_id="36" previous-episodes="false"  >
<token_anchor t_id="120"/>
<token_anchor t_id="121"/>
<token_anchor t_id="122"/>
<token_anchor t_id="123"/>
<token_anchor t_id="124"/>
<token_anchor t_id="125"/>
<token_anchor t_id="126"/>
<token_anchor t_id="127"/>
<token_anchor t_id="128"/>
</BACKGROUND>
<BACKGROUND m_id="37" previous-episodes="false"  >
<token_anchor t_id="129"/>
<token_anchor t_id="130"/>
<token_anchor t_id="131"/>
<token_anchor t_id="132"/>
</BACKGROUND>
<BACKGROUND m_id="5" previous-episodes="false"  >
<token_anchor t_id="79"/>
<token_anchor t_id="80"/>
</BACKGROUND>
<BACKGROUND m_id="38" previous-episodes="false"  >
<token_anchor t_id="118"/>
<token_anchor t_id="119"/>
</BACKGROUND>
<BACKGROUND m_id="39" previous-episodes="true"  >
<token_anchor t_id="134"/>
<token_anchor t_id="135"/>
<token_anchor t_id="136"/>
<token_anchor t_id="137"/>
<token_anchor t_id="138"/>
<token_anchor t_id="139"/>
<token_anchor t_id="140"/>
</BACKGROUND>
<BACKGROUND m_id="7" previous-episodes="false"  >
<token_anchor t_id="163"/>
<token_anchor t_id="164"/>
<token_anchor t_id="165"/>
<token_anchor t_id="166"/>
<token_anchor t_id="167"/>
<token_anchor t_id="168"/>
<token_anchor t_id="169"/>
<token_anchor t_id="170"/>
<token_anchor t_id="171"/>
<token_anchor t_id="172"/>
<token_anchor t_id="173"/>
<token_anchor t_id="174"/>
<token_anchor t_id="175"/>
<token_anchor t_id="176"/>
<token_anchor t_id="177"/>
<token_anchor t_id="178"/>
<token_anchor t_id="179"/>
<token_anchor t_id="180"/>
<token_anchor t_id="181"/>
<token_anchor t_id="182"/>
</BACKGROUND>
<BACKGROUND m_id="40" previous-episodes="true"  >
<token_anchor t_id="141"/>
<token_anchor t_id="142"/>
<token_anchor t_id="143"/>
<token_anchor t_id="144"/>
<token_anchor t_id="145"/>
<token_anchor t_id="146"/>
<token_anchor t_id="147"/>
<token_anchor t_id="148"/>
<token_anchor t_id="149"/>
<token_anchor t_id="150"/>
</BACKGROUND>
<BACKGROUND m_id="41" previous-episodes="true"  >
<token_anchor t_id="151"/>
<token_anchor t_id="152"/>
<token_anchor t_id="153"/>
<token_anchor t_id="154"/>
<token_anchor t_id="155"/>
<token_anchor t_id="156"/>
<token_anchor t_id="157"/>
<token_anchor t_id="158"/>
</BACKGROUND>
<BACKGROUND m_id="44" previous-episodes="false"  >
<token_anchor t_id="254"/>
<token_anchor t_id="255"/>
</BACKGROUND>
<BACKGROUND m_id="12" previous-episodes="false"  >
<token_anchor t_id="278"/>
<token_anchor t_id="279"/>
<token_anchor t_id="280"/>
<token_anchor t_id="281"/>
<token_anchor t_id="282"/>
<token_anchor t_id="283"/>
<token_anchor t_id="284"/>
</BACKGROUND>
<EXPECTATION m_id="54"  >
<token_anchor t_id="520"/>
<token_anchor t_id="521"/>
<token_anchor t_id="522"/>
<token_anchor t_id="523"/>
</EXPECTATION>
<EXPECTATION m_id="55"  >
<token_anchor t_id="509"/>
<token_anchor t_id="510"/>
<token_anchor t_id="511"/>
</EXPECTATION>
<EXPECTATION m_id="29"  >
<token_anchor t_id="512"/>
<token_anchor t_id="513"/>
<token_anchor t_id="514"/>
<token_anchor t_id="515"/>
<token_anchor t_id="516"/>
<token_anchor t_id="517"/>
<token_anchor t_id="518"/>
<token_anchor t_id="519"/>
</EXPECTATION>
<FOREGROUND m_id="17" type="narration"  >
<token_anchor t_id="339"/>
<token_anchor t_id="340"/>
<token_anchor t_id="341"/>
<token_anchor t_id="342"/>
<token_anchor t_id="343"/>
<token_anchor t_id="344"/>
<token_anchor t_id="345"/>
</FOREGROUND>
<FOREGROUND m_id="58" type="narration"  >
<token_anchor t_id="8"/>
<token_anchor t_id="9"/>
<token_anchor t_id="10"/>
<token_anchor t_id="11"/>
<token_anchor t_id="12"/>
<token_anchor t_id="13"/>
</FOREGROUND>
<FOREGROUND m_id="31" type="narration"  >
<token_anchor t_id="434"/>
<token_anchor t_id="435"/>
<token_anchor t_id="436"/>
<token_anchor t_id="437"/>
<token_anchor t_id="438"/>
</FOREGROUND>
<FOREGROUND m_id="1" type="narration"  >
<token_anchor t_id="1"/>
<token_anchor t_id="2"/>
<token_anchor t_id="3"/>
<token_anchor t_id="4"/>
<token_anchor t_id="5"/>
<token_anchor t_id="6"/>
<token_anchor t_id="7"/>
<token_anchor t_id="14"/>
<token_anchor t_id="15"/>
<token_anchor t_id="16"/>
<token_anchor t_id="17"/>
<token_anchor t_id="18"/>
<token_anchor t_id="19"/>
<token_anchor t_id="20"/>
</FOREGROUND>
<FOREGROUND m_id="8" type="narration"  >
<token_anchor t_id="184"/>
<token_anchor t_id="185"/>
<token_anchor t_id="186"/>
<token_anchor t_id="187"/>
<token_anchor t_id="188"/>
</FOREGROUND>
<FOREGROUND m_id="42" type="narration"  >
<token_anchor t_id="189"/>
<token_anchor t_id="190"/>
<token_anchor t_id="191"/>
<token_anchor t_id="192"/>
<token_anchor t_id="193"/>
<token_anchor t_id="194"/>
<token_anchor t_id="195"/>
<token_anchor t_id="196"/>
<token_anchor t_id="197"/>
<token_anchor t_id="198"/>
<token_anchor t_id="199"/>
<token_anchor t_id="200"/>
<token_anchor t_id="201"/>
<token_anchor t_id="202"/>
<token_anchor t_id="203"/>
<token_anchor t_id="204"/>
<token_anchor t_id="205"/>
<token_anchor t_id="206"/>
<token_anchor t_id="207"/>
<token_anchor t_id="208"/>
<token_anchor t_id="209"/>
<token_anchor t_id="210"/>
</FOREGROUND>
<FOREGROUND m_id="43" type="narration"  >
<token_anchor t_id="219"/>
<token_anchor t_id="220"/>
<token_anchor t_id="221"/>
<token_anchor t_id="222"/>
<token_anchor t_id="223"/>
<token_anchor t_id="224"/>
<token_anchor t_id="225"/>
<token_anchor t_id="226"/>
<token_anchor t_id="227"/>
<token_anchor t_id="228"/>
<token_anchor t_id="229"/>
<token_anchor t_id="230"/>
<token_anchor t_id="231"/>
<token_anchor t_id="232"/>
<token_anchor t_id="233"/>
<token_anchor t_id="234"/>
<token_anchor t_id="235"/>
<token_anchor t_id="236"/>
<token_anchor t_id="237"/>
<token_anchor t_id="238"/>
<token_anchor t_id="239"/>
<token_anchor t_id="240"/>
<token_anchor t_id="241"/>
<token_anchor t_id="242"/>
<token_anchor t_id="243"/>
<token_anchor t_id="244"/>
<token_anchor t_id="245"/>
<token_anchor t_id="246"/>
</FOREGROUND>


</Markables>

<Relations>
</Relations>
</Document>
