<Document doc_name="nyt_20130322_strange_computer">
<token t_id="1" sentence="0" number="0">Our</token>
<token t_id="2" sentence="0" number="1">digital</token>
<token t_id="3" sentence="0" number="2">age</token>
<token t_id="4" sentence="0" number="3">is</token>
<token t_id="5" sentence="0" number="4">all</token>
<token t_id="6" sentence="0" number="5">about</token>
<token t_id="7" sentence="0" number="6">bits</token>
<token t_id="8" sentence="0" number="7">,</token>
<token t_id="9" sentence="0" number="8">those</token>
<token t_id="10" sentence="0" number="9">precise</token>
<token t_id="11" sentence="0" number="10">ones</token>
<token t_id="12" sentence="0" number="11">and</token>
<token t_id="13" sentence="0" number="12">zeros</token>
<token t_id="14" sentence="0" number="13">that</token>
<token t_id="15" sentence="0" number="14">are</token>
<token t_id="16" sentence="0" number="15">the</token>
<token t_id="17" sentence="0" number="16">stuff</token>
<token t_id="18" sentence="0" number="17">of</token>
<token t_id="19" sentence="0" number="18">modern</token>
<token t_id="20" sentence="0" number="19">computer</token>
<token t_id="21" sentence="0" number="20">code</token>
<token t_id="22" sentence="0" number="21">.</token>
<token t_id="23" sentence="1" number="22">But</token>
<token t_id="24" sentence="1" number="23">a</token>
<token t_id="25" sentence="1" number="24">powerful</token>
<token t_id="26" sentence="1" number="25">new</token>
<token t_id="27" sentence="1" number="26">type</token>
<token t_id="28" sentence="1" number="27">of</token>
<token t_id="29" sentence="1" number="28">computer</token>
<token t_id="30" sentence="1" number="29">that</token>
<token t_id="31" sentence="1" number="30">is</token>
<token t_id="32" sentence="1" number="31">about</token>
<token t_id="33" sentence="1" number="32">to</token>
<token t_id="34" sentence="1" number="33">be</token>
<token t_id="35" sentence="1" number="34">commercially</token>
<token t_id="36" sentence="1" number="35">deployed</token>
<token t_id="37" sentence="1" number="36">by</token>
<token t_id="38" sentence="1" number="37">a</token>
<token t_id="39" sentence="1" number="38">major</token>
<token t_id="40" sentence="1" number="39">American</token>
<token t_id="41" sentence="1" number="40">military</token>
<token t_id="42" sentence="1" number="41">contractor</token>
<token t_id="43" sentence="1" number="42">is</token>
<token t_id="44" sentence="1" number="43">taking</token>
<token t_id="45" sentence="1" number="44">computing</token>
<token t_id="46" sentence="1" number="45">into</token>
<token t_id="47" sentence="1" number="46">the</token>
<token t_id="48" sentence="1" number="47">strange</token>
<token t_id="49" sentence="1" number="48">,</token>
<token t_id="50" sentence="1" number="49">subatomic</token>
<token t_id="51" sentence="1" number="50">realm</token>
<token t_id="52" sentence="1" number="51">of</token>
<token t_id="53" sentence="1" number="52">quantum</token>
<token t_id="54" sentence="1" number="53">mechanics</token>
<token t_id="55" sentence="1" number="54">.</token>
<token t_id="56" sentence="2" number="55">In</token>
<token t_id="57" sentence="2" number="56">that</token>
<token t_id="58" sentence="2" number="57">infinitesimal</token>
<token t_id="59" sentence="2" number="58">neighborhood</token>
<token t_id="60" sentence="2" number="59">,</token>
<token t_id="61" sentence="2" number="60">common</token>
<token t_id="62" sentence="2" number="61">sense</token>
<token t_id="63" sentence="2" number="62">logic</token>
<token t_id="64" sentence="2" number="63">no</token>
<token t_id="65" sentence="2" number="64">longer</token>
<token t_id="66" sentence="2" number="65">seems</token>
<token t_id="67" sentence="2" number="66">to</token>
<token t_id="68" sentence="2" number="67">apply</token>
<token t_id="69" sentence="2" number="68">.</token>
<token t_id="70" sentence="3" number="69">A</token>
<token t_id="71" sentence="3" number="70">one</token>
<token t_id="72" sentence="3" number="71">can</token>
<token t_id="73" sentence="3" number="72">be</token>
<token t_id="74" sentence="3" number="73">a</token>
<token t_id="75" sentence="3" number="74">one</token>
<token t_id="76" sentence="3" number="75">,</token>
<token t_id="77" sentence="3" number="76">or</token>
<token t_id="78" sentence="3" number="77">it</token>
<token t_id="79" sentence="3" number="78">can</token>
<token t_id="80" sentence="3" number="79">be</token>
<token t_id="81" sentence="3" number="80">a</token>
<token t_id="82" sentence="3" number="81">one</token>
<token t_id="83" sentence="3" number="82">and</token>
<token t_id="84" sentence="3" number="83">a</token>
<token t_id="85" sentence="3" number="84">zero</token>
<token t_id="86" sentence="3" number="85">and</token>
<token t_id="87" sentence="3" number="86">everything</token>
<token t_id="88" sentence="3" number="87">in</token>
<token t_id="89" sentence="3" number="88">between</token>
<token t_id="90" sentence="3" number="89">all</token>
<token t_id="91" sentence="3" number="90">at</token>
<token t_id="92" sentence="3" number="91">the</token>
<token t_id="93" sentence="3" number="92">same</token>
<token t_id="94" sentence="3" number="93">time</token>
<token t_id="95" sentence="3" number="94">.</token>
<token t_id="96" sentence="4" number="95">It</token>
<token t_id="97" sentence="4" number="96">sounds</token>
<token t_id="98" sentence="4" number="97">preposterous</token>
<token t_id="99" sentence="4" number="98">,</token>
<token t_id="100" sentence="4" number="99">particularly</token>
<token t_id="101" sentence="4" number="100">to</token>
<token t_id="102" sentence="4" number="101">those</token>
<token t_id="103" sentence="4" number="102">familiar</token>
<token t_id="104" sentence="4" number="103">with</token>
<token t_id="105" sentence="4" number="104">the</token>
<token t_id="106" sentence="4" number="105">yes/no</token>
<token t_id="107" sentence="4" number="106">world</token>
<token t_id="108" sentence="4" number="107">of</token>
<token t_id="109" sentence="4" number="108">conventional</token>
<token t_id="110" sentence="4" number="109">computing</token>
<token t_id="111" sentence="4" number="110">.</token>
<token t_id="112" sentence="5" number="111">But</token>
<token t_id="113" sentence="5" number="112">academic</token>
<token t_id="114" sentence="5" number="113">researchers</token>
<token t_id="115" sentence="5" number="114">and</token>
<token t_id="116" sentence="5" number="115">scientists</token>
<token t_id="117" sentence="5" number="116">at</token>
<token t_id="118" sentence="5" number="117">companies</token>
<token t_id="119" sentence="5" number="118">like</token>
<token t_id="120" sentence="5" number="119">Microsoft</token>
<token t_id="121" sentence="5" number="120">,</token>
<token t_id="122" sentence="5" number="121">I.B.M.</token>
<token t_id="123" sentence="5" number="122">and</token>
<token t_id="124" sentence="5" number="123">Hewlett-Packard</token>
<token t_id="125" sentence="5" number="124">have</token>
<token t_id="126" sentence="5" number="125">been</token>
<token t_id="127" sentence="5" number="126">working</token>
<token t_id="128" sentence="5" number="127">to</token>
<token t_id="129" sentence="5" number="128">develop</token>
<token t_id="130" sentence="5" number="129">quantum</token>
<token t_id="131" sentence="5" number="130">computers</token>
<token t_id="132" sentence="5" number="131">.</token>
<token t_id="133" sentence="6" number="132">Now</token>
<token t_id="134" sentence="6" number="133">,</token>
<token t_id="135" sentence="6" number="134">Lockheed</token>
<token t_id="136" sentence="6" number="135">Martin</token>
<token t_id="137" sentence="6" number="136">which</token>
<token t_id="138" sentence="6" number="137">bought</token>
<token t_id="139" sentence="6" number="138">an</token>
<token t_id="140" sentence="6" number="139">early</token>
<token t_id="141" sentence="6" number="140">version</token>
<token t_id="142" sentence="6" number="141">of</token>
<token t_id="143" sentence="6" number="142">such</token>
<token t_id="144" sentence="6" number="143">a</token>
<token t_id="145" sentence="6" number="144">computer</token>
<token t_id="146" sentence="6" number="145">from</token>
<token t_id="147" sentence="6" number="146">the</token>
<token t_id="148" sentence="6" number="147">Canadian</token>
<token t_id="149" sentence="6" number="148">company</token>
<token t_id="150" sentence="6" number="149">D-Wave</token>
<token t_id="151" sentence="6" number="150">Systems</token>
<token t_id="152" sentence="6" number="151">two</token>
<token t_id="153" sentence="6" number="152">years</token>
<token t_id="154" sentence="6" number="153">ago</token>
<token t_id="155" sentence="6" number="154">is</token>
<token t_id="156" sentence="6" number="155">confident</token>
<token t_id="157" sentence="6" number="156">enough</token>
<token t_id="158" sentence="6" number="157">in</token>
<token t_id="159" sentence="6" number="158">the</token>
<token t_id="160" sentence="6" number="159">technology</token>
<token t_id="161" sentence="6" number="160">to</token>
<token t_id="162" sentence="6" number="161">upgrade</token>
<token t_id="163" sentence="6" number="162">it</token>
<token t_id="164" sentence="6" number="163">to</token>
<token t_id="165" sentence="6" number="164">commercial</token>
<token t_id="166" sentence="6" number="165">scale</token>
<token t_id="167" sentence="6" number="166">,</token>
<token t_id="168" sentence="6" number="167">becoming</token>
<token t_id="169" sentence="6" number="168">the</token>
<token t_id="170" sentence="6" number="169">first</token>
<token t_id="171" sentence="6" number="170">company</token>
<token t_id="172" sentence="6" number="171">to</token>
<token t_id="173" sentence="6" number="172">use</token>
<token t_id="174" sentence="6" number="173">quantum</token>
<token t_id="175" sentence="6" number="174">computing</token>
<token t_id="176" sentence="6" number="175">as</token>
<token t_id="177" sentence="6" number="176">part</token>
<token t_id="178" sentence="6" number="177">of</token>
<token t_id="179" sentence="6" number="178">its</token>
<token t_id="180" sentence="6" number="179">business</token>
<token t_id="181" sentence="6" number="180">.</token>
<token t_id="182" sentence="7" number="181">Skeptics</token>
<token t_id="183" sentence="7" number="182">say</token>
<token t_id="184" sentence="7" number="183">that</token>
<token t_id="185" sentence="7" number="184">D-Wave</token>
<token t_id="186" sentence="7" number="185">has</token>
<token t_id="187" sentence="7" number="186">yet</token>
<token t_id="188" sentence="7" number="187">to</token>
<token t_id="189" sentence="7" number="188">prove</token>
<token t_id="190" sentence="7" number="189">to</token>
<token t_id="191" sentence="7" number="190">outside</token>
<token t_id="192" sentence="7" number="191">scientists</token>
<token t_id="193" sentence="7" number="192">that</token>
<token t_id="194" sentence="7" number="193">it</token>
<token t_id="195" sentence="7" number="194">has</token>
<token t_id="196" sentence="7" number="195">solved</token>
<token t_id="197" sentence="7" number="196">the</token>
<token t_id="198" sentence="7" number="197">myriad</token>
<token t_id="199" sentence="7" number="198">challenges</token>
<token t_id="200" sentence="7" number="199">involved</token>
<token t_id="201" sentence="7" number="200">in</token>
<token t_id="202" sentence="7" number="201">quantum</token>
<token t_id="203" sentence="7" number="202">computation</token>
<token t_id="204" sentence="7" number="203">.</token>
<token t_id="205" sentence="8" number="204">But</token>
<token t_id="206" sentence="8" number="205">if</token>
<token t_id="207" sentence="8" number="206">it</token>
<token t_id="208" sentence="8" number="207">performs</token>
<token t_id="209" sentence="8" number="208">as</token>
<token t_id="210" sentence="8" number="209">Lockheed</token>
<token t_id="211" sentence="8" number="210">and</token>
<token t_id="212" sentence="8" number="211">D-Wave</token>
<token t_id="213" sentence="8" number="212">expect</token>
<token t_id="214" sentence="8" number="213">,</token>
<token t_id="215" sentence="8" number="214">the</token>
<token t_id="216" sentence="8" number="215">design</token>
<token t_id="217" sentence="8" number="216">could</token>
<token t_id="218" sentence="8" number="217">be</token>
<token t_id="219" sentence="8" number="218">used</token>
<token t_id="220" sentence="8" number="219">to</token>
<token t_id="221" sentence="8" number="220">supercharge</token>
<token t_id="222" sentence="8" number="221">even</token>
<token t_id="223" sentence="8" number="222">the</token>
<token t_id="224" sentence="8" number="223">most</token>
<token t_id="225" sentence="8" number="224">powerful</token>
<token t_id="226" sentence="8" number="225">systems</token>
<token t_id="227" sentence="8" number="226">,</token>
<token t_id="228" sentence="8" number="227">solving</token>
<token t_id="229" sentence="8" number="228">some</token>
<token t_id="230" sentence="8" number="229">science</token>
<token t_id="231" sentence="8" number="230">and</token>
<token t_id="232" sentence="8" number="231">business</token>
<token t_id="233" sentence="8" number="232">problems</token>
<token t_id="234" sentence="8" number="233">millions</token>
<token t_id="235" sentence="8" number="234">of</token>
<token t_id="236" sentence="8" number="235">times</token>
<token t_id="237" sentence="8" number="236">faster</token>
<token t_id="238" sentence="8" number="237">than</token>
<token t_id="239" sentence="8" number="238">can</token>
<token t_id="240" sentence="8" number="239">be</token>
<token t_id="241" sentence="8" number="240">done</token>
<token t_id="242" sentence="8" number="241">today</token>
<token t_id="243" sentence="8" number="242">.</token>
<token t_id="244" sentence="9" number="243">Ray</token>
<token t_id="245" sentence="9" number="244">Johnson</token>
<token t_id="246" sentence="9" number="245">,</token>
<token t_id="247" sentence="9" number="246">Lockheeds</token>
<token t_id="248" sentence="9" number="247">chief</token>
<token t_id="249" sentence="9" number="248">technical</token>
<token t_id="250" sentence="9" number="249">officer</token>
<token t_id="251" sentence="9" number="250">,</token>
<token t_id="252" sentence="9" number="251">said</token>
<token t_id="253" sentence="9" number="252">his</token>
<token t_id="254" sentence="9" number="253">company</token>
<token t_id="255" sentence="9" number="254">would</token>
<token t_id="256" sentence="9" number="255">use</token>
<token t_id="257" sentence="9" number="256">the</token>
<token t_id="258" sentence="9" number="257">quantum</token>
<token t_id="259" sentence="9" number="258">computer</token>
<token t_id="260" sentence="9" number="259">to</token>
<token t_id="261" sentence="9" number="260">create</token>
<token t_id="262" sentence="9" number="261">and</token>
<token t_id="263" sentence="9" number="262">test</token>
<token t_id="264" sentence="9" number="263">complex</token>
<token t_id="265" sentence="9" number="264">radar</token>
<token t_id="266" sentence="9" number="265">,</token>
<token t_id="267" sentence="9" number="266">space</token>
<token t_id="268" sentence="9" number="267">and</token>
<token t_id="269" sentence="9" number="268">aircraft</token>
<token t_id="270" sentence="9" number="269">systems</token>
<token t_id="271" sentence="9" number="270">.</token>
<token t_id="272" sentence="10" number="271">It</token>
<token t_id="273" sentence="10" number="272">could</token>
<token t_id="274" sentence="10" number="273">be</token>
<token t_id="275" sentence="10" number="274">possible</token>
<token t_id="276" sentence="10" number="275">,</token>
<token t_id="277" sentence="10" number="276">for</token>
<token t_id="278" sentence="10" number="277">example</token>
<token t_id="279" sentence="10" number="278">,</token>
<token t_id="280" sentence="10" number="279">to</token>
<token t_id="281" sentence="10" number="280">tell</token>
<token t_id="282" sentence="10" number="281">instantly</token>
<token t_id="283" sentence="10" number="282">how</token>
<token t_id="284" sentence="10" number="283">the</token>
<token t_id="285" sentence="10" number="284">millions</token>
<token t_id="286" sentence="10" number="285">of</token>
<token t_id="287" sentence="10" number="286">lines</token>
<token t_id="288" sentence="10" number="287">of</token>
<token t_id="289" sentence="10" number="288">software</token>
<token t_id="290" sentence="10" number="289">running</token>
<token t_id="291" sentence="10" number="290">a</token>
<token t_id="292" sentence="10" number="291">network</token>
<token t_id="293" sentence="10" number="292">of</token>
<token t_id="294" sentence="10" number="293">satellites</token>
<token t_id="295" sentence="10" number="294">would</token>
<token t_id="296" sentence="10" number="295">react</token>
<token t_id="297" sentence="10" number="296">to</token>
<token t_id="298" sentence="10" number="297">a</token>
<token t_id="299" sentence="10" number="298">solar</token>
<token t_id="300" sentence="10" number="299">burst</token>
<token t_id="301" sentence="10" number="300">or</token>
<token t_id="302" sentence="10" number="301">a</token>
<token t_id="303" sentence="10" number="302">pulse</token>
<token t_id="304" sentence="10" number="303">from</token>
<token t_id="305" sentence="10" number="304">a</token>
<token t_id="306" sentence="10" number="305">nuclear</token>
<token t_id="307" sentence="10" number="306">explosion</token>
<token t_id="308" sentence="10" number="307">something</token>
<token t_id="309" sentence="10" number="308">that</token>
<token t_id="310" sentence="10" number="309">can</token>
<token t_id="311" sentence="10" number="310">now</token>
<token t_id="312" sentence="10" number="311">take</token>
<token t_id="313" sentence="10" number="312">weeks</token>
<token t_id="314" sentence="10" number="313">,</token>
<token t_id="315" sentence="10" number="314">if</token>
<token t_id="316" sentence="10" number="315">ever</token>
<token t_id="317" sentence="10" number="316">,</token>
<token t_id="318" sentence="10" number="317">to</token>
<token t_id="319" sentence="10" number="318">determine</token>
<token t_id="320" sentence="10" number="319">.</token>


<Markables>
<ATTRIBUTION m_id="14" quote="true"  >
<token_anchor t_id="182"/>
<token_anchor t_id="183"/>
</ATTRIBUTION>
<ATTRIBUTION m_id="20" quote="true"  >
<token_anchor t_id="244"/>
<token_anchor t_id="245"/>
<token_anchor t_id="246"/>
<token_anchor t_id="247"/>
<token_anchor t_id="248"/>
<token_anchor t_id="249"/>
<token_anchor t_id="250"/>
<token_anchor t_id="251"/>
<token_anchor t_id="252"/>
</ATTRIBUTION>
<ATTRIBUTION m_id="6" quote="false"  >
<token_anchor t_id="100"/>
<token_anchor t_id="101"/>
<token_anchor t_id="102"/>
<token_anchor t_id="103"/>
<token_anchor t_id="104"/>
<token_anchor t_id="105"/>
<token_anchor t_id="106"/>
<token_anchor t_id="107"/>
<token_anchor t_id="108"/>
<token_anchor t_id="109"/>
<token_anchor t_id="110"/>
</ATTRIBUTION>
<BACKGROUND m_id="27" previous-episodes="true"  >
<token_anchor t_id="193"/>
<token_anchor t_id="194"/>
<token_anchor t_id="195"/>
<token_anchor t_id="196"/>
<token_anchor t_id="197"/>
<token_anchor t_id="198"/>
<token_anchor t_id="199"/>
<token_anchor t_id="200"/>
<token_anchor t_id="201"/>
<token_anchor t_id="202"/>
<token_anchor t_id="203"/>
</BACKGROUND>
<BACKGROUND m_id="7" previous-episodes="true"  >
<token_anchor t_id="112"/>
<token_anchor t_id="113"/>
<token_anchor t_id="114"/>
<token_anchor t_id="115"/>
<token_anchor t_id="116"/>
<token_anchor t_id="117"/>
<token_anchor t_id="118"/>
<token_anchor t_id="119"/>
<token_anchor t_id="120"/>
<token_anchor t_id="121"/>
<token_anchor t_id="122"/>
<token_anchor t_id="123"/>
<token_anchor t_id="124"/>
<token_anchor t_id="125"/>
<token_anchor t_id="126"/>
<token_anchor t_id="127"/>
</BACKGROUND>
<BACKGROUND m_id="8" previous-episodes="true"  >
<token_anchor t_id="128"/>
<token_anchor t_id="129"/>
<token_anchor t_id="130"/>
<token_anchor t_id="131"/>
</BACKGROUND>
<BACKGROUND m_id="9" previous-episodes="false"  >
<token_anchor t_id="137"/>
<token_anchor t_id="138"/>
<token_anchor t_id="139"/>
<token_anchor t_id="140"/>
<token_anchor t_id="141"/>
<token_anchor t_id="142"/>
<token_anchor t_id="143"/>
<token_anchor t_id="144"/>
<token_anchor t_id="145"/>
<token_anchor t_id="146"/>
<token_anchor t_id="147"/>
<token_anchor t_id="148"/>
<token_anchor t_id="149"/>
<token_anchor t_id="150"/>
<token_anchor t_id="151"/>
<token_anchor t_id="152"/>
<token_anchor t_id="153"/>
<token_anchor t_id="154"/>
</BACKGROUND>
<DESCRIPTION m_id="13" context="false"  >
<token_anchor t_id="67"/>
<token_anchor t_id="68"/>
</DESCRIPTION>
<DESCRIPTION m_id="28" context="true"  >
<token_anchor t_id="238"/>
<token_anchor t_id="239"/>
<token_anchor t_id="240"/>
<token_anchor t_id="241"/>
<token_anchor t_id="242"/>
</DESCRIPTION>
<DESCRIPTION m_id="1" context="true"  >
<token_anchor t_id="1"/>
<token_anchor t_id="2"/>
<token_anchor t_id="3"/>
<token_anchor t_id="4"/>
<token_anchor t_id="5"/>
<token_anchor t_id="6"/>
<token_anchor t_id="7"/>
<token_anchor t_id="8"/>
<token_anchor t_id="9"/>
<token_anchor t_id="10"/>
<token_anchor t_id="11"/>
<token_anchor t_id="12"/>
<token_anchor t_id="13"/>
<token_anchor t_id="14"/>
<token_anchor t_id="15"/>
<token_anchor t_id="16"/>
<token_anchor t_id="17"/>
<token_anchor t_id="18"/>
<token_anchor t_id="19"/>
<token_anchor t_id="20"/>
<token_anchor t_id="21"/>
</DESCRIPTION>
<DESCRIPTION m_id="3" context="false"  >
<token_anchor t_id="70"/>
<token_anchor t_id="71"/>
<token_anchor t_id="72"/>
<token_anchor t_id="73"/>
<token_anchor t_id="74"/>
<token_anchor t_id="75"/>
</DESCRIPTION>
<DESCRIPTION m_id="4" context="false"  >
<token_anchor t_id="77"/>
<token_anchor t_id="78"/>
<token_anchor t_id="79"/>
<token_anchor t_id="80"/>
<token_anchor t_id="81"/>
<token_anchor t_id="82"/>
<token_anchor t_id="83"/>
<token_anchor t_id="84"/>
<token_anchor t_id="85"/>
<token_anchor t_id="86"/>
<token_anchor t_id="87"/>
<token_anchor t_id="88"/>
<token_anchor t_id="89"/>
<token_anchor t_id="90"/>
<token_anchor t_id="91"/>
<token_anchor t_id="92"/>
<token_anchor t_id="93"/>
<token_anchor t_id="94"/>
</DESCRIPTION>
<DESCRIPTION m_id="12" context="false"  >
<token_anchor t_id="56"/>
<token_anchor t_id="57"/>
<token_anchor t_id="58"/>
<token_anchor t_id="59"/>
<token_anchor t_id="60"/>
<token_anchor t_id="61"/>
<token_anchor t_id="62"/>
<token_anchor t_id="63"/>
<token_anchor t_id="64"/>
<token_anchor t_id="65"/>
<token_anchor t_id="66"/>
</DESCRIPTION>
<EVALUATION m_id="15"  >
<token_anchor t_id="184"/>
<token_anchor t_id="185"/>
<token_anchor t_id="186"/>
<token_anchor t_id="187"/>
<token_anchor t_id="188"/>
<token_anchor t_id="189"/>
<token_anchor t_id="190"/>
<token_anchor t_id="191"/>
<token_anchor t_id="192"/>
</EVALUATION>
<EVALUATION m_id="25"  >
<token_anchor t_id="133"/>
<token_anchor t_id="134"/>
<token_anchor t_id="135"/>
<token_anchor t_id="136"/>
<token_anchor t_id="155"/>
<token_anchor t_id="156"/>
<token_anchor t_id="157"/>
<token_anchor t_id="158"/>
<token_anchor t_id="159"/>
<token_anchor t_id="160"/>
</EVALUATION>
<EVALUATION m_id="32"  >
<token_anchor t_id="308"/>
<token_anchor t_id="309"/>
<token_anchor t_id="310"/>
<token_anchor t_id="311"/>
<token_anchor t_id="312"/>
<token_anchor t_id="313"/>
<token_anchor t_id="314"/>
<token_anchor t_id="315"/>
<token_anchor t_id="316"/>
</EVALUATION>
<EVALUATION m_id="33"  >
<token_anchor t_id="318"/>
<token_anchor t_id="319"/>
</EVALUATION>
<EVALUATION m_id="5"  >
<token_anchor t_id="96"/>
<token_anchor t_id="97"/>
<token_anchor t_id="98"/>
</EVALUATION>
<EXPECTATION m_id="16"  >
<token_anchor t_id="205"/>
<token_anchor t_id="206"/>
<token_anchor t_id="207"/>
<token_anchor t_id="208"/>
<token_anchor t_id="209"/>
<token_anchor t_id="210"/>
<token_anchor t_id="211"/>
<token_anchor t_id="212"/>
<token_anchor t_id="213"/>
</EXPECTATION>
<EXPECTATION m_id="17"  >
<token_anchor t_id="215"/>
<token_anchor t_id="216"/>
<token_anchor t_id="217"/>
<token_anchor t_id="218"/>
<token_anchor t_id="219"/>
</EXPECTATION>
<EXPECTATION m_id="18"  >
<token_anchor t_id="220"/>
<token_anchor t_id="221"/>
<token_anchor t_id="222"/>
<token_anchor t_id="223"/>
<token_anchor t_id="224"/>
<token_anchor t_id="225"/>
<token_anchor t_id="226"/>
</EXPECTATION>
<EXPECTATION m_id="19"  >
<token_anchor t_id="228"/>
<token_anchor t_id="229"/>
<token_anchor t_id="230"/>
<token_anchor t_id="231"/>
<token_anchor t_id="232"/>
<token_anchor t_id="233"/>
<token_anchor t_id="234"/>
<token_anchor t_id="235"/>
<token_anchor t_id="236"/>
<token_anchor t_id="237"/>
</EXPECTATION>
<EXPECTATION m_id="22"  >
<token_anchor t_id="272"/>
<token_anchor t_id="273"/>
<token_anchor t_id="274"/>
<token_anchor t_id="275"/>
<token_anchor t_id="276"/>
<token_anchor t_id="277"/>
<token_anchor t_id="278"/>
</EXPECTATION>
<EXPECTATION m_id="23"  >
<token_anchor t_id="280"/>
<token_anchor t_id="281"/>
<token_anchor t_id="282"/>
</EXPECTATION>
<EXPECTATION m_id="31"  >
<token_anchor t_id="283"/>
<token_anchor t_id="284"/>
<token_anchor t_id="285"/>
<token_anchor t_id="286"/>
<token_anchor t_id="287"/>
<token_anchor t_id="288"/>
<token_anchor t_id="289"/>
<token_anchor t_id="290"/>
<token_anchor t_id="291"/>
<token_anchor t_id="292"/>
<token_anchor t_id="293"/>
<token_anchor t_id="294"/>
<token_anchor t_id="295"/>
<token_anchor t_id="296"/>
<token_anchor t_id="297"/>
<token_anchor t_id="298"/>
<token_anchor t_id="299"/>
<token_anchor t_id="300"/>
<token_anchor t_id="301"/>
<token_anchor t_id="302"/>
<token_anchor t_id="303"/>
<token_anchor t_id="304"/>
<token_anchor t_id="305"/>
<token_anchor t_id="306"/>
<token_anchor t_id="307"/>
</EXPECTATION>
<FOLLOW-UP m_id="21" anchor="future"  >
<token_anchor t_id="253"/>
<token_anchor t_id="254"/>
<token_anchor t_id="255"/>
<token_anchor t_id="256"/>
<token_anchor t_id="257"/>
<token_anchor t_id="258"/>
<token_anchor t_id="259"/>
</FOLLOW-UP>
<FOLLOW-UP m_id="26" anchor="future"  >
<token_anchor t_id="172"/>
<token_anchor t_id="173"/>
<token_anchor t_id="174"/>
<token_anchor t_id="175"/>
<token_anchor t_id="176"/>
<token_anchor t_id="177"/>
<token_anchor t_id="178"/>
<token_anchor t_id="179"/>
<token_anchor t_id="180"/>
</FOLLOW-UP>
<FOLLOW-UP m_id="29" anchor="future"  >
<token_anchor t_id="260"/>
<token_anchor t_id="261"/>
</FOLLOW-UP>
<FOLLOW-UP m_id="30" anchor="future"  >
<token_anchor t_id="262"/>
<token_anchor t_id="263"/>
<token_anchor t_id="264"/>
<token_anchor t_id="265"/>
<token_anchor t_id="266"/>
<token_anchor t_id="267"/>
<token_anchor t_id="268"/>
<token_anchor t_id="269"/>
<token_anchor t_id="270"/>
</FOLLOW-UP>
<FOLLOW-UP m_id="11" anchor="future"  >
<token_anchor t_id="168"/>
<token_anchor t_id="169"/>
<token_anchor t_id="170"/>
<token_anchor t_id="171"/>
</FOLLOW-UP>
<FOREGROUND m_id="24" type="narration"  >
<token_anchor t_id="23"/>
<token_anchor t_id="24"/>
<token_anchor t_id="25"/>
<token_anchor t_id="26"/>
<token_anchor t_id="27"/>
<token_anchor t_id="28"/>
<token_anchor t_id="29"/>
<token_anchor t_id="43"/>
<token_anchor t_id="44"/>
<token_anchor t_id="45"/>
<token_anchor t_id="46"/>
<token_anchor t_id="47"/>
<token_anchor t_id="48"/>
<token_anchor t_id="49"/>
<token_anchor t_id="50"/>
<token_anchor t_id="51"/>
<token_anchor t_id="52"/>
<token_anchor t_id="53"/>
<token_anchor t_id="54"/>
</FOREGROUND>
<FOREGROUND m_id="2" type="narration"  >
<token_anchor t_id="30"/>
<token_anchor t_id="31"/>
<token_anchor t_id="32"/>
<token_anchor t_id="33"/>
<token_anchor t_id="34"/>
<token_anchor t_id="35"/>
<token_anchor t_id="36"/>
<token_anchor t_id="37"/>
<token_anchor t_id="38"/>
<token_anchor t_id="39"/>
<token_anchor t_id="40"/>
<token_anchor t_id="41"/>
<token_anchor t_id="42"/>
</FOREGROUND>
<FOREGROUND m_id="10" type="narration"  >
<token_anchor t_id="161"/>
<token_anchor t_id="162"/>
<token_anchor t_id="163"/>
<token_anchor t_id="164"/>
<token_anchor t_id="165"/>
<token_anchor t_id="166"/>
</FOREGROUND>


</Markables>

<Relations>
</Relations>
</Document>
