<Document doc_name="WSJ_20130322_804">
<token t_id="1" sentence="0" number="0">Health</token>
<token t_id="2" sentence="0" number="1">insurers</token>
<token t_id="3" sentence="0" number="2">are</token>
<token t_id="4" sentence="0" number="3">privately</token>
<token t_id="5" sentence="0" number="4">warning</token>
<token t_id="6" sentence="0" number="5">brokers</token>
<token t_id="7" sentence="0" number="6">that</token>
<token t_id="8" sentence="0" number="7">premiums</token>
<token t_id="9" sentence="0" number="8">for</token>
<token t_id="10" sentence="0" number="9">many</token>
<token t_id="11" sentence="0" number="10">individuals</token>
<token t_id="12" sentence="0" number="11">and</token>
<token t_id="13" sentence="0" number="12">small</token>
<token t_id="14" sentence="0" number="13">businesses</token>
<token t_id="15" sentence="0" number="14">could</token>
<token t_id="16" sentence="0" number="15">increase</token>
<token t_id="17" sentence="0" number="16">sharply</token>
<token t_id="18" sentence="0" number="17">next</token>
<token t_id="19" sentence="0" number="18">year</token>
<token t_id="20" sentence="0" number="19">because</token>
<token t_id="21" sentence="0" number="20">of</token>
<token t_id="22" sentence="0" number="21">the</token>
<token t_id="23" sentence="0" number="22">health-care</token>
<token t_id="24" sentence="0" number="23">overhaul</token>
<token t_id="25" sentence="0" number="24">law</token>
<token t_id="26" sentence="0" number="25">,</token>
<token t_id="27" sentence="0" number="26">with</token>
<token t_id="28" sentence="0" number="27">the</token>
<token t_id="29" sentence="0" number="28">nation</token>
<token t_id="30" sentence="0" number="29">'s</token>
<token t_id="31" sentence="0" number="30">biggest</token>
<token t_id="32" sentence="0" number="31">firm</token>
<token t_id="33" sentence="0" number="32">projecting</token>
<token t_id="34" sentence="0" number="33">that</token>
<token t_id="35" sentence="0" number="34">rates</token>
<token t_id="36" sentence="0" number="35">could</token>
<token t_id="37" sentence="0" number="36">more</token>
<token t_id="38" sentence="0" number="37">than</token>
<token t_id="39" sentence="0" number="38">double</token>
<token t_id="40" sentence="0" number="39">for</token>
<token t_id="41" sentence="0" number="40">some</token>
<token t_id="42" sentence="0" number="41">consumers</token>
<token t_id="43" sentence="0" number="42">buying</token>
<token t_id="44" sentence="0" number="43">their</token>
<token t_id="45" sentence="0" number="44">own</token>
<token t_id="46" sentence="0" number="45">plans</token>
<token t_id="47" sentence="0" number="46">.</token>
<token t_id="48" sentence="1" number="47">The</token>
<token t_id="49" sentence="1" number="48">projections</token>
<token t_id="50" sentence="1" number="49">,</token>
<token t_id="51" sentence="1" number="50">made</token>
<token t_id="52" sentence="1" number="51">in</token>
<token t_id="53" sentence="1" number="52">sessions</token>
<token t_id="54" sentence="1" number="53">with</token>
<token t_id="55" sentence="1" number="54">brokers</token>
<token t_id="56" sentence="1" number="55">and</token>
<token t_id="57" sentence="1" number="56">agents</token>
<token t_id="58" sentence="1" number="57">,</token>
<token t_id="59" sentence="1" number="58">provide</token>
<token t_id="60" sentence="1" number="59">some</token>
<token t_id="61" sentence="1" number="60">of</token>
<token t_id="62" sentence="1" number="61">the</token>
<token t_id="63" sentence="1" number="62">most</token>
<token t_id="64" sentence="1" number="63">concrete</token>
<token t_id="65" sentence="1" number="64">evidence</token>
<token t_id="66" sentence="1" number="65">yet</token>
<token t_id="67" sentence="1" number="66">of</token>
<token t_id="68" sentence="1" number="67">how</token>
<token t_id="69" sentence="1" number="68">much</token>
<token t_id="70" sentence="1" number="69">insurance</token>
<token t_id="71" sentence="1" number="70">companies</token>
<token t_id="72" sentence="1" number="71">might</token>
<token t_id="73" sentence="1" number="72">increase</token>
<token t_id="74" sentence="1" number="73">prices</token>
<token t_id="75" sentence="1" number="74">when</token>
<token t_id="76" sentence="1" number="75">major</token>
<token t_id="77" sentence="1" number="76">provisions</token>
<token t_id="78" sentence="1" number="77">of</token>
<token t_id="79" sentence="1" number="78">the</token>
<token t_id="80" sentence="1" number="79">law</token>
<token t_id="81" sentence="1" number="80">kick</token>
<token t_id="82" sentence="1" number="81">in</token>
<token t_id="83" sentence="1" number="82">next</token>
<token t_id="84" sentence="1" number="83">year</token>
<token t_id="85" sentence="1" number="84">-</token>
<token t_id="86" sentence="1" number="85">a</token>
<token t_id="87" sentence="1" number="86">subject</token>
<token t_id="88" sentence="1" number="87">of</token>
<token t_id="89" sentence="1" number="88">rigorous</token>
<token t_id="90" sentence="1" number="89">debate</token>
<token t_id="91" sentence="1" number="90">.</token>
<token t_id="92" sentence="2" number="91">The</token>
<token t_id="93" sentence="2" number="92">projected</token>
<token t_id="94" sentence="2" number="93">increases</token>
<token t_id="95" sentence="2" number="94">are</token>
<token t_id="96" sentence="2" number="95">at</token>
<token t_id="97" sentence="2" number="96">odds</token>
<token t_id="98" sentence="2" number="97">with</token>
<token t_id="99" sentence="2" number="98">what</token>
<token t_id="100" sentence="2" number="99">the</token>
<token t_id="101" sentence="2" number="100">Obama</token>
<token t_id="102" sentence="2" number="101">Administration</token>
<token t_id="103" sentence="2" number="102">says</token>
<token t_id="104" sentence="2" number="103">consumers</token>
<token t_id="105" sentence="2" number="104">should</token>
<token t_id="106" sentence="2" number="105">be</token>
<token t_id="107" sentence="2" number="106">expecting</token>
<token t_id="108" sentence="2" number="107">overall</token>
<token t_id="109" sentence="2" number="108">in</token>
<token t_id="110" sentence="2" number="109">terms</token>
<token t_id="111" sentence="2" number="110">of</token>
<token t_id="112" sentence="2" number="111">cost</token>
<token t_id="113" sentence="2" number="112">.</token>
<token t_id="114" sentence="3" number="113">The</token>
<token t_id="115" sentence="3" number="114">Department</token>
<token t_id="116" sentence="3" number="115">of</token>
<token t_id="117" sentence="3" number="116">Health</token>
<token t_id="118" sentence="3" number="117">and</token>
<token t_id="119" sentence="3" number="118">Human</token>
<token t_id="120" sentence="3" number="119">Services</token>
<token t_id="121" sentence="3" number="120">says</token>
<token t_id="122" sentence="3" number="121">that</token>
<token t_id="123" sentence="3" number="122">the</token>
<token t_id="124" sentence="3" number="123">law</token>
<token t_id="125" sentence="3" number="124">will</token>
<token t_id="126" sentence="3" number="125">''</token>
<token t_id="127" sentence="3" number="126">make</token>
<token t_id="128" sentence="3" number="127">health-care</token>
<token t_id="129" sentence="3" number="128">coverage</token>
<token t_id="130" sentence="3" number="129">more</token>
<token t_id="131" sentence="3" number="130">affordable</token>
<token t_id="132" sentence="3" number="131">and</token>
<token t_id="133" sentence="3" number="132">accessible</token>
<token t_id="134" sentence="3" number="133">,</token>
<token t_id="135" sentence="3" number="134">''</token>
<token t_id="136" sentence="3" number="135">pointing</token>
<token t_id="137" sentence="3" number="136">to</token>
<token t_id="138" sentence="3" number="137">a</token>
<token t_id="139" sentence="3" number="138">2009</token>
<token t_id="140" sentence="3" number="139">analysis</token>
<token t_id="141" sentence="3" number="140">by</token>
<token t_id="142" sentence="3" number="141">the</token>
<token t_id="143" sentence="3" number="142">Congressional</token>
<token t_id="144" sentence="3" number="143">Budget</token>
<token t_id="145" sentence="3" number="144">Office</token>
<token t_id="146" sentence="3" number="145">that</token>
<token t_id="147" sentence="3" number="146">says</token>
<token t_id="148" sentence="3" number="147">average</token>
<token t_id="149" sentence="3" number="148">individual</token>
<token t_id="150" sentence="3" number="149">premiums</token>
<token t_id="151" sentence="3" number="150">,</token>
<token t_id="152" sentence="3" number="151">on</token>
<token t_id="153" sentence="3" number="152">an</token>
<token t_id="154" sentence="3" number="153">apples-to-apples</token>
<token t_id="155" sentence="3" number="154">basis</token>
<token t_id="156" sentence="3" number="155">,</token>
<token t_id="157" sentence="3" number="156">would</token>
<token t_id="158" sentence="3" number="157">be</token>
<token t_id="159" sentence="3" number="158">lower</token>
<token t_id="160" sentence="3" number="159">.</token>
<token t_id="161" sentence="4" number="160">The</token>
<token t_id="162" sentence="4" number="161">gulf</token>
<token t_id="163" sentence="4" number="162">between</token>
<token t_id="164" sentence="4" number="163">the</token>
<token t_id="165" sentence="4" number="164">pricing</token>
<token t_id="166" sentence="4" number="165">talk</token>
<token t_id="167" sentence="4" number="166">from</token>
<token t_id="168" sentence="4" number="167">some</token>
<token t_id="169" sentence="4" number="168">insurers</token>
<token t_id="170" sentence="4" number="169">and</token>
<token t_id="171" sentence="4" number="170">the</token>
<token t_id="172" sentence="4" number="171">government</token>
<token t_id="173" sentence="4" number="172">projections</token>
<token t_id="174" sentence="4" number="173">suggests</token>
<token t_id="175" sentence="4" number="174">how</token>
<token t_id="176" sentence="4" number="175">complicated</token>
<token t_id="177" sentence="4" number="176">the</token>
<token t_id="178" sentence="4" number="177">law</token>
<token t_id="179" sentence="4" number="178">'s</token>
<token t_id="180" sentence="4" number="179">effects</token>
<token t_id="181" sentence="4" number="180">will</token>
<token t_id="182" sentence="4" number="181">be</token>
<token t_id="183" sentence="4" number="182">.</token>
<token t_id="184" sentence="5" number="183">Carriers</token>
<token t_id="185" sentence="5" number="184">will</token>
<token t_id="186" sentence="5" number="185">be</token>
<token t_id="187" sentence="5" number="186">filing</token>
<token t_id="188" sentence="5" number="187">proposed</token>
<token t_id="189" sentence="5" number="188">prices</token>
<token t_id="190" sentence="5" number="189">with</token>
<token t_id="191" sentence="5" number="190">regulators</token>
<token t_id="192" sentence="5" number="191">over</token>
<token t_id="193" sentence="5" number="192">the</token>
<token t_id="194" sentence="5" number="193">next</token>
<token t_id="195" sentence="5" number="194">few</token>
<token t_id="196" sentence="5" number="195">months</token>
<token t_id="197" sentence="5" number="196">.</token>
<token t_id="198" sentence="6" number="197">Part</token>
<token t_id="199" sentence="6" number="198">of</token>
<token t_id="200" sentence="6" number="199">the</token>
<token t_id="201" sentence="6" number="200">murkiness</token>
<token t_id="202" sentence="6" number="201">stems</token>
<token t_id="203" sentence="6" number="202">from</token>
<token t_id="204" sentence="6" number="203">the</token>
<token t_id="205" sentence="6" number="204">role</token>
<token t_id="206" sentence="6" number="205">of</token>
<token t_id="207" sentence="6" number="206">government</token>
<token t_id="208" sentence="6" number="207">subsidies</token>
<token t_id="209" sentence="6" number="208">.</token>
<token t_id="210" sentence="7" number="209">Federal</token>
<token t_id="211" sentence="7" number="210">subsidies</token>
<token t_id="212" sentence="7" number="211">under</token>
<token t_id="213" sentence="7" number="212">the</token>
<token t_id="214" sentence="7" number="213">health</token>
<token t_id="215" sentence="7" number="214">law</token>
<token t_id="216" sentence="7" number="215">will</token>
<token t_id="217" sentence="7" number="216">help</token>
<token t_id="218" sentence="7" number="217">lower-income</token>
<token t_id="219" sentence="7" number="218">consumers</token>
<token t_id="220" sentence="7" number="219">defray</token>
<token t_id="221" sentence="7" number="220">costs</token>
<token t_id="222" sentence="7" number="221">,</token>
<token t_id="223" sentence="7" number="222">but</token>
<token t_id="224" sentence="7" number="223">they</token>
<token t_id="225" sentence="7" number="224">are</token>
<token t_id="226" sentence="7" number="225">generally</token>
<token t_id="227" sentence="7" number="226">not</token>
<token t_id="228" sentence="7" number="227">included</token>
<token t_id="229" sentence="7" number="228">in</token>
<token t_id="230" sentence="7" number="229">insurers</token>
<token t_id="231" sentence="7" number="230">'</token>
<token t_id="232" sentence="7" number="231">premium</token>
<token t_id="233" sentence="7" number="232">projections</token>
<token t_id="234" sentence="7" number="233">.</token>
<token t_id="235" sentence="8" number="234">Many</token>
<token t_id="236" sentence="8" number="235">consumers</token>
<token t_id="237" sentence="8" number="236">will</token>
<token t_id="238" sentence="8" number="237">be</token>
<token t_id="239" sentence="8" number="238">getting</token>
<token t_id="240" sentence="8" number="239">more</token>
<token t_id="241" sentence="8" number="240">generous</token>
<token t_id="242" sentence="8" number="241">plans</token>
<token t_id="243" sentence="8" number="242">because</token>
<token t_id="244" sentence="8" number="243">of</token>
<token t_id="245" sentence="8" number="244">new</token>
<token t_id="246" sentence="8" number="245">requirements</token>
<token t_id="247" sentence="8" number="246">in</token>
<token t_id="248" sentence="8" number="247">the</token>
<token t_id="249" sentence="8" number="248">law</token>
<token t_id="250" sentence="8" number="249">.</token>
<token t_id="251" sentence="9" number="250">The</token>
<token t_id="252" sentence="9" number="251">effects</token>
<token t_id="253" sentence="9" number="252">of</token>
<token t_id="254" sentence="9" number="253">the</token>
<token t_id="255" sentence="9" number="254">law</token>
<token t_id="256" sentence="9" number="255">will</token>
<token t_id="257" sentence="9" number="256">vary</token>
<token t_id="258" sentence="9" number="257">widely</token>
<token t_id="259" sentence="9" number="258">,</token>
<token t_id="260" sentence="9" number="259">and</token>
<token t_id="261" sentence="9" number="260">insurers</token>
<token t_id="262" sentence="9" number="261">and</token>
<token t_id="263" sentence="9" number="262">other</token>
<token t_id="264" sentence="9" number="263">analysts</token>
<token t_id="265" sentence="9" number="264">agree</token>
<token t_id="266" sentence="9" number="265">that</token>
<token t_id="267" sentence="9" number="266">some</token>
<token t_id="268" sentence="9" number="267">consumers</token>
<token t_id="269" sentence="9" number="268">and</token>
<token t_id="270" sentence="9" number="269">small</token>
<token t_id="271" sentence="9" number="270">businesses</token>
<token t_id="272" sentence="9" number="271">will</token>
<token t_id="273" sentence="9" number="272">likely</token>
<token t_id="274" sentence="9" number="273">see</token>
<token t_id="275" sentence="9" number="274">premiums</token>
<token t_id="276" sentence="9" number="275">go</token>
<token t_id="277" sentence="9" number="276">down</token>
<token t_id="278" sentence="9" number="277">.</token>
<token t_id="279" sentence="10" number="278">Starting</token>
<token t_id="280" sentence="10" number="279">next</token>
<token t_id="281" sentence="10" number="280">year</token>
<token t_id="282" sentence="10" number="281">,</token>
<token t_id="283" sentence="10" number="282">the</token>
<token t_id="284" sentence="10" number="283">law</token>
<token t_id="285" sentence="10" number="284">will</token>
<token t_id="286" sentence="10" number="285">block</token>
<token t_id="287" sentence="10" number="286">insurers</token>
<token t_id="288" sentence="10" number="287">from</token>
<token t_id="289" sentence="10" number="288">refusing</token>
<token t_id="290" sentence="10" number="289">to</token>
<token t_id="291" sentence="10" number="290">sell</token>
<token t_id="292" sentence="10" number="291">coverage</token>
<token t_id="293" sentence="10" number="292">or</token>
<token t_id="294" sentence="10" number="293">setting</token>
<token t_id="295" sentence="10" number="294">premiums</token>
<token t_id="296" sentence="10" number="295">based</token>
<token t_id="297" sentence="10" number="296">on</token>
<token t_id="298" sentence="10" number="297">people</token>
<token t_id="299" sentence="10" number="298">'s</token>
<token t_id="300" sentence="10" number="299">health</token>
<token t_id="301" sentence="10" number="300">histories</token>
<token t_id="302" sentence="10" number="301">,</token>
<token t_id="303" sentence="10" number="302">and</token>
<token t_id="304" sentence="10" number="303">will</token>
<token t_id="305" sentence="10" number="304">reduce</token>
<token t_id="306" sentence="10" number="305">their</token>
<token t_id="307" sentence="10" number="306">ability</token>
<token t_id="308" sentence="10" number="307">to</token>
<token t_id="309" sentence="10" number="308">set</token>
<token t_id="310" sentence="10" number="309">rates</token>
<token t_id="311" sentence="10" number="310">based</token>
<token t_id="312" sentence="10" number="311">on</token>
<token t_id="313" sentence="10" number="312">age</token>
<token t_id="314" sentence="10" number="313">.</token>
<token t_id="315" sentence="11" number="314">That</token>
<token t_id="316" sentence="11" number="315">can</token>
<token t_id="317" sentence="11" number="316">raise</token>
<token t_id="318" sentence="11" number="317">coverage</token>
<token t_id="319" sentence="11" number="318">prices</token>
<token t_id="320" sentence="11" number="319">for</token>
<token t_id="321" sentence="11" number="320">younger</token>
<token t_id="322" sentence="11" number="321">,</token>
<token t_id="323" sentence="11" number="322">healthier</token>
<token t_id="324" sentence="11" number="323">consumers</token>
<token t_id="325" sentence="11" number="324">,</token>
<token t_id="326" sentence="11" number="325">while</token>
<token t_id="327" sentence="11" number="326">reining</token>
<token t_id="328" sentence="11" number="327">them</token>
<token t_id="329" sentence="11" number="328">in</token>
<token t_id="330" sentence="11" number="329">for</token>
<token t_id="331" sentence="11" number="330">older</token>
<token t_id="332" sentence="11" number="331">,</token>
<token t_id="333" sentence="11" number="332">sicker</token>
<token t_id="334" sentence="11" number="333">ones</token>
<token t_id="335" sentence="11" number="334">.</token>
<token t_id="336" sentence="12" number="335">The</token>
<token t_id="337" sentence="12" number="336">rules</token>
<token t_id="338" sentence="12" number="337">can</token>
<token t_id="339" sentence="12" number="338">also</token>
<token t_id="340" sentence="12" number="339">affect</token>
<token t_id="341" sentence="12" number="340">small</token>
<token t_id="342" sentence="12" number="341">businesses</token>
<token t_id="343" sentence="12" number="342">,</token>
<token t_id="344" sentence="12" number="343">which</token>
<token t_id="345" sentence="12" number="344">sometimes</token>
<token t_id="346" sentence="12" number="345">pay</token>
<token t_id="347" sentence="12" number="346">premiums</token>
<token t_id="348" sentence="12" number="347">tied</token>
<token t_id="349" sentence="12" number="348">to</token>
<token t_id="350" sentence="12" number="349">employees</token>
<token t_id="351" sentence="12" number="350">'</token>
<token t_id="352" sentence="12" number="351">health</token>
<token t_id="353" sentence="12" number="352">status</token>
<token t_id="354" sentence="12" number="353">and</token>
<token t_id="355" sentence="12" number="354">claims</token>
<token t_id="356" sentence="12" number="355">history</token>
<token t_id="357" sentence="12" number="356">.</token>


<Markables>
<ATTRIBUTION m_id="28" quote="true"  >
<token_anchor t_id="100"/>
<token_anchor t_id="101"/>
<token_anchor t_id="102"/>
<token_anchor t_id="103"/>
</ATTRIBUTION>
<ATTRIBUTION m_id="1" quote="false"  >
<token_anchor t_id="27"/>
<token_anchor t_id="28"/>
<token_anchor t_id="29"/>
<token_anchor t_id="30"/>
<token_anchor t_id="31"/>
<token_anchor t_id="32"/>
<token_anchor t_id="33"/>
</ATTRIBUTION>
<ATTRIBUTION m_id="4" quote="false"  >
<token_anchor t_id="1"/>
<token_anchor t_id="2"/>
<token_anchor t_id="3"/>
<token_anchor t_id="4"/>
<token_anchor t_id="5"/>
<token_anchor t_id="6"/>
</ATTRIBUTION>
<ATTRIBUTION m_id="5" quote="true"  >
<token_anchor t_id="114"/>
<token_anchor t_id="115"/>
<token_anchor t_id="116"/>
<token_anchor t_id="117"/>
<token_anchor t_id="118"/>
<token_anchor t_id="119"/>
<token_anchor t_id="120"/>
<token_anchor t_id="121"/>
</ATTRIBUTION>
<ATTRIBUTION m_id="10" quote="false"  >
<token_anchor t_id="260"/>
<token_anchor t_id="261"/>
<token_anchor t_id="262"/>
<token_anchor t_id="263"/>
<token_anchor t_id="264"/>
<token_anchor t_id="265"/>
</ATTRIBUTION>
<ATTRIBUTION m_id="11" quote="true"  >
<token_anchor t_id="146"/>
<token_anchor t_id="147"/>
</ATTRIBUTION>
<BACKGROUND m_id="34" previous-episodes="false"  >
<token_anchor t_id="136"/>
<token_anchor t_id="137"/>
<token_anchor t_id="138"/>
<token_anchor t_id="139"/>
<token_anchor t_id="140"/>
<token_anchor t_id="141"/>
<token_anchor t_id="142"/>
<token_anchor t_id="143"/>
<token_anchor t_id="144"/>
<token_anchor t_id="145"/>
</BACKGROUND>
<BACKGROUND m_id="35" previous-episodes="false"  >
<token_anchor t_id="51"/>
<token_anchor t_id="52"/>
<token_anchor t_id="53"/>
<token_anchor t_id="54"/>
<token_anchor t_id="55"/>
<token_anchor t_id="56"/>
<token_anchor t_id="57"/>
</BACKGROUND>
<BACKGROUND m_id="6" previous-episodes="false"  >
<token_anchor t_id="148"/>
<token_anchor t_id="149"/>
<token_anchor t_id="150"/>
<token_anchor t_id="151"/>
<token_anchor t_id="152"/>
<token_anchor t_id="153"/>
<token_anchor t_id="154"/>
<token_anchor t_id="155"/>
<token_anchor t_id="156"/>
<token_anchor t_id="157"/>
<token_anchor t_id="158"/>
<token_anchor t_id="159"/>
</BACKGROUND>
<DESCRIPTION m_id="13" context="false"  >
<token_anchor t_id="223"/>
<token_anchor t_id="224"/>
<token_anchor t_id="225"/>
<token_anchor t_id="226"/>
<token_anchor t_id="227"/>
<token_anchor t_id="228"/>
<token_anchor t_id="229"/>
<token_anchor t_id="230"/>
<token_anchor t_id="231"/>
<token_anchor t_id="232"/>
<token_anchor t_id="233"/>
</DESCRIPTION>
<DESCRIPTION m_id="23" context="false"  >
<token_anchor t_id="344"/>
<token_anchor t_id="345"/>
<token_anchor t_id="346"/>
<token_anchor t_id="347"/>
<token_anchor t_id="348"/>
<token_anchor t_id="349"/>
<token_anchor t_id="350"/>
<token_anchor t_id="351"/>
<token_anchor t_id="352"/>
<token_anchor t_id="353"/>
<token_anchor t_id="354"/>
<token_anchor t_id="355"/>
<token_anchor t_id="356"/>
</DESCRIPTION>
<EVALUATION m_id="25"  >
<token_anchor t_id="92"/>
<token_anchor t_id="93"/>
<token_anchor t_id="94"/>
<token_anchor t_id="95"/>
<token_anchor t_id="96"/>
<token_anchor t_id="97"/>
</EVALUATION>
<EVALUATION m_id="27"  >
<token_anchor t_id="86"/>
<token_anchor t_id="87"/>
<token_anchor t_id="88"/>
<token_anchor t_id="89"/>
<token_anchor t_id="90"/>
</EVALUATION>
<EVALUATION m_id="37"  >
<token_anchor t_id="175"/>
<token_anchor t_id="176"/>
<token_anchor t_id="177"/>
<token_anchor t_id="178"/>
<token_anchor t_id="179"/>
<token_anchor t_id="180"/>
<token_anchor t_id="181"/>
<token_anchor t_id="182"/>
</EVALUATION>
<EVALUATION m_id="7"  >
<token_anchor t_id="161"/>
<token_anchor t_id="162"/>
<token_anchor t_id="163"/>
<token_anchor t_id="164"/>
<token_anchor t_id="165"/>
<token_anchor t_id="166"/>
<token_anchor t_id="167"/>
<token_anchor t_id="168"/>
<token_anchor t_id="169"/>
<token_anchor t_id="170"/>
<token_anchor t_id="171"/>
<token_anchor t_id="172"/>
<token_anchor t_id="173"/>
<token_anchor t_id="174"/>
</EVALUATION>
<EVALUATION m_id="9"  >
<token_anchor t_id="198"/>
<token_anchor t_id="199"/>
<token_anchor t_id="200"/>
<token_anchor t_id="201"/>
<token_anchor t_id="202"/>
<token_anchor t_id="203"/>
<token_anchor t_id="204"/>
<token_anchor t_id="205"/>
<token_anchor t_id="206"/>
<token_anchor t_id="207"/>
<token_anchor t_id="208"/>
</EVALUATION>
<EXPECTATION m_id="16"  >
<token_anchor t_id="266"/>
<token_anchor t_id="267"/>
<token_anchor t_id="268"/>
<token_anchor t_id="269"/>
<token_anchor t_id="270"/>
<token_anchor t_id="271"/>
<token_anchor t_id="272"/>
<token_anchor t_id="273"/>
<token_anchor t_id="274"/>
<token_anchor t_id="275"/>
<token_anchor t_id="276"/>
<token_anchor t_id="277"/>
</EXPECTATION>
<EXPECTATION m_id="20"  >
<token_anchor t_id="315"/>
<token_anchor t_id="316"/>
<token_anchor t_id="317"/>
<token_anchor t_id="318"/>
<token_anchor t_id="319"/>
<token_anchor t_id="320"/>
<token_anchor t_id="321"/>
<token_anchor t_id="322"/>
<token_anchor t_id="323"/>
<token_anchor t_id="324"/>
</EXPECTATION>
<EXPECTATION m_id="21"  >
<token_anchor t_id="326"/>
<token_anchor t_id="327"/>
<token_anchor t_id="328"/>
<token_anchor t_id="329"/>
<token_anchor t_id="330"/>
<token_anchor t_id="331"/>
<token_anchor t_id="332"/>
<token_anchor t_id="333"/>
<token_anchor t_id="334"/>
</EXPECTATION>
<EXPECTATION m_id="22"  >
<token_anchor t_id="336"/>
<token_anchor t_id="337"/>
<token_anchor t_id="338"/>
<token_anchor t_id="339"/>
<token_anchor t_id="340"/>
<token_anchor t_id="341"/>
<token_anchor t_id="342"/>
</EXPECTATION>
<EXPECTATION m_id="30"  >
<token_anchor t_id="98"/>
<token_anchor t_id="99"/>
<token_anchor t_id="104"/>
<token_anchor t_id="105"/>
<token_anchor t_id="106"/>
<token_anchor t_id="107"/>
<token_anchor t_id="108"/>
<token_anchor t_id="109"/>
<token_anchor t_id="110"/>
<token_anchor t_id="111"/>
<token_anchor t_id="112"/>
</EXPECTATION>
<FOLLOW-UP m_id="14" anchor="future"  >
<token_anchor t_id="235"/>
<token_anchor t_id="236"/>
<token_anchor t_id="237"/>
<token_anchor t_id="238"/>
<token_anchor t_id="239"/>
<token_anchor t_id="240"/>
<token_anchor t_id="241"/>
<token_anchor t_id="242"/>
<token_anchor t_id="243"/>
<token_anchor t_id="244"/>
<token_anchor t_id="245"/>
<token_anchor t_id="246"/>
<token_anchor t_id="247"/>
<token_anchor t_id="248"/>
<token_anchor t_id="249"/>
</FOLLOW-UP>
<FOLLOW-UP m_id="15" anchor="future"  >
<token_anchor t_id="251"/>
<token_anchor t_id="252"/>
<token_anchor t_id="253"/>
<token_anchor t_id="254"/>
<token_anchor t_id="255"/>
<token_anchor t_id="256"/>
<token_anchor t_id="257"/>
<token_anchor t_id="258"/>
</FOLLOW-UP>
<FOLLOW-UP m_id="17" anchor="future"  >
<token_anchor t_id="279"/>
<token_anchor t_id="280"/>
<token_anchor t_id="281"/>
<token_anchor t_id="282"/>
<token_anchor t_id="283"/>
<token_anchor t_id="284"/>
<token_anchor t_id="285"/>
<token_anchor t_id="286"/>
<token_anchor t_id="287"/>
</FOLLOW-UP>
<FOLLOW-UP m_id="18" anchor="future"  >
<token_anchor t_id="288"/>
<token_anchor t_id="289"/>
</FOLLOW-UP>
<FOLLOW-UP m_id="19" anchor="future"  >
<token_anchor t_id="293"/>
<token_anchor t_id="294"/>
<token_anchor t_id="295"/>
<token_anchor t_id="296"/>
<token_anchor t_id="297"/>
<token_anchor t_id="298"/>
<token_anchor t_id="299"/>
<token_anchor t_id="300"/>
<token_anchor t_id="301"/>
</FOLLOW-UP>
<FOLLOW-UP m_id="29" anchor="future"  >
<token_anchor t_id="220"/>
<token_anchor t_id="221"/>
</FOLLOW-UP>
<FOLLOW-UP m_id="31" anchor="future"  >
<token_anchor t_id="290"/>
<token_anchor t_id="291"/>
<token_anchor t_id="292"/>
</FOLLOW-UP>
<FOLLOW-UP m_id="32" anchor="future"  >
<token_anchor t_id="303"/>
<token_anchor t_id="304"/>
<token_anchor t_id="305"/>
<token_anchor t_id="306"/>
<token_anchor t_id="307"/>
</FOLLOW-UP>
<FOLLOW-UP m_id="33" anchor="future"  >
<token_anchor t_id="308"/>
<token_anchor t_id="309"/>
<token_anchor t_id="310"/>
<token_anchor t_id="311"/>
<token_anchor t_id="312"/>
<token_anchor t_id="313"/>
<token_anchor t_id="314"/>
</FOLLOW-UP>
<FOLLOW-UP m_id="36" anchor="future"  >
<token_anchor t_id="122"/>
<token_anchor t_id="123"/>
<token_anchor t_id="124"/>
<token_anchor t_id="125"/>
<token_anchor t_id="126"/>
<token_anchor t_id="127"/>
<token_anchor t_id="128"/>
<token_anchor t_id="129"/>
<token_anchor t_id="130"/>
<token_anchor t_id="131"/>
<token_anchor t_id="132"/>
<token_anchor t_id="133"/>
</FOLLOW-UP>
<FOLLOW-UP m_id="8" anchor="future"  >
<token_anchor t_id="184"/>
<token_anchor t_id="185"/>
<token_anchor t_id="186"/>
<token_anchor t_id="187"/>
<token_anchor t_id="188"/>
<token_anchor t_id="189"/>
<token_anchor t_id="190"/>
<token_anchor t_id="191"/>
<token_anchor t_id="192"/>
<token_anchor t_id="193"/>
<token_anchor t_id="194"/>
<token_anchor t_id="195"/>
<token_anchor t_id="196"/>
</FOLLOW-UP>
<FOLLOW-UP m_id="12" anchor="future"  >
<token_anchor t_id="210"/>
<token_anchor t_id="211"/>
<token_anchor t_id="212"/>
<token_anchor t_id="213"/>
<token_anchor t_id="214"/>
<token_anchor t_id="215"/>
<token_anchor t_id="216"/>
<token_anchor t_id="217"/>
<token_anchor t_id="218"/>
<token_anchor t_id="219"/>
</FOLLOW-UP>
<FOREGROUND m_id="24" type="narration"  >
<token_anchor t_id="67"/>
<token_anchor t_id="68"/>
<token_anchor t_id="69"/>
<token_anchor t_id="70"/>
<token_anchor t_id="71"/>
<token_anchor t_id="72"/>
<token_anchor t_id="73"/>
<token_anchor t_id="74"/>
</FOREGROUND>
<FOREGROUND m_id="26" type="narration"  >
<token_anchor t_id="75"/>
<token_anchor t_id="76"/>
<token_anchor t_id="77"/>
<token_anchor t_id="78"/>
<token_anchor t_id="79"/>
<token_anchor t_id="80"/>
<token_anchor t_id="81"/>
<token_anchor t_id="82"/>
<token_anchor t_id="83"/>
<token_anchor t_id="84"/>
</FOREGROUND>
<FOREGROUND m_id="2" type="narration"  >
<token_anchor t_id="7"/>
<token_anchor t_id="8"/>
<token_anchor t_id="9"/>
<token_anchor t_id="10"/>
<token_anchor t_id="11"/>
<token_anchor t_id="12"/>
<token_anchor t_id="13"/>
<token_anchor t_id="14"/>
<token_anchor t_id="15"/>
<token_anchor t_id="16"/>
<token_anchor t_id="17"/>
<token_anchor t_id="18"/>
<token_anchor t_id="19"/>
<token_anchor t_id="20"/>
<token_anchor t_id="21"/>
<token_anchor t_id="22"/>
<token_anchor t_id="23"/>
<token_anchor t_id="24"/>
<token_anchor t_id="25"/>
</FOREGROUND>
<FOREGROUND m_id="3" type="narration"  >
<token_anchor t_id="34"/>
<token_anchor t_id="35"/>
<token_anchor t_id="36"/>
<token_anchor t_id="37"/>
<token_anchor t_id="38"/>
<token_anchor t_id="39"/>
<token_anchor t_id="40"/>
<token_anchor t_id="41"/>
<token_anchor t_id="42"/>
<token_anchor t_id="43"/>
<token_anchor t_id="44"/>
<token_anchor t_id="45"/>
<token_anchor t_id="46"/>
</FOREGROUND>
<FOREGROUND m_id="38" type="description"  >
<token_anchor t_id="48"/>
<token_anchor t_id="49"/>
<token_anchor t_id="59"/>
<token_anchor t_id="60"/>
<token_anchor t_id="61"/>
<token_anchor t_id="62"/>
<token_anchor t_id="63"/>
<token_anchor t_id="64"/>
<token_anchor t_id="65"/>
<token_anchor t_id="66"/>
</FOREGROUND>


</Markables>

<Relations>
</Relations>
</Document>
