<Document doc_name="wsj_0158.xml.conll.txt">
<token t_id="1" sentence="0" number="0">Reuters</token>
<token t_id="2" sentence="0" number="1">Holdings</token>
<token t_id="3" sentence="0" number="2">PLC</token>
<token t_id="4" sentence="0" number="3">said</token>
<token t_id="5" sentence="0" number="4">Michael</token>
<token t_id="6" sentence="0" number="5">Reupke</token>
<token t_id="7" sentence="0" number="6">resigned</token>
<token t_id="8" sentence="0" number="7">as</token>
<token t_id="9" sentence="0" number="8">general</token>
<token t_id="10" sentence="0" number="9">manager</token>
<token t_id="11" sentence="0" number="10">to</token>
<token t_id="12" sentence="0" number="11">pursue</token>
<token t_id="13" sentence="0" number="12">unspecified</token>
<token t_id="14" sentence="0" number="13">interests</token>
<token t_id="15" sentence="0" number="14">,</token>
<token t_id="16" sentence="0" number="15">a</token>
<token t_id="17" sentence="0" number="16">move</token>
<token t_id="18" sentence="0" number="17">the</token>
<token t_id="19" sentence="0" number="18">news</token>
<token t_id="20" sentence="0" number="19">organization</token>
<token t_id="21" sentence="0" number="20">termed</token>
<token t_id="22" sentence="0" number="21">an</token>
<token t_id="23" sentence="0" number="22">``</token>
<token t_id="24" sentence="0" number="23">amicable</token>
<token t_id="25" sentence="0" number="24">separation</token>
<token t_id="26" sentence="0" number="25">.</token>
<token t_id="27" sentence="0" number="26">''</token>
<token t_id="28" sentence="1" number="0">Mr</token>
<token t_id="29" sentence="1" number="1">.</token>
<token t_id="30" sentence="1" number="2">Reupke</token>
<token t_id="31" sentence="1" number="3">,</token>
<token t_id="32" sentence="1" number="4">52</token>
<token t_id="33" sentence="1" number="5">years</token>
<token t_id="34" sentence="1" number="6">old</token>
<token t_id="35" sentence="1" number="7">and</token>
<token t_id="36" sentence="1" number="8">a</token>
<token t_id="37" sentence="1" number="9">27</token>
<token t_id="38" sentence="1" number="10">-</token>
<token t_id="39" sentence="1" number="11">year</token>
<token t_id="40" sentence="1" number="12">Reuters</token>
<token t_id="41" sentence="1" number="13">veteran</token>
<token t_id="42" sentence="1" number="14">,</token>
<token t_id="43" sentence="1" number="15">had</token>
<token t_id="44" sentence="1" number="16">been</token>
<token t_id="45" sentence="1" number="17">the</token>
<token t_id="46" sentence="1" number="18">information</token>
<token t_id="47" sentence="1" number="19">-</token>
<token t_id="48" sentence="1" number="20">services</token>
<token t_id="49" sentence="1" number="21">company</token>
<token t_id="50" sentence="1" number="22">'s</token>
<token t_id="51" sentence="1" number="23">general</token>
<token t_id="52" sentence="1" number="24">manager</token>
<token t_id="53" sentence="1" number="25">for</token>
<token t_id="54" sentence="1" number="26">only</token>
<token t_id="55" sentence="1" number="27">six</token>
<token t_id="56" sentence="1" number="28">months</token>
<token t_id="57" sentence="1" number="29">.</token>
<token t_id="58" sentence="2" number="0">His</token>
<token t_id="59" sentence="2" number="1">appointment</token>
<token t_id="60" sentence="2" number="2">to</token>
<token t_id="61" sentence="2" number="3">that</token>
<token t_id="62" sentence="2" number="4">post</token>
<token t_id="63" sentence="2" number="5">,</token>
<token t_id="64" sentence="2" number="6">which</token>
<token t_id="65" sentence="2" number="7">has</token>
<token t_id="66" sentence="2" number="8">senior</token>
<token t_id="67" sentence="2" number="9">administrative</token>
<token t_id="68" sentence="2" number="10">,</token>
<token t_id="69" sentence="2" number="11">staff</token>
<token t_id="70" sentence="2" number="12">and</token>
<token t_id="71" sentence="2" number="13">policy</token>
<token t_id="72" sentence="2" number="14">responsibilities</token>
<token t_id="73" sentence="2" number="15">,</token>
<token t_id="74" sentence="2" number="16">followed</token>
<token t_id="75" sentence="2" number="17">a</token>
<token t_id="76" sentence="2" number="18">several</token>
<token t_id="77" sentence="2" number="19">-</token>
<token t_id="78" sentence="2" number="20">year</token>
<token t_id="79" sentence="2" number="21">tenure</token>
<token t_id="80" sentence="2" number="22">as</token>
<token t_id="81" sentence="2" number="23">Reuters</token>
<token t_id="82" sentence="2" number="24">'s</token>
<token t_id="83" sentence="2" number="25">editor</token>
<token t_id="84" sentence="2" number="26">in</token>
<token t_id="85" sentence="2" number="27">chief</token>
<token t_id="86" sentence="2" number="28">.</token>
<token t_id="87" sentence="3" number="0">No</token>
<token t_id="88" sentence="3" number="1">successor</token>
<token t_id="89" sentence="3" number="2">was</token>
<token t_id="90" sentence="3" number="3">named</token>
<token t_id="91" sentence="3" number="4">,</token>
<token t_id="92" sentence="3" number="5">and</token>
<token t_id="93" sentence="3" number="6">Mr</token>
<token t_id="94" sentence="3" number="7">.</token>
<token t_id="95" sentence="3" number="8">Reupke</token>
<token t_id="96" sentence="3" number="9">'s</token>
<token t_id="97" sentence="3" number="10">duties</token>
<token t_id="98" sentence="3" number="11">will</token>
<token t_id="99" sentence="3" number="12">be</token>
<token t_id="100" sentence="3" number="13">split</token>
<token t_id="101" sentence="3" number="14">among</token>
<token t_id="102" sentence="3" number="15">three</token>
<token t_id="103" sentence="3" number="16">other</token>
<token t_id="104" sentence="3" number="17">senior</token>
<token t_id="105" sentence="3" number="18">Reuters</token>
<token t_id="106" sentence="3" number="19">executives</token>
<token t_id="107" sentence="3" number="20">,</token>
<token t_id="108" sentence="3" number="21">the</token>
<token t_id="109" sentence="3" number="22">company</token>
<token t_id="110" sentence="3" number="23">said</token>
<token t_id="111" sentence="3" number="24">.</token>
<token t_id="112" sentence="4" number="0">In</token>
<token t_id="113" sentence="4" number="1">a</token>
<token t_id="114" sentence="4" number="2">telephone</token>
<token t_id="115" sentence="4" number="3">interview</token>
<token t_id="116" sentence="4" number="4">,</token>
<token t_id="117" sentence="4" number="5">Mr</token>
<token t_id="118" sentence="4" number="6">.</token>
<token t_id="119" sentence="4" number="7">Reupke</token>
<token t_id="120" sentence="4" number="8">said</token>
<token t_id="121" sentence="4" number="9">his</token>
<token t_id="122" sentence="4" number="10">departure</token>
<token t_id="123" sentence="4" number="11">was</token>
<token t_id="124" sentence="4" number="12">for</token>
<token t_id="125" sentence="4" number="13">``</token>
<token t_id="126" sentence="4" number="14">personal</token>
<token t_id="127" sentence="4" number="15">reasons</token>
<token t_id="128" sentence="4" number="16">,</token>
<token t_id="129" sentence="4" number="17">''</token>
<token t_id="130" sentence="4" number="18">which</token>
<token t_id="131" sentence="4" number="19">he</token>
<token t_id="132" sentence="4" number="20">declined</token>
<token t_id="133" sentence="4" number="21">to</token>
<token t_id="134" sentence="4" number="22">specify</token>
<token t_id="135" sentence="4" number="23">.</token>
<token t_id="136" sentence="5" number="0">``</token>
<token t_id="137" sentence="5" number="1">There</token>
<token t_id="138" sentence="5" number="2">is</token>
<token t_id="139" sentence="5" number="3">no</token>
<token t_id="140" sentence="5" number="4">business</token>
<token t_id="141" sentence="5" number="5">reason</token>
<token t_id="142" sentence="5" number="6">for</token>
<token t_id="143" sentence="5" number="7">my</token>
<token t_id="144" sentence="5" number="8">departure</token>
<token t_id="145" sentence="5" number="9">,</token>
<token t_id="146" sentence="5" number="10">''</token>
<token t_id="147" sentence="5" number="11">nor</token>
<token t_id="148" sentence="5" number="12">any</token>
<token t_id="149" sentence="5" number="13">disagreement</token>
<token t_id="150" sentence="5" number="14">over</token>
<token t_id="151" sentence="5" number="15">policy</token>
<token t_id="152" sentence="5" number="16">,</token>
<token t_id="153" sentence="5" number="17">he</token>
<token t_id="154" sentence="5" number="18">added</token>
<token t_id="155" sentence="5" number="19">.</token>
<token t_id="156" sentence="6" number="0">He</token>
<token t_id="157" sentence="6" number="1">also</token>
<token t_id="158" sentence="6" number="2">rejected</token>
<token t_id="159" sentence="6" number="3">reports</token>
<token t_id="160" sentence="6" number="4">that</token>
<token t_id="161" sentence="6" number="5">his</token>
<token t_id="162" sentence="6" number="6">departure</token>
<token t_id="163" sentence="6" number="7">stemmed</token>
<token t_id="164" sentence="6" number="8">from</token>
<token t_id="165" sentence="6" number="9">disappointment</token>
<token t_id="166" sentence="6" number="10">the</token>
<token t_id="167" sentence="6" number="11">general</token>
<token t_id="168" sentence="6" number="12">manager</token>
<token t_id="169" sentence="6" number="13">'s</token>
<token t_id="170" sentence="6" number="14">post</token>
<token t_id="171" sentence="6" number="15">had</token>
<token t_id="172" sentence="6" number="16">n't</token>
<token t_id="173" sentence="6" number="17">also</token>
<token t_id="174" sentence="6" number="18">led</token>
<token t_id="175" sentence="6" number="19">to</token>
<token t_id="176" sentence="6" number="20">a</token>
<token t_id="177" sentence="6" number="21">board</token>
<token t_id="178" sentence="6" number="22">directorship</token>
<token t_id="179" sentence="6" number="23">at</token>
<token t_id="180" sentence="6" number="24">the</token>
<token t_id="181" sentence="6" number="25">London</token>
<token t_id="182" sentence="6" number="26">-</token>
<token t_id="183" sentence="6" number="27">based</token>
<token t_id="184" sentence="6" number="28">news</token>
<token t_id="185" sentence="6" number="29">organization</token>
<token t_id="186" sentence="6" number="30">.</token>
<token t_id="187" sentence="7" number="0">Mr</token>
<token t_id="188" sentence="7" number="1">.</token>
<token t_id="189" sentence="7" number="2">Reupke</token>
<token t_id="190" sentence="7" number="3">was</token>
<token t_id="191" sentence="7" number="4">one</token>
<token t_id="192" sentence="7" number="5">of</token>
<token t_id="193" sentence="7" number="6">three</token>
<token t_id="194" sentence="7" number="7">executives</token>
<token t_id="195" sentence="7" number="8">on</token>
<token t_id="196" sentence="7" number="9">Reuters</token>
<token t_id="197" sentence="7" number="10">'s</token>
<token t_id="198" sentence="7" number="11">eight</token>
<token t_id="199" sentence="7" number="12">-</token>
<token t_id="200" sentence="7" number="13">person</token>
<token t_id="201" sentence="7" number="14">executive</token>
<token t_id="202" sentence="7" number="15">committee</token>
<token t_id="203" sentence="7" number="16">who</token>
<token t_id="204" sentence="7" number="17">did</token>
<token t_id="205" sentence="7" number="18">n't</token>
<token t_id="206" sentence="7" number="19">also</token>
<token t_id="207" sentence="7" number="20">serve</token>
<token t_id="208" sentence="7" number="21">on</token>
<token t_id="209" sentence="7" number="22">the</token>
<token t_id="210" sentence="7" number="23">company</token>
<token t_id="211" sentence="7" number="24">'s</token>
<token t_id="212" sentence="7" number="25">board</token>
<token t_id="213" sentence="7" number="26">of</token>
<token t_id="214" sentence="7" number="27">directors</token>
<token t_id="215" sentence="7" number="28">.</token>
<token t_id="216" sentence="8" number="0">``</token>
<token t_id="217" sentence="8" number="1">If</token>
<token t_id="218" sentence="8" number="2">I</token>
<token t_id="219" sentence="8" number="3">were</token>
<token t_id="220" sentence="8" number="4">choosing</token>
<token t_id="221" sentence="8" number="5">the</token>
<token t_id="222" sentence="8" number="6">people</token>
<token t_id="223" sentence="8" number="7">of</token>
<token t_id="224" sentence="8" number="8">tomorrow</token>
<token t_id="225" sentence="8" number="9">,</token>
<token t_id="226" sentence="8" number="10">I</token>
<token t_id="227" sentence="8" number="11">would</token>
<token t_id="228" sentence="8" number="12">have</token>
<token t_id="229" sentence="8" number="13">chosen</token>
<token t_id="230" sentence="8" number="14">the</token>
<token t_id="231" sentence="8" number="15">people</token>
<token t_id="232" sentence="8" number="16">who</token>
<token t_id="233" sentence="8" number="17">are</token>
<token t_id="234" sentence="8" number="18">now</token>
<token t_id="235" sentence="8" number="19">on</token>
<token t_id="236" sentence="8" number="20">the</token>
<token t_id="237" sentence="8" number="21">board</token>
<token t_id="238" sentence="8" number="22">,</token>
<token t_id="239" sentence="8" number="23">''</token>
<token t_id="240" sentence="8" number="24">he</token>
<token t_id="241" sentence="8" number="25">said</token>
<token t_id="242" sentence="8" number="26">.</token>
<token t_id="243" sentence="9" number="0">A</token>
<token t_id="244" sentence="9" number="1">Reuters</token>
<token t_id="245" sentence="9" number="2">spokesman</token>
<token t_id="246" sentence="9" number="3">said</token>
<token t_id="247" sentence="9" number="4">the</token>
<token t_id="248" sentence="9" number="5">departure</token>
<token t_id="249" sentence="9" number="6">reflects</token>
<token t_id="250" sentence="9" number="7">``</token>
<token t_id="251" sentence="9" number="8">no</token>
<token t_id="252" sentence="9" number="9">change</token>
<token t_id="253" sentence="9" number="10">in</token>
<token t_id="254" sentence="9" number="11">strategy</token>
<token t_id="255" sentence="9" number="12">or</token>
<token t_id="256" sentence="9" number="13">profits</token>
<token t_id="257" sentence="9" number="14">.</token>
<token t_id="258" sentence="9" number="15">''</token>
<token t_id="259" sentence="10" number="0">Mark</token>
<token t_id="260" sentence="10" number="1">Shepperd</token>
<token t_id="261" sentence="10" number="2">,</token>
<token t_id="262" sentence="10" number="3">an</token>
<token t_id="263" sentence="10" number="4">analyst</token>
<token t_id="264" sentence="10" number="5">at</token>
<token t_id="265" sentence="10" number="6">UBS</token>
<token t_id="266" sentence="10" number="7">Phillips</token>
<token t_id="267" sentence="10" number="8">&amp;amp</token>
<token t_id="268" sentence="10" number="9">;</token>
<token t_id="269" sentence="10" number="10">Drew</token>
<token t_id="270" sentence="10" number="11">in</token>
<token t_id="271" sentence="10" number="12">London</token>
<token t_id="272" sentence="10" number="13">,</token>
<token t_id="273" sentence="10" number="14">said</token>
<token t_id="274" sentence="10" number="15">,</token>
<token t_id="275" sentence="10" number="16">``</token>
<token t_id="276" sentence="10" number="17">I</token>
<token t_id="277" sentence="10" number="18">suspect</token>
<token t_id="278" sentence="10" number="19">-</token>
<token t_id="279" sentence="10" number="20">LRB</token>
<token t_id="280" sentence="10" number="21">-</token>
<token t_id="281" sentence="10" number="22">the</token>
<token t_id="282" sentence="10" number="23">departure</token>
<token t_id="283" sentence="10" number="24">-</token>
<token t_id="284" sentence="10" number="25">RRB</token>
<token t_id="285" sentence="10" number="26">-</token>
<token t_id="286" sentence="10" number="27">will</token>
<token t_id="287" sentence="10" number="28">be</token>
<token t_id="288" sentence="10" number="29">fairly</token>
<token t_id="289" sentence="10" number="30">irrelevant</token>
<token t_id="290" sentence="10" number="31">for</token>
<token t_id="291" sentence="10" number="32">the</token>
<token t_id="292" sentence="10" number="33">company</token>
<token t_id="293" sentence="10" number="34">.</token>
<token t_id="294" sentence="11" number="0">I</token>
<token t_id="295" sentence="11" number="1">would</token>
<token t_id="296" sentence="11" number="2">be</token>
<token t_id="297" sentence="11" number="3">very</token>
<token t_id="298" sentence="11" number="4">surprised</token>
<token t_id="299" sentence="11" number="5">if</token>
<token t_id="300" sentence="11" number="6">his</token>
<token t_id="301" sentence="11" number="7">departure</token>
<token t_id="302" sentence="11" number="8">signals</token>
<token t_id="303" sentence="11" number="9">any</token>
<token t_id="304" sentence="11" number="10">change</token>
<token t_id="305" sentence="11" number="11">in</token>
<token t_id="306" sentence="11" number="12">strategy</token>
<token t_id="307" sentence="11" number="13">or</token>
<token t_id="308" sentence="11" number="14">change</token>
<token t_id="309" sentence="11" number="15">in</token>
<token t_id="310" sentence="11" number="16">profit</token>
<token t_id="311" sentence="11" number="17">expectations</token>
<token t_id="312" sentence="11" number="18">.</token>
<token t_id="313" sentence="11" number="19">''</token>
<token t_id="314" sentence="12" number="0">On</token>
<token t_id="315" sentence="12" number="1">London</token>
<token t_id="316" sentence="12" number="2">'s</token>
<token t_id="317" sentence="12" number="3">Stock</token>
<token t_id="318" sentence="12" number="4">Exchange</token>
<token t_id="319" sentence="12" number="5">,</token>
<token t_id="320" sentence="12" number="6">Reuters</token>
<token t_id="321" sentence="12" number="7">shares</token>
<token t_id="322" sentence="12" number="8">rose</token>
<token t_id="323" sentence="12" number="9">five</token>
<token t_id="324" sentence="12" number="10">pence</token>
<token t_id="325" sentence="12" number="11">to</token>
<token t_id="326" sentence="12" number="12">913</token>
<token t_id="327" sentence="12" number="13">pence</token>
<token t_id="328" sentence="12" number="14">-</token>
<token t_id="329" sentence="12" number="15">LRB</token>
<token t_id="330" sentence="12" number="16">-</token>
<token t_id="331" sentence="12" number="17">$</token>
<token t_id="332" sentence="12" number="18">14</token>
<token t_id="333" sentence="12" number="19">.</token>
<token t_id="334" sentence="12" number="20">43</token>
<token t_id="335" sentence="12" number="21">-</token>
<token t_id="336" sentence="12" number="22">RRB</token>
<token t_id="337" sentence="12" number="23">-</token>
<token t_id="338" sentence="12" number="24">.</token>
<token t_id="339" sentence="13" number="0">In</token>
<token t_id="340" sentence="13" number="1">the</token>
<token t_id="341" sentence="13" number="2">U</token>
<token t_id="342" sentence="13" number="3">.</token>
<token t_id="343" sentence="13" number="4">S</token>
<token t_id="344" sentence="13" number="5">.</token>
<token t_id="345" sentence="13" number="6">over</token>
<token t_id="346" sentence="13" number="7">-</token>
<token t_id="347" sentence="13" number="8">the</token>
<token t_id="348" sentence="13" number="9">-</token>
<token t_id="349" sentence="13" number="10">counter</token>
<token t_id="350" sentence="13" number="11">market</token>
<token t_id="351" sentence="13" number="12">,</token>
<token t_id="352" sentence="13" number="13">American</token>
<token t_id="353" sentence="13" number="14">depositary</token>
<token t_id="354" sentence="13" number="15">shares</token>
<token t_id="355" sentence="13" number="16">for</token>
<token t_id="356" sentence="13" number="17">Reuters</token>
<token t_id="357" sentence="13" number="18">,</token>
<token t_id="358" sentence="13" number="19">each</token>
<token t_id="359" sentence="13" number="20">representing</token>
<token t_id="360" sentence="13" number="21">three</token>
<token t_id="361" sentence="13" number="22">shares</token>
<token t_id="362" sentence="13" number="23">in</token>
<token t_id="363" sentence="13" number="24">the</token>
<token t_id="364" sentence="13" number="25">London</token>
<token t_id="365" sentence="13" number="26">market</token>
<token t_id="366" sentence="13" number="27">,</token>
<token t_id="367" sentence="13" number="28">closed</token>
<token t_id="368" sentence="13" number="29">unchanged</token>
<token t_id="369" sentence="13" number="30">at</token>
<token t_id="370" sentence="13" number="31">$</token>
<token t_id="371" sentence="13" number="32">43</token>
<token t_id="372" sentence="13" number="33">.</token>
<token t_id="373" sentence="13" number="34">875</token>
<token t_id="374" sentence="13" number="35">.</token>
<token t_id="375" sentence="14" number="0">The</token>
<token t_id="376" sentence="14" number="1">senior</token>
<token t_id="377" sentence="14" number="2">of</token>
<token t_id="378" sentence="14" number="3">the</token>
<token t_id="379" sentence="14" number="4">three</token>
<token t_id="380" sentence="14" number="5">executives</token>
<token t_id="381" sentence="14" number="6">who</token>
<token t_id="382" sentence="14" number="7">will</token>
<token t_id="383" sentence="14" number="8">assume</token>
<token t_id="384" sentence="14" number="9">Mr</token>
<token t_id="385" sentence="14" number="10">.</token>
<token t_id="386" sentence="14" number="11">Reupke</token>
<token t_id="387" sentence="14" number="12">'s</token>
<token t_id="388" sentence="14" number="13">duties</token>
<token t_id="389" sentence="14" number="14">is</token>
<token t_id="390" sentence="14" number="15">Nigel</token>
<token t_id="391" sentence="14" number="16">Judah</token>
<token t_id="392" sentence="14" number="17">,</token>
<token t_id="393" sentence="14" number="18">58</token>
<token t_id="394" sentence="14" number="19">,</token>
<token t_id="395" sentence="14" number="20">finance</token>
<token t_id="396" sentence="14" number="21">director</token>
<token t_id="397" sentence="14" number="22">and</token>
<token t_id="398" sentence="14" number="23">a</token>
<token t_id="399" sentence="14" number="24">Reuters</token>
<token t_id="400" sentence="14" number="25">board</token>
<token t_id="401" sentence="14" number="26">director</token>
<token t_id="402" sentence="14" number="27">.</token>
<token t_id="403" sentence="15" number="0">Peter</token>
<token t_id="404" sentence="15" number="1">Holland</token>
<token t_id="405" sentence="15" number="2">,</token>
<token t_id="406" sentence="15" number="3">45</token>
<token t_id="407" sentence="15" number="4">,</token>
<token t_id="408" sentence="15" number="5">deputy</token>
<token t_id="409" sentence="15" number="6">general</token>
<token t_id="410" sentence="15" number="7">manager</token>
<token t_id="411" sentence="15" number="8">,</token>
<token t_id="412" sentence="15" number="9">becomes</token>
<token t_id="413" sentence="15" number="10">director</token>
<token t_id="414" sentence="15" number="11">of</token>
<token t_id="415" sentence="15" number="12">corporate</token>
<token t_id="416" sentence="15" number="13">affairs</token>
<token t_id="417" sentence="15" number="14">.</token>
<token t_id="418" sentence="16" number="0">And</token>
<token t_id="419" sentence="16" number="1">Patrick</token>
<token t_id="420" sentence="16" number="2">Mannix</token>
<token t_id="421" sentence="16" number="3">,</token>
<token t_id="422" sentence="16" number="4">46</token>
<token t_id="423" sentence="16" number="5">,</token>
<token t_id="424" sentence="16" number="6">international</token>
<token t_id="425" sentence="16" number="7">technical</token>
<token t_id="426" sentence="16" number="8">manager</token>
<token t_id="427" sentence="16" number="9">,</token>
<token t_id="428" sentence="16" number="10">becomes</token>
<token t_id="429" sentence="16" number="11">director</token>
<token t_id="430" sentence="16" number="12">of</token>
<token t_id="431" sentence="16" number="13">group</token>
<token t_id="432" sentence="16" number="14">quality</token>
<token t_id="433" sentence="16" number="15">programs</token>
<token t_id="434" sentence="16" number="16">.</token>


<Markables>
<ATTRIBUTION m_id="13" quote="true"  >
<token_anchor t_id="153"/>
<token_anchor t_id="154"/>
</ATTRIBUTION>
<ATTRIBUTION m_id="17" quote="true"  >
<token_anchor t_id="240"/>
<token_anchor t_id="241"/>
</ATTRIBUTION>
<ATTRIBUTION m_id="18" quote="true"  >
<token_anchor t_id="243"/>
<token_anchor t_id="244"/>
<token_anchor t_id="245"/>
<token_anchor t_id="246"/>
</ATTRIBUTION>
<ATTRIBUTION m_id="19" quote="true"  >
<token_anchor t_id="259"/>
<token_anchor t_id="260"/>
<token_anchor t_id="261"/>
<token_anchor t_id="262"/>
<token_anchor t_id="263"/>
<token_anchor t_id="264"/>
<token_anchor t_id="265"/>
<token_anchor t_id="266"/>
<token_anchor t_id="267"/>
<token_anchor t_id="268"/>
<token_anchor t_id="269"/>
<token_anchor t_id="270"/>
<token_anchor t_id="271"/>
<token_anchor t_id="272"/>
<token_anchor t_id="273"/>
</ATTRIBUTION>
<ATTRIBUTION m_id="1" quote="true"  >
<token_anchor t_id="1"/>
<token_anchor t_id="2"/>
<token_anchor t_id="3"/>
<token_anchor t_id="4"/>
</ATTRIBUTION>
<ATTRIBUTION m_id="8" quote="true"  >
<token_anchor t_id="108"/>
<token_anchor t_id="109"/>
<token_anchor t_id="110"/>
</ATTRIBUTION>
<ATTRIBUTION m_id="9" quote="true"  >
<token_anchor t_id="112"/>
<token_anchor t_id="113"/>
<token_anchor t_id="114"/>
<token_anchor t_id="115"/>
<token_anchor t_id="116"/>
<token_anchor t_id="117"/>
<token_anchor t_id="118"/>
<token_anchor t_id="119"/>
<token_anchor t_id="120"/>
</ATTRIBUTION>
<ATTRIBUTION m_id="12" quote="false"  >
<token_anchor t_id="130"/>
<token_anchor t_id="131"/>
<token_anchor t_id="132"/>
</ATTRIBUTION>
<BACKGROUND m_id="14" previous-episodes="false"  >
<token_anchor t_id="137"/>
<token_anchor t_id="138"/>
<token_anchor t_id="139"/>
<token_anchor t_id="140"/>
<token_anchor t_id="141"/>
<token_anchor t_id="142"/>
<token_anchor t_id="143"/>
<token_anchor t_id="144"/>
<token_anchor t_id="145"/>
<token_anchor t_id="146"/>
<token_anchor t_id="147"/>
<token_anchor t_id="148"/>
<token_anchor t_id="149"/>
<token_anchor t_id="150"/>
<token_anchor t_id="151"/>
</BACKGROUND>
<BACKGROUND m_id="15" previous-episodes="false"  >
<token_anchor t_id="160"/>
<token_anchor t_id="161"/>
<token_anchor t_id="162"/>
<token_anchor t_id="163"/>
<token_anchor t_id="164"/>
<token_anchor t_id="165"/>
</BACKGROUND>
<BACKGROUND m_id="16" previous-episodes="false"  >
<token_anchor t_id="187"/>
<token_anchor t_id="188"/>
<token_anchor t_id="189"/>
<token_anchor t_id="190"/>
<token_anchor t_id="191"/>
<token_anchor t_id="192"/>
<token_anchor t_id="193"/>
<token_anchor t_id="194"/>
<token_anchor t_id="195"/>
<token_anchor t_id="196"/>
<token_anchor t_id="197"/>
<token_anchor t_id="198"/>
<token_anchor t_id="199"/>
<token_anchor t_id="200"/>
<token_anchor t_id="201"/>
<token_anchor t_id="202"/>
<token_anchor t_id="203"/>
<token_anchor t_id="204"/>
<token_anchor t_id="205"/>
<token_anchor t_id="206"/>
<token_anchor t_id="207"/>
<token_anchor t_id="208"/>
<token_anchor t_id="209"/>
<token_anchor t_id="210"/>
<token_anchor t_id="211"/>
<token_anchor t_id="212"/>
<token_anchor t_id="213"/>
<token_anchor t_id="214"/>
</BACKGROUND>
<BACKGROUND m_id="32" previous-episodes="false"  >
<token_anchor t_id="156"/>
<token_anchor t_id="157"/>
<token_anchor t_id="158"/>
<token_anchor t_id="159"/>
</BACKGROUND>
<BACKGROUND m_id="33" previous-episodes="false"  >
<token_anchor t_id="166"/>
<token_anchor t_id="167"/>
<token_anchor t_id="168"/>
<token_anchor t_id="169"/>
<token_anchor t_id="170"/>
<token_anchor t_id="171"/>
<token_anchor t_id="172"/>
<token_anchor t_id="173"/>
<token_anchor t_id="174"/>
<token_anchor t_id="175"/>
<token_anchor t_id="176"/>
<token_anchor t_id="177"/>
<token_anchor t_id="178"/>
<token_anchor t_id="179"/>
<token_anchor t_id="180"/>
<token_anchor t_id="181"/>
<token_anchor t_id="182"/>
<token_anchor t_id="183"/>
<token_anchor t_id="184"/>
<token_anchor t_id="185"/>
</BACKGROUND>
<BACKGROUND m_id="34" previous-episodes="false"  >
<token_anchor t_id="217"/>
<token_anchor t_id="218"/>
<token_anchor t_id="219"/>
<token_anchor t_id="220"/>
<token_anchor t_id="221"/>
<token_anchor t_id="222"/>
<token_anchor t_id="223"/>
<token_anchor t_id="224"/>
</BACKGROUND>
<BACKGROUND m_id="35" previous-episodes="false"  >
<token_anchor t_id="226"/>
<token_anchor t_id="227"/>
<token_anchor t_id="228"/>
<token_anchor t_id="229"/>
<token_anchor t_id="230"/>
<token_anchor t_id="231"/>
<token_anchor t_id="232"/>
<token_anchor t_id="233"/>
<token_anchor t_id="234"/>
<token_anchor t_id="235"/>
<token_anchor t_id="236"/>
<token_anchor t_id="237"/>
</BACKGROUND>
<BACKGROUND m_id="5" previous-episodes="false"  >
<token_anchor t_id="28"/>
<token_anchor t_id="29"/>
<token_anchor t_id="30"/>
<token_anchor t_id="31"/>
<token_anchor t_id="32"/>
<token_anchor t_id="33"/>
<token_anchor t_id="34"/>
<token_anchor t_id="35"/>
<token_anchor t_id="36"/>
<token_anchor t_id="37"/>
<token_anchor t_id="38"/>
<token_anchor t_id="39"/>
<token_anchor t_id="40"/>
<token_anchor t_id="41"/>
<token_anchor t_id="42"/>
<token_anchor t_id="43"/>
<token_anchor t_id="44"/>
<token_anchor t_id="45"/>
<token_anchor t_id="46"/>
<token_anchor t_id="47"/>
<token_anchor t_id="48"/>
<token_anchor t_id="49"/>
<token_anchor t_id="50"/>
<token_anchor t_id="51"/>
<token_anchor t_id="52"/>
<token_anchor t_id="53"/>
<token_anchor t_id="54"/>
<token_anchor t_id="55"/>
<token_anchor t_id="56"/>
</BACKGROUND>
<BACKGROUND m_id="6" previous-episodes="false"  >
<token_anchor t_id="58"/>
<token_anchor t_id="59"/>
<token_anchor t_id="60"/>
<token_anchor t_id="61"/>
<token_anchor t_id="62"/>
<token_anchor t_id="74"/>
<token_anchor t_id="75"/>
<token_anchor t_id="76"/>
<token_anchor t_id="77"/>
<token_anchor t_id="78"/>
<token_anchor t_id="79"/>
<token_anchor t_id="80"/>
<token_anchor t_id="81"/>
<token_anchor t_id="82"/>
<token_anchor t_id="83"/>
<token_anchor t_id="84"/>
<token_anchor t_id="85"/>
</BACKGROUND>
<BACKGROUND m_id="10" previous-episodes="false"  >
<token_anchor t_id="121"/>
<token_anchor t_id="122"/>
<token_anchor t_id="123"/>
<token_anchor t_id="124"/>
<token_anchor t_id="125"/>
<token_anchor t_id="126"/>
<token_anchor t_id="127"/>
</BACKGROUND>
<BACKGROUND m_id="11" previous-episodes="false"  >
<token_anchor t_id="133"/>
<token_anchor t_id="134"/>
</BACKGROUND>
<DESCRIPTION m_id="25" context="true"  >
<token_anchor t_id="358"/>
<token_anchor t_id="359"/>
<token_anchor t_id="360"/>
<token_anchor t_id="361"/>
<token_anchor t_id="362"/>
<token_anchor t_id="363"/>
<token_anchor t_id="364"/>
<token_anchor t_id="365"/>
</DESCRIPTION>
<DESCRIPTION m_id="36" context="false"  >
<token_anchor t_id="247"/>
<token_anchor t_id="248"/>
<token_anchor t_id="249"/>
<token_anchor t_id="250"/>
<token_anchor t_id="251"/>
<token_anchor t_id="252"/>
<token_anchor t_id="253"/>
<token_anchor t_id="254"/>
<token_anchor t_id="255"/>
<token_anchor t_id="256"/>
</DESCRIPTION>
<DESCRIPTION m_id="7" context="true"  >
<token_anchor t_id="64"/>
<token_anchor t_id="65"/>
<token_anchor t_id="66"/>
<token_anchor t_id="67"/>
<token_anchor t_id="68"/>
<token_anchor t_id="69"/>
<token_anchor t_id="70"/>
<token_anchor t_id="71"/>
<token_anchor t_id="72"/>
</DESCRIPTION>
<EVALUATION m_id="20"  >
<token_anchor t_id="276"/>
<token_anchor t_id="277"/>
</EVALUATION>
<EVALUATION m_id="22"  >
<token_anchor t_id="294"/>
<token_anchor t_id="295"/>
<token_anchor t_id="296"/>
<token_anchor t_id="297"/>
<token_anchor t_id="298"/>
</EVALUATION>
<EVALUATION m_id="23"  >
<token_anchor t_id="299"/>
<token_anchor t_id="300"/>
<token_anchor t_id="301"/>
<token_anchor t_id="302"/>
<token_anchor t_id="303"/>
<token_anchor t_id="304"/>
<token_anchor t_id="305"/>
<token_anchor t_id="306"/>
<token_anchor t_id="307"/>
<token_anchor t_id="308"/>
<token_anchor t_id="309"/>
<token_anchor t_id="310"/>
<token_anchor t_id="311"/>
</EVALUATION>
<EXPECTATION m_id="21"  >
<token_anchor t_id="279"/>
<token_anchor t_id="280"/>
<token_anchor t_id="281"/>
<token_anchor t_id="282"/>
<token_anchor t_id="283"/>
<token_anchor t_id="284"/>
<token_anchor t_id="285"/>
<token_anchor t_id="286"/>
<token_anchor t_id="287"/>
<token_anchor t_id="288"/>
<token_anchor t_id="289"/>
<token_anchor t_id="290"/>
<token_anchor t_id="291"/>
<token_anchor t_id="292"/>
</EXPECTATION>
<FOLLOW-UP m_id="24" anchor="non_future"  >
<token_anchor t_id="314"/>
<token_anchor t_id="315"/>
<token_anchor t_id="316"/>
<token_anchor t_id="317"/>
<token_anchor t_id="318"/>
<token_anchor t_id="319"/>
<token_anchor t_id="320"/>
<token_anchor t_id="321"/>
<token_anchor t_id="322"/>
<token_anchor t_id="323"/>
<token_anchor t_id="324"/>
<token_anchor t_id="325"/>
<token_anchor t_id="326"/>
<token_anchor t_id="327"/>
<token_anchor t_id="328"/>
<token_anchor t_id="329"/>
<token_anchor t_id="330"/>
<token_anchor t_id="331"/>
<token_anchor t_id="332"/>
<token_anchor t_id="333"/>
<token_anchor t_id="334"/>
<token_anchor t_id="335"/>
<token_anchor t_id="336"/>
</FOLLOW-UP>
<FOLLOW-UP m_id="26" anchor="non_future"  >
<token_anchor t_id="339"/>
<token_anchor t_id="340"/>
<token_anchor t_id="341"/>
<token_anchor t_id="342"/>
<token_anchor t_id="343"/>
<token_anchor t_id="344"/>
<token_anchor t_id="345"/>
<token_anchor t_id="346"/>
<token_anchor t_id="347"/>
<token_anchor t_id="348"/>
<token_anchor t_id="349"/>
<token_anchor t_id="350"/>
<token_anchor t_id="351"/>
<token_anchor t_id="352"/>
<token_anchor t_id="353"/>
<token_anchor t_id="354"/>
<token_anchor t_id="355"/>
<token_anchor t_id="356"/>
<token_anchor t_id="367"/>
<token_anchor t_id="368"/>
<token_anchor t_id="369"/>
<token_anchor t_id="370"/>
<token_anchor t_id="371"/>
<token_anchor t_id="372"/>
<token_anchor t_id="373"/>
</FOLLOW-UP>
<FOLLOW-UP m_id="4" anchor="non_future"  >
<token_anchor t_id="16"/>
<token_anchor t_id="17"/>
<token_anchor t_id="18"/>
<token_anchor t_id="19"/>
<token_anchor t_id="20"/>
<token_anchor t_id="21"/>
<token_anchor t_id="22"/>
<token_anchor t_id="23"/>
<token_anchor t_id="24"/>
<token_anchor t_id="25"/>
</FOLLOW-UP>
<FOREGROUND m_id="27" type="narration"  >
<token_anchor t_id="87"/>
<token_anchor t_id="88"/>
<token_anchor t_id="89"/>
<token_anchor t_id="90"/>
</FOREGROUND>
<FOREGROUND m_id="28" type="narration"  >
<token_anchor t_id="92"/>
<token_anchor t_id="93"/>
<token_anchor t_id="94"/>
<token_anchor t_id="95"/>
<token_anchor t_id="96"/>
<token_anchor t_id="97"/>
<token_anchor t_id="98"/>
<token_anchor t_id="99"/>
<token_anchor t_id="100"/>
<token_anchor t_id="101"/>
<token_anchor t_id="102"/>
<token_anchor t_id="103"/>
<token_anchor t_id="104"/>
<token_anchor t_id="105"/>
<token_anchor t_id="106"/>
</FOREGROUND>
<FOREGROUND m_id="29" type="narration"  >
<token_anchor t_id="375"/>
<token_anchor t_id="376"/>
<token_anchor t_id="377"/>
<token_anchor t_id="378"/>
<token_anchor t_id="379"/>
<token_anchor t_id="380"/>
<token_anchor t_id="381"/>
<token_anchor t_id="382"/>
<token_anchor t_id="383"/>
<token_anchor t_id="384"/>
<token_anchor t_id="385"/>
<token_anchor t_id="386"/>
<token_anchor t_id="387"/>
<token_anchor t_id="388"/>
<token_anchor t_id="389"/>
<token_anchor t_id="390"/>
<token_anchor t_id="391"/>
<token_anchor t_id="392"/>
<token_anchor t_id="393"/>
<token_anchor t_id="394"/>
<token_anchor t_id="395"/>
<token_anchor t_id="396"/>
<token_anchor t_id="397"/>
<token_anchor t_id="398"/>
<token_anchor t_id="399"/>
<token_anchor t_id="400"/>
<token_anchor t_id="401"/>
</FOREGROUND>
<FOREGROUND m_id="30" type="narration"  >
<token_anchor t_id="403"/>
<token_anchor t_id="404"/>
<token_anchor t_id="405"/>
<token_anchor t_id="406"/>
<token_anchor t_id="407"/>
<token_anchor t_id="408"/>
<token_anchor t_id="409"/>
<token_anchor t_id="410"/>
<token_anchor t_id="411"/>
<token_anchor t_id="412"/>
<token_anchor t_id="413"/>
<token_anchor t_id="414"/>
<token_anchor t_id="415"/>
<token_anchor t_id="416"/>
</FOREGROUND>
<FOREGROUND m_id="31" type="narration"  >
<token_anchor t_id="418"/>
<token_anchor t_id="419"/>
<token_anchor t_id="420"/>
<token_anchor t_id="421"/>
<token_anchor t_id="422"/>
<token_anchor t_id="423"/>
<token_anchor t_id="424"/>
<token_anchor t_id="425"/>
<token_anchor t_id="426"/>
<token_anchor t_id="427"/>
<token_anchor t_id="428"/>
<token_anchor t_id="429"/>
<token_anchor t_id="430"/>
<token_anchor t_id="431"/>
<token_anchor t_id="432"/>
<token_anchor t_id="433"/>
</FOREGROUND>
<FOREGROUND m_id="2" type="narration"  >
<token_anchor t_id="5"/>
<token_anchor t_id="6"/>
<token_anchor t_id="7"/>
<token_anchor t_id="8"/>
<token_anchor t_id="9"/>
<token_anchor t_id="10"/>
</FOREGROUND>
<FOREGROUND m_id="3" type="narration"  >
<token_anchor t_id="11"/>
<token_anchor t_id="12"/>
<token_anchor t_id="13"/>
<token_anchor t_id="14"/>
</FOREGROUND>


</Markables>

<Relations>
</Relations>
</Document>
