<Document doc_name="wsj_0815.xml.conll.txt">
<token t_id="1" sentence="0" number="0">Di</token>
<token t_id="2" sentence="0" number="1">Giorgio</token>
<token t_id="3" sentence="0" number="2">Corp</token>
<token t_id="4" sentence="0" number="3">.</token>
<token t_id="5" sentence="0" number="4">said</token>
<token t_id="6" sentence="0" number="5">it</token>
<token t_id="7" sentence="0" number="6">'s</token>
<token t_id="8" sentence="0" number="7">continuing</token>
<token t_id="9" sentence="0" number="8">talks</token>
<token t_id="10" sentence="0" number="9">with</token>
<token t_id="11" sentence="0" number="10">potential</token>
<token t_id="12" sentence="0" number="11">buyers</token>
<token t_id="13" sentence="0" number="12">of</token>
<token t_id="14" sentence="0" number="13">certain</token>
<token t_id="15" sentence="0" number="14">units</token>
<token t_id="16" sentence="0" number="15">,</token>
<token t_id="17" sentence="0" number="16">but</token>
<token t_id="18" sentence="0" number="17">has</token>
<token t_id="19" sentence="0" number="18">reached</token>
<token t_id="20" sentence="0" number="19">no</token>
<token t_id="21" sentence="0" number="20">agreement</token>
<token t_id="22" sentence="0" number="21">on</token>
<token t_id="23" sentence="0" number="22">any</token>
<token t_id="24" sentence="0" number="23">deals</token>
<token t_id="25" sentence="0" number="24">.</token>
<token t_id="26" sentence="1" number="0">Di</token>
<token t_id="27" sentence="1" number="1">Giorgio</token>
<token t_id="28" sentence="1" number="2">,</token>
<token t_id="29" sentence="1" number="3">a</token>
<token t_id="30" sentence="1" number="4">food</token>
<token t_id="31" sentence="1" number="5">wholesaler</token>
<token t_id="32" sentence="1" number="6">and</token>
<token t_id="33" sentence="1" number="7">building</token>
<token t_id="34" sentence="1" number="8">products</token>
<token t_id="35" sentence="1" number="9">maker</token>
<token t_id="36" sentence="1" number="10">,</token>
<token t_id="37" sentence="1" number="11">is</token>
<token t_id="38" sentence="1" number="12">seeking</token>
<token t_id="39" sentence="1" number="13">alternatives</token>
<token t_id="40" sentence="1" number="14">to</token>
<token t_id="41" sentence="1" number="15">an</token>
<token t_id="42" sentence="1" number="16">unsolicited</token>
<token t_id="43" sentence="1" number="17">$</token>
<token t_id="44" sentence="1" number="18">32</token>
<token t_id="45" sentence="1" number="19">-</token>
<token t_id="46" sentence="1" number="20">a</token>
<token t_id="47" sentence="1" number="21">-</token>
<token t_id="48" sentence="1" number="22">share</token>
<token t_id="49" sentence="1" number="23">tender</token>
<token t_id="50" sentence="1" number="24">offer</token>
<token t_id="51" sentence="1" number="25">of</token>
<token t_id="52" sentence="1" number="26">DIG</token>
<token t_id="53" sentence="1" number="27">Acquisition</token>
<token t_id="54" sentence="1" number="28">Corp</token>
<token t_id="55" sentence="1" number="29">.</token>
<token t_id="56" sentence="1" number="30">,</token>
<token t_id="57" sentence="1" number="31">a</token>
<token t_id="58" sentence="1" number="32">unit</token>
<token t_id="59" sentence="1" number="33">of</token>
<token t_id="60" sentence="1" number="34">Rose</token>
<token t_id="61" sentence="1" number="35">Partners</token>
<token t_id="62" sentence="1" number="36">Limited</token>
<token t_id="63" sentence="1" number="37">Partnership</token>
<token t_id="64" sentence="1" number="38">.</token>
<token t_id="65" sentence="2" number="0">DIG</token>
<token t_id="66" sentence="2" number="1">is</token>
<token t_id="67" sentence="2" number="2">the</token>
<token t_id="68" sentence="2" number="3">vehicle</token>
<token t_id="69" sentence="2" number="4">being</token>
<token t_id="70" sentence="2" number="5">used</token>
<token t_id="71" sentence="2" number="6">to</token>
<token t_id="72" sentence="2" number="7">pursue</token>
<token t_id="73" sentence="2" number="8">to</token>
<token t_id="74" sentence="2" number="9">acquisition</token>
<token t_id="75" sentence="2" number="10">.</token>
<token t_id="76" sentence="3" number="0">Robert</token>
<token t_id="77" sentence="3" number="1">Mellor</token>
<token t_id="78" sentence="3" number="2">,</token>
<token t_id="79" sentence="3" number="3">Di</token>
<token t_id="80" sentence="3" number="4">Giorgio</token>
<token t_id="81" sentence="3" number="5">'s</token>
<token t_id="82" sentence="3" number="6">executive</token>
<token t_id="83" sentence="3" number="7">vice</token>
<token t_id="84" sentence="3" number="8">president</token>
<token t_id="85" sentence="3" number="9">,</token>
<token t_id="86" sentence="3" number="10">said</token>
<token t_id="87" sentence="3" number="11">the</token>
<token t_id="88" sentence="3" number="12">company</token>
<token t_id="89" sentence="3" number="13">stands</token>
<token t_id="90" sentence="3" number="14">to</token>
<token t_id="91" sentence="3" number="15">reap</token>
<token t_id="92" sentence="3" number="16">more</token>
<token t_id="93" sentence="3" number="17">money</token>
<token t_id="94" sentence="3" number="18">through</token>
<token t_id="95" sentence="3" number="19">the</token>
<token t_id="96" sentence="3" number="20">sale</token>
<token t_id="97" sentence="3" number="21">of</token>
<token t_id="98" sentence="3" number="22">individual</token>
<token t_id="99" sentence="3" number="23">units</token>
<token t_id="100" sentence="3" number="24">to</token>
<token t_id="101" sentence="3" number="25">others</token>
<token t_id="102" sentence="3" number="26">than</token>
<token t_id="103" sentence="3" number="27">by</token>
<token t_id="104" sentence="3" number="28">accepting</token>
<token t_id="105" sentence="3" number="29">DIG</token>
<token t_id="106" sentence="3" number="30">'s</token>
<token t_id="107" sentence="3" number="31">offer</token>
<token t_id="108" sentence="3" number="32">.</token>


<Markables>
<ATTRIBUTION m_id="1" quote="true"  >
<token_anchor t_id="1"/>
<token_anchor t_id="2"/>
<token_anchor t_id="3"/>
<token_anchor t_id="4"/>
<token_anchor t_id="5"/>
</ATTRIBUTION>
<ATTRIBUTION m_id="2" quote="true"  >
<token_anchor t_id="76"/>
<token_anchor t_id="77"/>
<token_anchor t_id="78"/>
<token_anchor t_id="79"/>
<token_anchor t_id="80"/>
<token_anchor t_id="81"/>
<token_anchor t_id="82"/>
<token_anchor t_id="83"/>
<token_anchor t_id="84"/>
<token_anchor t_id="85"/>
<token_anchor t_id="86"/>
</ATTRIBUTION>
<FOLLOW-UP m_id="5" anchor="future"  >
<token_anchor t_id="87"/>
<token_anchor t_id="88"/>
<token_anchor t_id="89"/>
<token_anchor t_id="90"/>
<token_anchor t_id="91"/>
<token_anchor t_id="92"/>
<token_anchor t_id="93"/>
<token_anchor t_id="94"/>
<token_anchor t_id="95"/>
<token_anchor t_id="96"/>
<token_anchor t_id="97"/>
<token_anchor t_id="98"/>
<token_anchor t_id="99"/>
<token_anchor t_id="100"/>
<token_anchor t_id="101"/>
</FOLLOW-UP>
<FOLLOW-UP m_id="6" anchor="future"  >
<token_anchor t_id="102"/>
<token_anchor t_id="103"/>
<token_anchor t_id="104"/>
<token_anchor t_id="105"/>
<token_anchor t_id="106"/>
<token_anchor t_id="107"/>
</FOLLOW-UP>
<FOREGROUND m_id="3" type="narration"  >
<token_anchor t_id="6"/>
<token_anchor t_id="7"/>
<token_anchor t_id="8"/>
<token_anchor t_id="9"/>
<token_anchor t_id="10"/>
<token_anchor t_id="11"/>
<token_anchor t_id="12"/>
<token_anchor t_id="13"/>
<token_anchor t_id="14"/>
<token_anchor t_id="15"/>
</FOREGROUND>
<FOREGROUND m_id="4" type="narration"  >
<token_anchor t_id="17"/>
<token_anchor t_id="18"/>
<token_anchor t_id="19"/>
<token_anchor t_id="20"/>
<token_anchor t_id="21"/>
<token_anchor t_id="22"/>
<token_anchor t_id="23"/>
<token_anchor t_id="24"/>
</FOREGROUND>
<FOREGROUND m_id="7" type="narration"  >
<token_anchor t_id="71"/>
<token_anchor t_id="72"/>
<token_anchor t_id="73"/>
<token_anchor t_id="74"/>
</FOREGROUND>
<FOREGROUND m_id="8" type="narration"  >
<token_anchor t_id="65"/>
<token_anchor t_id="66"/>
<token_anchor t_id="67"/>
<token_anchor t_id="68"/>
<token_anchor t_id="69"/>
<token_anchor t_id="70"/>
</FOREGROUND>
<FOREGROUND m_id="9" type="narration"  >
<token_anchor t_id="26"/>
<token_anchor t_id="27"/>
<token_anchor t_id="28"/>
<token_anchor t_id="29"/>
<token_anchor t_id="30"/>
<token_anchor t_id="31"/>
<token_anchor t_id="32"/>
<token_anchor t_id="33"/>
<token_anchor t_id="34"/>
<token_anchor t_id="35"/>
<token_anchor t_id="36"/>
<token_anchor t_id="37"/>
<token_anchor t_id="38"/>
<token_anchor t_id="39"/>
<token_anchor t_id="40"/>
<token_anchor t_id="41"/>
<token_anchor t_id="42"/>
<token_anchor t_id="43"/>
<token_anchor t_id="44"/>
<token_anchor t_id="45"/>
<token_anchor t_id="46"/>
<token_anchor t_id="47"/>
<token_anchor t_id="48"/>
<token_anchor t_id="49"/>
<token_anchor t_id="50"/>
<token_anchor t_id="51"/>
<token_anchor t_id="52"/>
<token_anchor t_id="53"/>
<token_anchor t_id="54"/>
<token_anchor t_id="55"/>
<token_anchor t_id="56"/>
<token_anchor t_id="57"/>
<token_anchor t_id="58"/>
<token_anchor t_id="59"/>
<token_anchor t_id="60"/>
<token_anchor t_id="61"/>
<token_anchor t_id="62"/>
<token_anchor t_id="63"/>
</FOREGROUND>


</Markables>

<Relations>
</Relations>
</Document>
