<Document doc_name="wsj_0583.xml.conll.txt">
<token t_id="1" sentence="0" number="0">Polly</token>
<token t_id="2" sentence="0" number="1">Peck</token>
<token t_id="3" sentence="0" number="2">International</token>
<token t_id="4" sentence="0" number="3">Inc</token>
<token t_id="5" sentence="0" number="4">.</token>
<token t_id="6" sentence="0" number="5">'s</token>
<token t_id="7" sentence="0" number="6">agreement</token>
<token t_id="8" sentence="0" number="7">to</token>
<token t_id="9" sentence="0" number="8">acquire</token>
<token t_id="10" sentence="0" number="9">51</token>
<token t_id="11" sentence="0" number="10">%</token>
<token t_id="12" sentence="0" number="11">of</token>
<token t_id="13" sentence="0" number="12">Sansui</token>
<token t_id="14" sentence="0" number="13">Electric</token>
<token t_id="15" sentence="0" number="14">Co</token>
<token t_id="16" sentence="0" number="15">.</token>
<token t_id="17" sentence="0" number="16">proves</token>
<token t_id="18" sentence="0" number="17">that</token>
<token t_id="19" sentence="0" number="18">foreign</token>
<token t_id="20" sentence="0" number="19">companies</token>
<token t_id="21" sentence="0" number="20">can</token>
<token t_id="22" sentence="0" number="21">acquire</token>
<token t_id="23" sentence="0" number="22">Japanese</token>
<token t_id="24" sentence="0" number="23">companies</token>
<token t_id="25" sentence="0" number="24">-</token>
<token t_id="26" sentence="0" number="25">-</token>
<token t_id="27" sentence="0" number="26">if</token>
<token t_id="28" sentence="0" number="27">the</token>
<token t_id="29" sentence="0" number="28">alternative</token>
<token t_id="30" sentence="0" number="29">for</token>
<token t_id="31" sentence="0" number="30">the</token>
<token t_id="32" sentence="0" number="31">Japanese</token>
<token t_id="33" sentence="0" number="32">company</token>
<token t_id="34" sentence="0" number="33">is</token>
<token t_id="35" sentence="0" number="34">extinction</token>
<token t_id="36" sentence="0" number="35">.</token>
<token t_id="37" sentence="1" number="0">Polly</token>
<token t_id="38" sentence="1" number="1">Peck</token>
<token t_id="39" sentence="1" number="2">,</token>
<token t_id="40" sentence="1" number="3">a</token>
<token t_id="41" sentence="1" number="4">fast</token>
<token t_id="42" sentence="1" number="5">-</token>
<token t_id="43" sentence="1" number="6">growing</token>
<token t_id="44" sentence="1" number="7">British</token>
<token t_id="45" sentence="1" number="8">conglomerate</token>
<token t_id="46" sentence="1" number="9">,</token>
<token t_id="47" sentence="1" number="10">will</token>
<token t_id="48" sentence="1" number="11">pay</token>
<token t_id="49" sentence="1" number="12">15</token>
<token t_id="50" sentence="1" number="13">.</token>
<token t_id="51" sentence="1" number="14">6</token>
<token t_id="52" sentence="1" number="15">billion</token>
<token t_id="53" sentence="1" number="16">yen</token>
<token t_id="54" sentence="1" number="17">-</token>
<token t_id="55" sentence="1" number="18">LRB</token>
<token t_id="56" sentence="1" number="19">-</token>
<token t_id="57" sentence="1" number="20">$</token>
<token t_id="58" sentence="1" number="21">110</token>
<token t_id="59" sentence="1" number="22">million</token>
<token t_id="60" sentence="1" number="23">-</token>
<token t_id="61" sentence="1" number="24">RRB</token>
<token t_id="62" sentence="1" number="25">-</token>
<token t_id="63" sentence="1" number="26">for</token>
<token t_id="64" sentence="1" number="27">39</token>
<token t_id="65" sentence="1" number="28">million</token>
<token t_id="66" sentence="1" number="29">new</token>
<token t_id="67" sentence="1" number="30">shares</token>
<token t_id="68" sentence="1" number="31">of</token>
<token t_id="69" sentence="1" number="32">Sansui</token>
<token t_id="70" sentence="1" number="33">,</token>
<token t_id="71" sentence="1" number="34">a</token>
<token t_id="72" sentence="1" number="35">well</token>
<token t_id="73" sentence="1" number="36">-</token>
<token t_id="74" sentence="1" number="37">known</token>
<token t_id="75" sentence="1" number="38">maker</token>
<token t_id="76" sentence="1" number="39">of</token>
<token t_id="77" sentence="1" number="40">high</token>
<token t_id="78" sentence="1" number="41">-</token>
<token t_id="79" sentence="1" number="42">fidelity</token>
<token t_id="80" sentence="1" number="43">audio</token>
<token t_id="81" sentence="1" number="44">equipment</token>
<token t_id="82" sentence="1" number="45">that</token>
<token t_id="83" sentence="1" number="46">failed</token>
<token t_id="84" sentence="1" number="47">to</token>
<token t_id="85" sentence="1" number="48">adjust</token>
<token t_id="86" sentence="1" number="49">to</token>
<token t_id="87" sentence="1" number="50">changing</token>
<token t_id="88" sentence="1" number="51">market</token>
<token t_id="89" sentence="1" number="52">conditions</token>
<token t_id="90" sentence="1" number="53">.</token>
<token t_id="91" sentence="2" number="0">Japanese</token>
<token t_id="92" sentence="2" number="1">government</token>
<token t_id="93" sentence="2" number="2">officials</token>
<token t_id="94" sentence="2" number="3">,</token>
<token t_id="95" sentence="2" number="4">eager</token>
<token t_id="96" sentence="2" number="5">to</token>
<token t_id="97" sentence="2" number="6">rebut</token>
<token t_id="98" sentence="2" number="7">foreign</token>
<token t_id="99" sentence="2" number="8">criticism</token>
<token t_id="100" sentence="2" number="9">of</token>
<token t_id="101" sentence="2" number="10">Japanese</token>
<token t_id="102" sentence="2" number="11">investments</token>
<token t_id="103" sentence="2" number="12">overseas</token>
<token t_id="104" sentence="2" number="13">,</token>
<token t_id="105" sentence="2" number="14">hailed</token>
<token t_id="106" sentence="2" number="15">the</token>
<token t_id="107" sentence="2" number="16">transaction</token>
<token t_id="108" sentence="2" number="17">as</token>
<token t_id="109" sentence="2" number="18">proof</token>
<token t_id="110" sentence="2" number="19">foreigners</token>
<token t_id="111" sentence="2" number="20">can</token>
<token t_id="112" sentence="2" number="21">make</token>
<token t_id="113" sentence="2" number="22">similar</token>
<token t_id="114" sentence="2" number="23">investments</token>
<token t_id="115" sentence="2" number="24">in</token>
<token t_id="116" sentence="2" number="25">Japan</token>
<token t_id="117" sentence="2" number="26">.</token>
<token t_id="118" sentence="3" number="0">Polly</token>
<token t_id="119" sentence="3" number="1">Peck</token>
<token t_id="120" sentence="3" number="2">'s</token>
<token t_id="121" sentence="3" number="3">chairman</token>
<token t_id="122" sentence="3" number="4">,</token>
<token t_id="123" sentence="3" number="5">Asil</token>
<token t_id="124" sentence="3" number="6">Nadir</token>
<token t_id="125" sentence="3" number="7">,</token>
<token t_id="126" sentence="3" number="8">echoed</token>
<token t_id="127" sentence="3" number="9">the</token>
<token t_id="128" sentence="3" number="10">official</token>
<token t_id="129" sentence="3" number="11">Japanese</token>
<token t_id="130" sentence="3" number="12">view</token>
<token t_id="131" sentence="3" number="13">of</token>
<token t_id="132" sentence="3" number="14">the</token>
<token t_id="133" sentence="3" number="15">accord</token>
<token t_id="134" sentence="3" number="16">,</token>
<token t_id="135" sentence="3" number="17">which</token>
<token t_id="136" sentence="3" number="18">was</token>
<token t_id="137" sentence="3" number="19">announced</token>
<token t_id="138" sentence="3" number="20">Friday</token>
<token t_id="139" sentence="3" number="21">.</token>
<token t_id="140" sentence="4" number="0">``</token>
<token t_id="141" sentence="4" number="1">The</token>
<token t_id="142" sentence="4" number="2">myths</token>
<token t_id="143" sentence="4" number="3">that</token>
<token t_id="144" sentence="4" number="4">Japan</token>
<token t_id="145" sentence="4" number="5">is</token>
<token t_id="146" sentence="4" number="6">not</token>
<token t_id="147" sentence="4" number="7">open</token>
<token t_id="148" sentence="4" number="8">to</token>
<token t_id="149" sentence="4" number="9">concerns</token>
<token t_id="150" sentence="4" number="10">from</token>
<token t_id="151" sentence="4" number="11">outside</token>
<token t_id="152" sentence="4" number="12">has</token>
<token t_id="153" sentence="4" number="13">,</token>
<token t_id="154" sentence="4" number="14">I</token>
<token t_id="155" sentence="4" number="15">think</token>
<token t_id="156" sentence="4" number="16">,</token>
<token t_id="157" sentence="4" number="17">been</token>
<token t_id="158" sentence="4" number="18">demolished</token>
<token t_id="159" sentence="4" number="19">at</token>
<token t_id="160" sentence="4" number="20">a</token>
<token t_id="161" sentence="4" number="21">stroke</token>
<token t_id="162" sentence="4" number="22">,</token>
<token t_id="163" sentence="4" number="23">''</token>
<token t_id="164" sentence="4" number="24">Mr</token>
<token t_id="165" sentence="4" number="25">.</token>
<token t_id="166" sentence="4" number="26">Nadir</token>
<token t_id="167" sentence="4" number="27">said</token>
<token t_id="168" sentence="4" number="28">.</token>
<token t_id="169" sentence="5" number="0">But</token>
<token t_id="170" sentence="5" number="1">analysts</token>
<token t_id="171" sentence="5" number="2">say</token>
<token t_id="172" sentence="5" number="3">Sansui</token>
<token t_id="173" sentence="5" number="4">is</token>
<token t_id="174" sentence="5" number="5">a</token>
<token t_id="175" sentence="5" number="6">special</token>
<token t_id="176" sentence="5" number="7">case</token>
<token t_id="177" sentence="5" number="8">.</token>
<token t_id="178" sentence="6" number="0">It</token>
<token t_id="179" sentence="6" number="1">expects</token>
<token t_id="180" sentence="6" number="2">to</token>
<token t_id="181" sentence="6" number="3">post</token>
<token t_id="182" sentence="6" number="4">a</token>
<token t_id="183" sentence="6" number="5">loss</token>
<token t_id="184" sentence="6" number="6">of</token>
<token t_id="185" sentence="6" number="7">6</token>
<token t_id="186" sentence="6" number="8">.</token>
<token t_id="187" sentence="6" number="9">4</token>
<token t_id="188" sentence="6" number="10">billion</token>
<token t_id="189" sentence="6" number="11">yen</token>
<token t_id="190" sentence="6" number="12">for</token>
<token t_id="191" sentence="6" number="13">the</token>
<token t_id="192" sentence="6" number="14">year</token>
<token t_id="193" sentence="6" number="15">ending</token>
<token t_id="194" sentence="6" number="16">tomorrow</token>
<token t_id="195" sentence="6" number="17">and</token>
<token t_id="196" sentence="6" number="18">its</token>
<token t_id="197" sentence="6" number="19">liabilities</token>
<token t_id="198" sentence="6" number="20">currently</token>
<token t_id="199" sentence="6" number="21">exceed</token>
<token t_id="200" sentence="6" number="22">its</token>
<token t_id="201" sentence="6" number="23">assets</token>
<token t_id="202" sentence="6" number="24">by</token>
<token t_id="203" sentence="6" number="25">about</token>
<token t_id="204" sentence="6" number="26">13</token>
<token t_id="205" sentence="6" number="27">.</token>
<token t_id="206" sentence="6" number="28">8</token>
<token t_id="207" sentence="6" number="29">billion</token>
<token t_id="208" sentence="6" number="30">yen</token>
<token t_id="209" sentence="6" number="31">.</token>
<token t_id="210" sentence="6" number="32">``</token>
<token t_id="211" sentence="7" number="0">If</token>
<token t_id="212" sentence="7" number="1">you</token>
<token t_id="213" sentence="7" number="2">find</token>
<token t_id="214" sentence="7" number="3">sound</token>
<token t_id="215" sentence="7" number="4">,</token>
<token t_id="216" sentence="7" number="5">healthy</token>
<token t_id="217" sentence="7" number="6">companies</token>
<token t_id="218" sentence="7" number="7">in</token>
<token t_id="219" sentence="7" number="8">Japan</token>
<token t_id="220" sentence="7" number="9">,</token>
<token t_id="221" sentence="7" number="10">they</token>
<token t_id="222" sentence="7" number="11">are</token>
<token t_id="223" sentence="7" number="12">not</token>
<token t_id="224" sentence="7" number="13">for</token>
<token t_id="225" sentence="7" number="14">sale</token>
<token t_id="226" sentence="7" number="15">,</token>
<token t_id="227" sentence="7" number="16">''</token>
<token t_id="228" sentence="7" number="17">said</token>
<token t_id="229" sentence="7" number="18">George</token>
<token t_id="230" sentence="7" number="19">Watanabe</token>
<token t_id="231" sentence="7" number="20">,</token>
<token t_id="232" sentence="7" number="21">a</token>
<token t_id="233" sentence="7" number="22">management</token>
<token t_id="234" sentence="7" number="23">-</token>
<token t_id="235" sentence="7" number="24">consultant</token>
<token t_id="236" sentence="7" number="25">at</token>
<token t_id="237" sentence="7" number="26">Tokyo</token>
<token t_id="238" sentence="7" number="27">-</token>
<token t_id="239" sentence="7" number="28">based</token>
<token t_id="240" sentence="7" number="29">Asia</token>
<token t_id="241" sentence="7" number="30">Advisory</token>
<token t_id="242" sentence="7" number="31">Services</token>
<token t_id="243" sentence="7" number="32">Inc</token>
<token t_id="244" sentence="7" number="33">.</token>
<token t_id="245" sentence="8" number="0">Statistics</token>
<token t_id="246" sentence="8" number="1">on</token>
<token t_id="247" sentence="8" number="2">acquisitions</token>
<token t_id="248" sentence="8" number="3">by</token>
<token t_id="249" sentence="8" number="4">foreigners</token>
<token t_id="250" sentence="8" number="5">vary</token>
<token t_id="251" sentence="8" number="6">in</token>
<token t_id="252" sentence="8" number="7">detail</token>
<token t_id="253" sentence="8" number="8">,</token>
<token t_id="254" sentence="8" number="9">because</token>
<token t_id="255" sentence="8" number="10">unlike</token>
<token t_id="256" sentence="8" number="11">Sansui</token>
<token t_id="257" sentence="8" number="12">,</token>
<token t_id="258" sentence="8" number="13">which</token>
<token t_id="259" sentence="8" number="14">is</token>
<token t_id="260" sentence="8" number="15">listed</token>
<token t_id="261" sentence="8" number="16">on</token>
<token t_id="262" sentence="8" number="17">the</token>
<token t_id="263" sentence="8" number="18">Tokyo</token>
<token t_id="264" sentence="8" number="19">and</token>
<token t_id="265" sentence="8" number="20">Osaka</token>
<token t_id="266" sentence="8" number="21">stock</token>
<token t_id="267" sentence="8" number="22">exchanges</token>
<token t_id="268" sentence="8" number="23">,</token>
<token t_id="269" sentence="8" number="24">most</token>
<token t_id="270" sentence="8" number="25">of</token>
<token t_id="271" sentence="8" number="26">the</token>
<token t_id="272" sentence="8" number="27">Japanese</token>
<token t_id="273" sentence="8" number="28">companies</token>
<token t_id="274" sentence="8" number="29">acquired</token>
<token t_id="275" sentence="8" number="30">by</token>
<token t_id="276" sentence="8" number="31">foreigners</token>
<token t_id="277" sentence="8" number="32">are</token>
<token t_id="278" sentence="8" number="33">privately</token>
<token t_id="279" sentence="8" number="34">held</token>
<token t_id="280" sentence="8" number="35">.</token>
<token t_id="281" sentence="9" number="0">But</token>
<token t_id="282" sentence="9" number="1">by</token>
<token t_id="283" sentence="9" number="2">all</token>
<token t_id="284" sentence="9" number="3">accounts</token>
<token t_id="285" sentence="9" number="4">foreign</token>
<token t_id="286" sentence="9" number="5">companies</token>
<token t_id="287" sentence="9" number="6">have</token>
<token t_id="288" sentence="9" number="7">bought</token>
<token t_id="289" sentence="9" number="8">only</token>
<token t_id="290" sentence="9" number="9">a</token>
<token t_id="291" sentence="9" number="10">relative</token>
<token t_id="292" sentence="9" number="11">handful</token>
<token t_id="293" sentence="9" number="12">of</token>
<token t_id="294" sentence="9" number="13">Japanese</token>
<token t_id="295" sentence="9" number="14">companies</token>
<token t_id="296" sentence="9" number="15">this</token>
<token t_id="297" sentence="9" number="16">year</token>
<token t_id="298" sentence="9" number="17">,</token>
<token t_id="299" sentence="9" number="18">while</token>
<token t_id="300" sentence="9" number="19">Japanese</token>
<token t_id="301" sentence="9" number="20">companies</token>
<token t_id="302" sentence="9" number="21">have</token>
<token t_id="303" sentence="9" number="22">acquired</token>
<token t_id="304" sentence="9" number="23">hundreds</token>
<token t_id="305" sentence="9" number="24">of</token>
<token t_id="306" sentence="9" number="25">foreign</token>
<token t_id="307" sentence="9" number="26">companies</token>
<token t_id="308" sentence="9" number="27">.</token>
<token t_id="309" sentence="10" number="0">Nor</token>
<token t_id="310" sentence="10" number="1">do</token>
<token t_id="311" sentence="10" number="2">analysts</token>
<token t_id="312" sentence="10" number="3">expect</token>
<token t_id="313" sentence="10" number="4">the</token>
<token t_id="314" sentence="10" number="5">Sansui</token>
<token t_id="315" sentence="10" number="6">deal</token>
<token t_id="316" sentence="10" number="7">to</token>
<token t_id="317" sentence="10" number="8">touch</token>
<token t_id="318" sentence="10" number="9">off</token>
<token t_id="319" sentence="10" number="10">a</token>
<token t_id="320" sentence="10" number="11">fresh</token>
<token t_id="321" sentence="10" number="12">wave</token>
<token t_id="322" sentence="10" number="13">of</token>
<token t_id="323" sentence="10" number="14">foreign</token>
<token t_id="324" sentence="10" number="15">purchases</token>
<token t_id="325" sentence="10" number="16">.</token>
<token t_id="326" sentence="11" number="0">If</token>
<token t_id="327" sentence="11" number="1">the</token>
<token t_id="328" sentence="11" number="2">strong</token>
<token t_id="329" sentence="11" number="3">yen</token>
<token t_id="330" sentence="11" number="4">and</token>
<token t_id="331" sentence="11" number="5">the</token>
<token t_id="332" sentence="11" number="6">high</token>
<token t_id="333" sentence="11" number="7">stock</token>
<token t_id="334" sentence="11" number="8">prices</token>
<token t_id="335" sentence="11" number="9">of</token>
<token t_id="336" sentence="11" number="10">Japanese</token>
<token t_id="337" sentence="11" number="11">companies</token>
<token t_id="338" sentence="11" number="12">were</token>
<token t_id="339" sentence="11" number="13">n't</token>
<token t_id="340" sentence="11" number="14">deterrents</token>
<token t_id="341" sentence="11" number="15">enough</token>
<token t_id="342" sentence="11" number="16">,</token>
<token t_id="343" sentence="11" number="17">webs</token>
<token t_id="344" sentence="11" number="18">of</token>
<token t_id="345" sentence="11" number="19">cross</token>
<token t_id="346" sentence="11" number="20">-</token>
<token t_id="347" sentence="11" number="21">shareholdings</token>
<token t_id="348" sentence="11" number="22">between</token>
<token t_id="349" sentence="11" number="23">friendly</token>
<token t_id="350" sentence="11" number="24">Japanese</token>
<token t_id="351" sentence="11" number="25">companies</token>
<token t_id="352" sentence="11" number="26">and</token>
<token t_id="353" sentence="11" number="27">fiercely</token>
<token t_id="354" sentence="11" number="28">independent</token>
<token t_id="355" sentence="11" number="29">Japanese</token>
<token t_id="356" sentence="11" number="30">corporate</token>
<token t_id="357" sentence="11" number="31">attitudes</token>
<token t_id="358" sentence="11" number="32">repel</token>
<token t_id="359" sentence="11" number="33">most</token>
<token t_id="360" sentence="11" number="34">would</token>
<token t_id="361" sentence="11" number="35">-</token>
<token t_id="362" sentence="11" number="36">be</token>
<token t_id="363" sentence="11" number="37">acquirers</token>
<token t_id="364" sentence="11" number="38">.</token>
<token t_id="365" sentence="12" number="0">Usually</token>
<token t_id="366" sentence="12" number="1">when</token>
<token t_id="367" sentence="12" number="2">a</token>
<token t_id="368" sentence="12" number="3">Japanese</token>
<token t_id="369" sentence="12" number="4">company</token>
<token t_id="370" sentence="12" number="5">is</token>
<token t_id="371" sentence="12" number="6">ready</token>
<token t_id="372" sentence="12" number="7">to</token>
<token t_id="373" sentence="12" number="8">sell</token>
<token t_id="374" sentence="12" number="9">,</token>
<token t_id="375" sentence="12" number="10">it</token>
<token t_id="376" sentence="12" number="11">has</token>
<token t_id="377" sentence="12" number="12">few</token>
<token t_id="378" sentence="12" number="13">alternatives</token>
<token t_id="379" sentence="12" number="14">remaining</token>
<token t_id="380" sentence="12" number="15">,</token>
<token t_id="381" sentence="12" number="16">and</token>
<token t_id="382" sentence="12" number="17">the</token>
<token t_id="383" sentence="12" number="18">grim</token>
<token t_id="384" sentence="12" number="19">demeanors</token>
<token t_id="385" sentence="12" number="20">of</token>
<token t_id="386" sentence="12" number="21">Sansui</token>
<token t_id="387" sentence="12" number="22">'s</token>
<token t_id="388" sentence="12" number="23">directors</token>
<token t_id="389" sentence="12" number="24">at</token>
<token t_id="390" sentence="12" number="25">a</token>
<token t_id="391" sentence="12" number="26">joint</token>
<token t_id="392" sentence="12" number="27">news</token>
<token t_id="393" sentence="12" number="28">conference</token>
<token t_id="394" sentence="12" number="29">here</token>
<token t_id="395" sentence="12" number="30">left</token>
<token t_id="396" sentence="12" number="31">little</token>
<token t_id="397" sentence="12" number="32">doubt</token>
<token t_id="398" sentence="12" number="33">that</token>
<token t_id="399" sentence="12" number="34">this</token>
<token t_id="400" sentence="12" number="35">was</token>
<token t_id="401" sentence="12" number="36">not</token>
<token t_id="402" sentence="12" number="37">the</token>
<token t_id="403" sentence="12" number="38">company</token>
<token t_id="404" sentence="12" number="39">'s</token>
<token t_id="405" sentence="12" number="40">finest</token>
<token t_id="406" sentence="12" number="41">hour</token>
<token t_id="407" sentence="12" number="42">.</token>
<token t_id="408" sentence="13" number="0">Sansui</token>
<token t_id="409" sentence="13" number="1">was</token>
<token t_id="410" sentence="13" number="2">once</token>
<token t_id="411" sentence="13" number="3">one</token>
<token t_id="412" sentence="13" number="4">of</token>
<token t_id="413" sentence="13" number="5">Japan</token>
<token t_id="414" sentence="13" number="6">'s</token>
<token t_id="415" sentence="13" number="7">premier</token>
<token t_id="416" sentence="13" number="8">makers</token>
<token t_id="417" sentence="13" number="9">of</token>
<token t_id="418" sentence="13" number="10">expensive</token>
<token t_id="419" sentence="13" number="11">,</token>
<token t_id="420" sentence="13" number="12">high</token>
<token t_id="421" sentence="13" number="13">-</token>
<token t_id="422" sentence="13" number="14">quality</token>
<token t_id="423" sentence="13" number="15">stereo</token>
<token t_id="424" sentence="13" number="16">gear</token>
<token t_id="425" sentence="13" number="17">for</token>
<token t_id="426" sentence="13" number="18">audiophiles</token>
<token t_id="427" sentence="13" number="19">.</token>
<token t_id="428" sentence="14" number="0">But</token>
<token t_id="429" sentence="14" number="1">in</token>
<token t_id="430" sentence="14" number="2">recent</token>
<token t_id="431" sentence="14" number="3">years</token>
<token t_id="432" sentence="14" number="4">,</token>
<token t_id="433" sentence="14" number="5">the</token>
<token t_id="434" sentence="14" number="6">market</token>
<token t_id="435" sentence="14" number="7">has</token>
<token t_id="436" sentence="14" number="8">moved</token>
<token t_id="437" sentence="14" number="9">toward</token>
<token t_id="438" sentence="14" number="10">less</token>
<token t_id="439" sentence="14" number="11">expensive</token>
<token t_id="440" sentence="14" number="12">``</token>
<token t_id="441" sentence="14" number="13">mini</token>
<token t_id="442" sentence="14" number="14">-</token>
<token t_id="443" sentence="14" number="15">component</token>
<token t_id="444" sentence="14" number="16">''</token>
<token t_id="445" sentence="14" number="17">sets</token>
<token t_id="446" sentence="14" number="18">,</token>
<token t_id="447" sentence="14" number="19">miniaturized</token>
<token t_id="448" sentence="14" number="20">amplifiers</token>
<token t_id="449" sentence="14" number="21">and</token>
<token t_id="450" sentence="14" number="22">receivers</token>
<token t_id="451" sentence="14" number="23">and</token>
<token t_id="452" sentence="14" number="24">software</token>
<token t_id="453" sentence="14" number="25">players</token>
<token t_id="454" sentence="14" number="26">that</token>
<token t_id="455" sentence="14" number="27">could</token>
<token t_id="456" sentence="14" number="28">be</token>
<token t_id="457" sentence="14" number="29">stacked</token>
<token t_id="458" sentence="14" number="30">on</token>
<token t_id="459" sentence="14" number="31">top</token>
<token t_id="460" sentence="14" number="32">of</token>
<token t_id="461" sentence="14" number="33">each</token>
<token t_id="462" sentence="14" number="34">other</token>
<token t_id="463" sentence="14" number="35">.</token>
<token t_id="464" sentence="15" number="0">Some</token>
<token t_id="465" sentence="15" number="1">of</token>
<token t_id="466" sentence="15" number="2">Sansui</token>
<token t_id="467" sentence="15" number="3">'s</token>
<token t_id="468" sentence="15" number="4">fellow</token>
<token t_id="469" sentence="15" number="5">audio</token>
<token t_id="470" sentence="15" number="6">-</token>
<token t_id="471" sentence="15" number="7">specialty</token>
<token t_id="472" sentence="15" number="8">companies</token>
<token t_id="473" sentence="15" number="9">,</token>
<token t_id="474" sentence="15" number="10">such</token>
<token t_id="475" sentence="15" number="11">as</token>
<token t_id="476" sentence="15" number="12">Aiwa</token>
<token t_id="477" sentence="15" number="13">Co</token>
<token t_id="478" sentence="15" number="14">.</token>
<token t_id="479" sentence="15" number="15">and</token>
<token t_id="480" sentence="15" number="16">Pioneer</token>
<token t_id="481" sentence="15" number="17">Electric</token>
<token t_id="482" sentence="15" number="18">Corp</token>
<token t_id="483" sentence="15" number="19">.</token>
<token t_id="484" sentence="15" number="20">,</token>
<token t_id="485" sentence="15" number="21">responded</token>
<token t_id="486" sentence="15" number="22">to</token>
<token t_id="487" sentence="15" number="23">the</token>
<token t_id="488" sentence="15" number="24">challenge</token>
<token t_id="489" sentence="15" number="25">by</token>
<token t_id="490" sentence="15" number="26">quickly</token>
<token t_id="491" sentence="15" number="27">bringing</token>
<token t_id="492" sentence="15" number="28">out</token>
<token t_id="493" sentence="15" number="29">mini</token>
<token t_id="494" sentence="15" number="30">-</token>
<token t_id="495" sentence="15" number="31">component</token>
<token t_id="496" sentence="15" number="32">products</token>
<token t_id="497" sentence="15" number="33">of</token>
<token t_id="498" sentence="15" number="34">their</token>
<token t_id="499" sentence="15" number="35">own</token>
<token t_id="500" sentence="15" number="36">,</token>
<token t_id="501" sentence="15" number="37">by</token>
<token t_id="502" sentence="15" number="38">moving</token>
<token t_id="503" sentence="15" number="39">heavily</token>
<token t_id="504" sentence="15" number="40">into</token>
<token t_id="505" sentence="15" number="41">the</token>
<token t_id="506" sentence="15" number="42">booming</token>
<token t_id="507" sentence="15" number="43">compact</token>
<token t_id="508" sentence="15" number="44">disk</token>
<token t_id="509" sentence="15" number="45">businesses</token>
<token t_id="510" sentence="15" number="46">or</token>
<token t_id="511" sentence="15" number="47">by</token>
<token t_id="512" sentence="15" number="48">diversifying</token>
<token t_id="513" sentence="15" number="49">into</token>
<token t_id="514" sentence="15" number="50">other</token>
<token t_id="515" sentence="15" number="51">consumer</token>
<token t_id="516" sentence="15" number="52">-</token>
<token t_id="517" sentence="15" number="53">electronics</token>
<token t_id="518" sentence="15" number="54">fields</token>
<token t_id="519" sentence="15" number="55">,</token>
<token t_id="520" sentence="15" number="56">including</token>
<token t_id="521" sentence="15" number="57">laser</token>
<token t_id="522" sentence="15" number="58">disks</token>
<token t_id="523" sentence="15" number="59">or</token>
<token t_id="524" sentence="15" number="60">portable</token>
<token t_id="525" sentence="15" number="61">cassette</token>
<token t_id="526" sentence="15" number="62">players</token>
<token t_id="527" sentence="15" number="63">.</token>
<token t_id="528" sentence="16" number="0">Sansui</token>
<token t_id="529" sentence="16" number="1">was</token>
<token t_id="530" sentence="16" number="2">late</token>
<token t_id="531" sentence="16" number="3">into</token>
<token t_id="532" sentence="16" number="4">the</token>
<token t_id="533" sentence="16" number="5">mini</token>
<token t_id="534" sentence="16" number="6">-</token>
<token t_id="535" sentence="16" number="7">component</token>
<token t_id="536" sentence="16" number="8">business</token>
<token t_id="537" sentence="16" number="9">and</token>
<token t_id="538" sentence="16" number="10">failed</token>
<token t_id="539" sentence="16" number="11">to</token>
<token t_id="540" sentence="16" number="12">branch</token>
<token t_id="541" sentence="16" number="13">into</token>
<token t_id="542" sentence="16" number="14">other</token>
<token t_id="543" sentence="16" number="15">new</token>
<token t_id="544" sentence="16" number="16">businesses</token>
<token t_id="545" sentence="16" number="17">.</token>
<token t_id="546" sentence="17" number="0">As</token>
<token t_id="547" sentence="17" number="1">the</token>
<token t_id="548" sentence="17" number="2">yen</token>
<token t_id="549" sentence="17" number="3">soared</token>
<token t_id="550" sentence="17" number="4">in</token>
<token t_id="551" sentence="17" number="5">recent</token>
<token t_id="552" sentence="17" number="6">years</token>
<token t_id="553" sentence="17" number="7">,</token>
<token t_id="554" sentence="17" number="8">Sansui</token>
<token t_id="555" sentence="17" number="9">'s</token>
<token t_id="556" sentence="17" number="10">deepening</token>
<token t_id="557" sentence="17" number="11">financial</token>
<token t_id="558" sentence="17" number="12">problems</token>
<token t_id="559" sentence="17" number="13">became</token>
<token t_id="560" sentence="17" number="14">a</token>
<token t_id="561" sentence="17" number="15">vicious</token>
<token t_id="562" sentence="17" number="16">circle</token>
<token t_id="563" sentence="17" number="17">.</token>
<token t_id="564" sentence="18" number="0">While</token>
<token t_id="565" sentence="18" number="1">competitors</token>
<token t_id="566" sentence="18" number="2">moved</token>
<token t_id="567" sentence="18" number="3">production</token>
<token t_id="568" sentence="18" number="4">offshore</token>
<token t_id="569" sentence="18" number="5">in</token>
<token t_id="570" sentence="18" number="6">response</token>
<token t_id="571" sentence="18" number="7">to</token>
<token t_id="572" sentence="18" number="8">the</token>
<token t_id="573" sentence="18" number="9">sagging</token>
<token t_id="574" sentence="18" number="10">competitiveness</token>
<token t_id="575" sentence="18" number="11">of</token>
<token t_id="576" sentence="18" number="12">Japanese</token>
<token t_id="577" sentence="18" number="13">factories</token>
<token t_id="578" sentence="18" number="14">,</token>
<token t_id="579" sentence="18" number="15">Sansui</token>
<token t_id="580" sentence="18" number="16">lacked</token>
<token t_id="581" sentence="18" number="17">the</token>
<token t_id="582" sentence="18" number="18">money</token>
<token t_id="583" sentence="18" number="19">to</token>
<token t_id="584" sentence="18" number="20">build</token>
<token t_id="585" sentence="18" number="21">new</token>
<token t_id="586" sentence="18" number="22">plants</token>
<token t_id="587" sentence="18" number="23">in</token>
<token t_id="588" sentence="18" number="24">Southeast</token>
<token t_id="589" sentence="18" number="25">Asia</token>
<token t_id="590" sentence="18" number="26">.</token>
<token t_id="591" sentence="19" number="0">``</token>
<token t_id="592" sentence="19" number="1">Our</token>
<token t_id="593" sentence="19" number="2">company</token>
<token t_id="594" sentence="19" number="3">has</token>
<token t_id="595" sentence="19" number="4">not</token>
<token t_id="596" sentence="19" number="5">been</token>
<token t_id="597" sentence="19" number="6">able</token>
<token t_id="598" sentence="19" number="7">to</token>
<token t_id="599" sentence="19" number="8">cope</token>
<token t_id="600" sentence="19" number="9">very</token>
<token t_id="601" sentence="19" number="10">effectively</token>
<token t_id="602" sentence="19" number="11">with</token>
<token t_id="603" sentence="19" number="12">''</token>
<token t_id="604" sentence="19" number="13">changes</token>
<token t_id="605" sentence="19" number="14">in</token>
<token t_id="606" sentence="19" number="15">the</token>
<token t_id="607" sentence="19" number="16">marketplace</token>
<token t_id="608" sentence="19" number="17">,</token>
<token t_id="609" sentence="19" number="18">said</token>
<token t_id="610" sentence="19" number="19">Ryosuke</token>
<token t_id="611" sentence="19" number="20">Ito</token>
<token t_id="612" sentence="19" number="21">,</token>
<token t_id="613" sentence="19" number="22">Sansui</token>
<token t_id="614" sentence="19" number="23">'s</token>
<token t_id="615" sentence="19" number="24">president</token>
<token t_id="616" sentence="19" number="25">.</token>
<token t_id="617" sentence="20" number="0">But</token>
<token t_id="618" sentence="20" number="1">even</token>
<token t_id="619" sentence="20" number="2">a</token>
<token t_id="620" sentence="20" number="3">Japanese</token>
<token t_id="621" sentence="20" number="4">company</token>
<token t_id="622" sentence="20" number="5">that</token>
<token t_id="623" sentence="20" number="6">looks</token>
<token t_id="624" sentence="20" number="7">like</token>
<token t_id="625" sentence="20" number="8">a</token>
<token t_id="626" sentence="20" number="9">dog</token>
<token t_id="627" sentence="20" number="10">may</token>
<token t_id="628" sentence="20" number="11">turn</token>
<token t_id="629" sentence="20" number="12">out</token>
<token t_id="630" sentence="20" number="13">to</token>
<token t_id="631" sentence="20" number="14">be</token>
<token t_id="632" sentence="20" number="15">a</token>
<token t_id="633" sentence="20" number="16">good</token>
<token t_id="634" sentence="20" number="17">investment</token>
<token t_id="635" sentence="20" number="18">for</token>
<token t_id="636" sentence="20" number="19">a</token>
<token t_id="637" sentence="20" number="20">foreign</token>
<token t_id="638" sentence="20" number="21">concern</token>
<token t_id="639" sentence="20" number="22">,</token>
<token t_id="640" sentence="20" number="23">some</token>
<token t_id="641" sentence="20" number="24">management</token>
<token t_id="642" sentence="20" number="25">consultants</token>
<token t_id="643" sentence="20" number="26">maintain</token>
<token t_id="644" sentence="20" number="27">.</token>
<token t_id="645" sentence="21" number="0">Yoshihisa</token>
<token t_id="646" sentence="21" number="1">Murasawa</token>
<token t_id="647" sentence="21" number="2">,</token>
<token t_id="648" sentence="21" number="3">a</token>
<token t_id="649" sentence="21" number="4">management</token>
<token t_id="650" sentence="21" number="5">consultant</token>
<token t_id="651" sentence="21" number="6">for</token>
<token t_id="652" sentence="21" number="7">Booz</token>
<token t_id="653" sentence="21" number="8">-</token>
<token t_id="654" sentence="21" number="9">Allen</token>
<token t_id="655" sentence="21" number="10">&amp;amp</token>
<token t_id="656" sentence="21" number="11">;</token>
<token t_id="657" sentence="21" number="12">Hamilton</token>
<token t_id="658" sentence="21" number="13">-</token>
<token t_id="659" sentence="21" number="14">LRB</token>
<token t_id="660" sentence="21" number="15">-</token>
<token t_id="661" sentence="21" number="16">Japan</token>
<token t_id="662" sentence="21" number="17">-</token>
<token t_id="663" sentence="21" number="18">RRB</token>
<token t_id="664" sentence="21" number="19">-</token>
<token t_id="665" sentence="21" number="20">Inc</token>
<token t_id="666" sentence="21" number="21">.</token>
<token t_id="667" sentence="21" number="22">,</token>
<token t_id="668" sentence="21" number="23">said</token>
<token t_id="669" sentence="21" number="24">his</token>
<token t_id="670" sentence="21" number="25">firm</token>
<token t_id="671" sentence="21" number="26">will</token>
<token t_id="672" sentence="21" number="27">likely</token>
<token t_id="673" sentence="21" number="28">be</token>
<token t_id="674" sentence="21" number="29">recommending</token>
<token t_id="675" sentence="21" number="30">acquisitions</token>
<token t_id="676" sentence="21" number="31">of</token>
<token t_id="677" sentence="21" number="32">Japanese</token>
<token t_id="678" sentence="21" number="33">companies</token>
<token t_id="679" sentence="21" number="34">more</token>
<token t_id="680" sentence="21" number="35">often</token>
<token t_id="681" sentence="21" number="36">to</token>
<token t_id="682" sentence="21" number="37">foreign</token>
<token t_id="683" sentence="21" number="38">clients</token>
<token t_id="684" sentence="21" number="39">in</token>
<token t_id="685" sentence="21" number="40">the</token>
<token t_id="686" sentence="21" number="41">future</token>
<token t_id="687" sentence="21" number="42">.</token>
<token t_id="688" sentence="22" number="0">``</token>
<token t_id="689" sentence="22" number="1">Attitudes</token>
<token t_id="690" sentence="22" number="2">-</token>
<token t_id="691" sentence="22" number="3">LCB</token>
<token t_id="692" sentence="22" number="4">-</token>
<token t_id="693" sentence="22" number="5">toward</token>
<token t_id="694" sentence="22" number="6">being</token>
<token t_id="695" sentence="22" number="7">acquired</token>
<token t_id="696" sentence="22" number="8">-</token>
<token t_id="697" sentence="22" number="9">RCB</token>
<token t_id="698" sentence="22" number="10">-</token>
<token t_id="699" sentence="22" number="11">are</token>
<token t_id="700" sentence="22" number="12">still</token>
<token t_id="701" sentence="22" number="13">negative</token>
<token t_id="702" sentence="22" number="14">,</token>
<token t_id="703" sentence="22" number="15">but</token>
<token t_id="704" sentence="22" number="16">they</token>
<token t_id="705" sentence="22" number="17">'re</token>
<token t_id="706" sentence="22" number="18">becoming</token>
<token t_id="707" sentence="22" number="19">more</token>
<token t_id="708" sentence="22" number="20">positive</token>
<token t_id="709" sentence="22" number="21">,</token>
<token t_id="710" sentence="22" number="22">''</token>
<token t_id="711" sentence="22" number="23">Mr</token>
<token t_id="712" sentence="22" number="24">.</token>
<token t_id="713" sentence="22" number="25">Murasawa</token>
<token t_id="714" sentence="22" number="26">said</token>
<token t_id="715" sentence="22" number="27">.</token>
<token t_id="716" sentence="23" number="0">``</token>
<token t_id="717" sentence="23" number="1">In</token>
<token t_id="718" sentence="23" number="2">some</token>
<token t_id="719" sentence="23" number="3">industries</token>
<token t_id="720" sentence="23" number="4">,</token>
<token t_id="721" sentence="23" number="5">like</token>
<token t_id="722" sentence="23" number="6">pharmaceuticals</token>
<token t_id="723" sentence="23" number="7">,</token>
<token t_id="724" sentence="23" number="8">acquisitions</token>
<token t_id="725" sentence="23" number="9">make</token>
<token t_id="726" sentence="23" number="10">sense</token>
<token t_id="727" sentence="23" number="11">.</token>
<token t_id="728" sentence="23" number="12">''</token>
<token t_id="729" sentence="24" number="0">Whether</token>
<token t_id="730" sentence="24" number="1">Polly</token>
<token t_id="731" sentence="24" number="2">Peck</token>
<token t_id="732" sentence="24" number="3">'s</token>
<token t_id="733" sentence="24" number="4">acquisition</token>
<token t_id="734" sentence="24" number="5">makes</token>
<token t_id="735" sentence="24" number="6">sense</token>
<token t_id="736" sentence="24" number="7">remains</token>
<token t_id="737" sentence="24" number="8">to</token>
<token t_id="738" sentence="24" number="9">be</token>
<token t_id="739" sentence="24" number="10">seen</token>
<token t_id="740" sentence="24" number="11">,</token>
<token t_id="741" sentence="24" number="12">but</token>
<token t_id="742" sentence="24" number="13">at</token>
<token t_id="743" sentence="24" number="14">the</token>
<token t_id="744" sentence="24" number="15">news</token>
<token t_id="745" sentence="24" number="16">conference</token>
<token t_id="746" sentence="24" number="17">,</token>
<token t_id="747" sentence="24" number="18">Mr</token>
<token t_id="748" sentence="24" number="19">.</token>
<token t_id="749" sentence="24" number="20">Nadir</token>
<token t_id="750" sentence="24" number="21">brimmed</token>
<token t_id="751" sentence="24" number="22">with</token>
<token t_id="752" sentence="24" number="23">self</token>
<token t_id="753" sentence="24" number="24">-</token>
<token t_id="754" sentence="24" number="25">confidence</token>
<token t_id="755" sentence="24" number="26">that</token>
<token t_id="756" sentence="24" number="27">he</token>
<token t_id="757" sentence="24" number="28">can</token>
<token t_id="758" sentence="24" number="29">turn</token>
<token t_id="759" sentence="24" number="30">Sansui</token>
<token t_id="760" sentence="24" number="31">around</token>
<token t_id="761" sentence="24" number="32">.</token>
<token t_id="762" sentence="25" number="0">Sansui</token>
<token t_id="763" sentence="25" number="1">,</token>
<token t_id="764" sentence="25" number="2">he</token>
<token t_id="765" sentence="25" number="3">said</token>
<token t_id="766" sentence="25" number="4">,</token>
<token t_id="767" sentence="25" number="5">is</token>
<token t_id="768" sentence="25" number="6">a</token>
<token t_id="769" sentence="25" number="7">perfect</token>
<token t_id="770" sentence="25" number="8">fit</token>
<token t_id="771" sentence="25" number="9">for</token>
<token t_id="772" sentence="25" number="10">Polly</token>
<token t_id="773" sentence="25" number="11">Peck</token>
<token t_id="774" sentence="25" number="12">'s</token>
<token t_id="775" sentence="25" number="13">electronics</token>
<token t_id="776" sentence="25" number="14">operations</token>
<token t_id="777" sentence="25" number="15">,</token>
<token t_id="778" sentence="25" number="16">which</token>
<token t_id="779" sentence="25" number="17">make</token>
<token t_id="780" sentence="25" number="18">televisions</token>
<token t_id="781" sentence="25" number="19">,</token>
<token t_id="782" sentence="25" number="20">videocassette</token>
<token t_id="783" sentence="25" number="21">recorders</token>
<token t_id="784" sentence="25" number="22">,</token>
<token t_id="785" sentence="25" number="23">microwaves</token>
<token t_id="786" sentence="25" number="24">and</token>
<token t_id="787" sentence="25" number="25">other</token>
<token t_id="788" sentence="25" number="26">products</token>
<token t_id="789" sentence="25" number="27">on</token>
<token t_id="790" sentence="25" number="28">an</token>
<token t_id="791" sentence="25" number="29">``</token>
<token t_id="792" sentence="25" number="30">original</token>
<token t_id="793" sentence="25" number="31">equipment</token>
<token t_id="794" sentence="25" number="32">maker</token>
<token t_id="795" sentence="25" number="33">''</token>
<token t_id="796" sentence="25" number="34">basis</token>
<token t_id="797" sentence="25" number="35">for</token>
<token t_id="798" sentence="25" number="36">sale</token>
<token t_id="799" sentence="25" number="37">under</token>
<token t_id="800" sentence="25" number="38">other</token>
<token t_id="801" sentence="25" number="39">companies</token>
<token t_id="802" sentence="25" number="40">'</token>
<token t_id="803" sentence="25" number="41">brand</token>
<token t_id="804" sentence="25" number="42">names</token>
<token t_id="805" sentence="25" number="43">.</token>
<token t_id="806" sentence="26" number="0">He</token>
<token t_id="807" sentence="26" number="1">said</token>
<token t_id="808" sentence="26" number="2">Polly</token>
<token t_id="809" sentence="26" number="3">Peck</token>
<token t_id="810" sentence="26" number="4">will</token>
<token t_id="811" sentence="26" number="5">greatly</token>
<token t_id="812" sentence="26" number="6">expand</token>
<token t_id="813" sentence="26" number="7">Sansui</token>
<token t_id="814" sentence="26" number="8">'s</token>
<token t_id="815" sentence="26" number="9">product</token>
<token t_id="816" sentence="26" number="10">line</token>
<token t_id="817" sentence="26" number="11">,</token>
<token t_id="818" sentence="26" number="12">using</token>
<token t_id="819" sentence="26" number="13">Sansui</token>
<token t_id="820" sentence="26" number="14">'s</token>
<token t_id="821" sentence="26" number="15">engineers</token>
<token t_id="822" sentence="26" number="16">to</token>
<token t_id="823" sentence="26" number="17">design</token>
<token t_id="824" sentence="26" number="18">the</token>
<token t_id="825" sentence="26" number="19">new</token>
<token t_id="826" sentence="26" number="20">products</token>
<token t_id="827" sentence="26" number="21">,</token>
<token t_id="828" sentence="26" number="22">and</token>
<token t_id="829" sentence="26" number="23">will</token>
<token t_id="830" sentence="26" number="24">move</token>
<token t_id="831" sentence="26" number="25">Sansui</token>
<token t_id="832" sentence="26" number="26">'s</token>
<token t_id="833" sentence="26" number="27">production</token>
<token t_id="834" sentence="26" number="28">of</token>
<token t_id="835" sentence="26" number="29">most</token>
<token t_id="836" sentence="26" number="30">products</token>
<token t_id="837" sentence="26" number="31">other</token>
<token t_id="838" sentence="26" number="32">than</token>
<token t_id="839" sentence="26" number="33">sophisticated</token>
<token t_id="840" sentence="26" number="34">audio</token>
<token t_id="841" sentence="26" number="35">gear</token>
<token t_id="842" sentence="26" number="36">offshore</token>
<token t_id="843" sentence="26" number="37">into</token>
<token t_id="844" sentence="26" number="38">Polly</token>
<token t_id="845" sentence="26" number="39">Peck</token>
<token t_id="846" sentence="26" number="40">'s</token>
<token t_id="847" sentence="26" number="41">own</token>
<token t_id="848" sentence="26" number="42">factories</token>
<token t_id="849" sentence="26" number="43">.</token>
<token t_id="850" sentence="27" number="0">``</token>
<token t_id="851" sentence="27" number="1">Whatever</token>
<token t_id="852" sentence="27" number="2">capital</token>
<token t_id="853" sentence="27" number="3">it</token>
<token t_id="854" sentence="27" number="4">-</token>
<token t_id="855" sentence="27" number="5">LRB</token>
<token t_id="856" sentence="27" number="6">-</token>
<token t_id="857" sentence="27" number="7">Sansui</token>
<token t_id="858" sentence="27" number="8">-</token>
<token t_id="859" sentence="27" number="9">RRB</token>
<token t_id="860" sentence="27" number="10">-</token>
<token t_id="861" sentence="27" number="11">needs</token>
<token t_id="862" sentence="27" number="12">so</token>
<token t_id="863" sentence="27" number="13">it</token>
<token t_id="864" sentence="27" number="14">can</token>
<token t_id="865" sentence="27" number="15">compete</token>
<token t_id="866" sentence="27" number="16">and</token>
<token t_id="867" sentence="27" number="17">become</token>
<token t_id="868" sentence="27" number="18">a</token>
<token t_id="869" sentence="27" number="19">totally</token>
<token t_id="870" sentence="27" number="20">global</token>
<token t_id="871" sentence="27" number="21">entity</token>
<token t_id="872" sentence="27" number="22">capable</token>
<token t_id="873" sentence="27" number="23">of</token>
<token t_id="874" sentence="27" number="24">competing</token>
<token t_id="875" sentence="27" number="25">with</token>
<token t_id="876" sentence="27" number="26">the</token>
<token t_id="877" sentence="27" number="27">best</token>
<token t_id="878" sentence="27" number="28">in</token>
<token t_id="879" sentence="27" number="29">the</token>
<token t_id="880" sentence="27" number="30">world</token>
<token t_id="881" sentence="27" number="31">,</token>
<token t_id="882" sentence="27" number="32">that</token>
<token t_id="883" sentence="27" number="33">capital</token>
<token t_id="884" sentence="27" number="34">will</token>
<token t_id="885" sentence="27" number="35">be</token>
<token t_id="886" sentence="27" number="36">injected</token>
<token t_id="887" sentence="27" number="37">,</token>
<token t_id="888" sentence="27" number="38">''</token>
<token t_id="889" sentence="27" number="39">Mr</token>
<token t_id="890" sentence="27" number="40">.</token>
<token t_id="891" sentence="27" number="41">Nadir</token>
<token t_id="892" sentence="27" number="42">said</token>
<token t_id="893" sentence="27" number="43">.</token>
<token t_id="894" sentence="28" number="0">And</token>
<token t_id="895" sentence="28" number="1">while</token>
<token t_id="896" sentence="28" number="2">Polly</token>
<token t_id="897" sentence="28" number="3">Peck</token>
<token t_id="898" sentence="28" number="4">is</token>
<token t_id="899" sentence="28" number="5">n't</token>
<token t_id="900" sentence="28" number="6">jettisoning</token>
<token t_id="901" sentence="28" number="7">the</token>
<token t_id="902" sentence="28" number="8">existent</token>
<token t_id="903" sentence="28" number="9">top</token>
<token t_id="904" sentence="28" number="10">-</token>
<token t_id="905" sentence="28" number="11">management</token>
<token t_id="906" sentence="28" number="12">structure</token>
<token t_id="907" sentence="28" number="13">of</token>
<token t_id="908" sentence="28" number="14">Sansui</token>
<token t_id="909" sentence="28" number="15">,</token>
<token t_id="910" sentence="28" number="16">it</token>
<token t_id="911" sentence="28" number="17">is</token>
<token t_id="912" sentence="28" number="18">bringing</token>
<token t_id="913" sentence="28" number="19">in</token>
<token t_id="914" sentence="28" number="20">a</token>
<token t_id="915" sentence="28" number="21">former</token>
<token t_id="916" sentence="28" number="22">Toshiba</token>
<token t_id="917" sentence="28" number="23">Corp</token>
<token t_id="918" sentence="28" number="24">.</token>
<token t_id="919" sentence="28" number="25">executive</token>
<token t_id="920" sentence="28" number="26">as</token>
<token t_id="921" sentence="28" number="27">executive</token>
<token t_id="922" sentence="28" number="28">vice</token>
<token t_id="923" sentence="28" number="29">president</token>
<token t_id="924" sentence="28" number="30">and</token>
<token t_id="925" sentence="28" number="31">chief</token>
<token t_id="926" sentence="28" number="32">operating</token>
<token t_id="927" sentence="28" number="33">officer</token>
<token t_id="928" sentence="28" number="34">.</token>
<token t_id="929" sentence="29" number="0">Such</token>
<token t_id="930" sentence="29" number="1">risk</token>
<token t_id="931" sentence="29" number="2">taking</token>
<token t_id="932" sentence="29" number="3">is</token>
<token t_id="933" sentence="29" number="4">an</token>
<token t_id="934" sentence="29" number="5">everyday</token>
<token t_id="935" sentence="29" number="6">matter</token>
<token t_id="936" sentence="29" number="7">for</token>
<token t_id="937" sentence="29" number="8">the</token>
<token t_id="938" sentence="29" number="9">brash</token>
<token t_id="939" sentence="29" number="10">Mr</token>
<token t_id="940" sentence="29" number="11">.</token>
<token t_id="941" sentence="29" number="12">Nadir</token>
<token t_id="942" sentence="29" number="13">,</token>
<token t_id="943" sentence="29" number="14">who</token>
<token t_id="944" sentence="29" number="15">is</token>
<token t_id="945" sentence="29" number="16">25</token>
<token t_id="946" sentence="29" number="17">%</token>
<token t_id="947" sentence="29" number="18">owner</token>
<token t_id="948" sentence="29" number="19">of</token>
<token t_id="949" sentence="29" number="20">Polly</token>
<token t_id="950" sentence="29" number="21">Peck</token>
<token t_id="951" sentence="29" number="22">as</token>
<token t_id="952" sentence="29" number="23">well</token>
<token t_id="953" sentence="29" number="24">as</token>
<token t_id="954" sentence="29" number="25">its</token>
<token t_id="955" sentence="29" number="26">chairman</token>
<token t_id="956" sentence="29" number="27">.</token>
<token t_id="957" sentence="30" number="0">He</token>
<token t_id="958" sentence="30" number="1">took</token>
<token t_id="959" sentence="30" number="2">Polly</token>
<token t_id="960" sentence="30" number="3">Peck</token>
<token t_id="961" sentence="30" number="4">,</token>
<token t_id="962" sentence="30" number="5">once</token>
<token t_id="963" sentence="30" number="6">a</token>
<token t_id="964" sentence="30" number="7">small</token>
<token t_id="965" sentence="30" number="8">fabric</token>
<token t_id="966" sentence="30" number="9">wholesaler</token>
<token t_id="967" sentence="30" number="10">,</token>
<token t_id="968" sentence="30" number="11">and</token>
<token t_id="969" sentence="30" number="12">used</token>
<token t_id="970" sentence="30" number="13">it</token>
<token t_id="971" sentence="30" number="14">at</token>
<token t_id="972" sentence="30" number="15">as</token>
<token t_id="973" sentence="30" number="16">a</token>
<token t_id="974" sentence="30" number="17">base</token>
<token t_id="975" sentence="30" number="18">to</token>
<token t_id="976" sentence="30" number="19">build</token>
<token t_id="977" sentence="30" number="20">a</token>
<token t_id="978" sentence="30" number="21">conglomerate</token>
<token t_id="979" sentence="30" number="22">that</token>
<token t_id="980" sentence="30" number="23">has</token>
<token t_id="981" sentence="30" number="24">been</token>
<token t_id="982" sentence="30" number="25">doubling</token>
<token t_id="983" sentence="30" number="26">its</token>
<token t_id="984" sentence="30" number="27">profits</token>
<token t_id="985" sentence="30" number="28">annually</token>
<token t_id="986" sentence="30" number="29">since</token>
<token t_id="987" sentence="30" number="30">1980</token>
<token t_id="988" sentence="30" number="31">.</token>
<token t_id="989" sentence="31" number="0">In</token>
<token t_id="990" sentence="31" number="1">September</token>
<token t_id="991" sentence="31" number="2">,</token>
<token t_id="992" sentence="31" number="3">it</token>
<token t_id="993" sentence="31" number="4">announced</token>
<token t_id="994" sentence="31" number="5">plans</token>
<token t_id="995" sentence="31" number="6">to</token>
<token t_id="996" sentence="31" number="7">acquire</token>
<token t_id="997" sentence="31" number="8">the</token>
<token t_id="998" sentence="31" number="9">tropical</token>
<token t_id="999" sentence="31" number="10">-</token>
<token t_id="1000" sentence="31" number="11">fruit</token>
<token t_id="1001" sentence="31" number="12">business</token>
<token t_id="1002" sentence="31" number="13">of</token>
<token t_id="1003" sentence="31" number="14">RJR</token>
<token t_id="1004" sentence="31" number="15">Nabisco</token>
<token t_id="1005" sentence="31" number="16">Inc</token>
<token t_id="1006" sentence="31" number="17">.</token>
<token t_id="1007" sentence="31" number="18">'s</token>
<token t_id="1008" sentence="31" number="19">Del</token>
<token t_id="1009" sentence="31" number="20">Monte</token>
<token t_id="1010" sentence="31" number="21">foods</token>
<token t_id="1011" sentence="31" number="22">unit</token>
<token t_id="1012" sentence="31" number="23">for</token>
<token t_id="1013" sentence="31" number="24">#</token>
<token t_id="1014" sentence="31" number="25">557</token>
<token t_id="1015" sentence="31" number="26">million</token>
<token t_id="1016" sentence="31" number="27">-</token>
<token t_id="1017" sentence="31" number="28">LRB</token>
<token t_id="1018" sentence="31" number="29">-</token>
<token t_id="1019" sentence="31" number="30">$</token>
<token t_id="1020" sentence="31" number="31">878</token>
<token t_id="1021" sentence="31" number="32">million</token>
<token t_id="1022" sentence="31" number="33">-</token>
<token t_id="1023" sentence="31" number="34">RRB</token>
<token t_id="1024" sentence="31" number="35">-</token>
<token t_id="1025" sentence="31" number="36">.</token>
<token t_id="1026" sentence="32" number="0">Last</token>
<token t_id="1027" sentence="32" number="1">month</token>
<token t_id="1028" sentence="32" number="2">,</token>
<token t_id="1029" sentence="32" number="3">Polly</token>
<token t_id="1030" sentence="32" number="4">Peck</token>
<token t_id="1031" sentence="32" number="5">posted</token>
<token t_id="1032" sentence="32" number="6">a</token>
<token t_id="1033" sentence="32" number="7">38</token>
<token t_id="1034" sentence="32" number="8">%</token>
<token t_id="1035" sentence="32" number="9">jump</token>
<token t_id="1036" sentence="32" number="10">in</token>
<token t_id="1037" sentence="32" number="11">pretax</token>
<token t_id="1038" sentence="32" number="12">profit</token>
<token t_id="1039" sentence="32" number="13">for</token>
<token t_id="1040" sentence="32" number="14">the</token>
<token t_id="1041" sentence="32" number="15">first</token>
<token t_id="1042" sentence="32" number="16">half</token>
<token t_id="1043" sentence="32" number="17">to</token>
<token t_id="1044" sentence="32" number="18">#</token>
<token t_id="1045" sentence="32" number="19">54</token>
<token t_id="1046" sentence="32" number="20">.</token>
<token t_id="1047" sentence="32" number="21">8</token>
<token t_id="1048" sentence="32" number="22">million</token>
<token t_id="1049" sentence="32" number="23">from</token>
<token t_id="1050" sentence="32" number="24">#</token>
<token t_id="1051" sentence="32" number="25">39</token>
<token t_id="1052" sentence="32" number="26">.</token>
<token t_id="1053" sentence="32" number="27">8</token>
<token t_id="1054" sentence="32" number="28">million</token>
<token t_id="1055" sentence="32" number="29">on</token>
<token t_id="1056" sentence="32" number="30">a</token>
<token t_id="1057" sentence="32" number="31">63</token>
<token t_id="1058" sentence="32" number="32">%</token>
<token t_id="1059" sentence="32" number="33">rise</token>
<token t_id="1060" sentence="32" number="34">in</token>
<token t_id="1061" sentence="32" number="35">sales</token>
<token t_id="1062" sentence="32" number="36">.</token>
<token t_id="1063" sentence="33" number="0">Joann</token>
<token t_id="1064" sentence="33" number="1">S</token>
<token t_id="1065" sentence="33" number="2">.</token>
<token t_id="1066" sentence="33" number="3">Lublin</token>
<token t_id="1067" sentence="33" number="4">in</token>
<token t_id="1068" sentence="33" number="5">London</token>
<token t_id="1069" sentence="33" number="6">contributed</token>
<token t_id="1070" sentence="33" number="7">to</token>
<token t_id="1071" sentence="33" number="8">this</token>
<token t_id="1072" sentence="33" number="9">article</token>
<token t_id="1073" sentence="33" number="10">.</token>


<Markables>
<ATTRIBUTION m_id="45" quote="true"  >
<token_anchor t_id="640"/>
<token_anchor t_id="641"/>
<token_anchor t_id="642"/>
<token_anchor t_id="643"/>
</ATTRIBUTION>
<ATTRIBUTION m_id="46" quote="true"  >
<token_anchor t_id="645"/>
<token_anchor t_id="646"/>
<token_anchor t_id="647"/>
<token_anchor t_id="648"/>
<token_anchor t_id="649"/>
<token_anchor t_id="650"/>
<token_anchor t_id="651"/>
<token_anchor t_id="652"/>
<token_anchor t_id="653"/>
<token_anchor t_id="654"/>
<token_anchor t_id="655"/>
<token_anchor t_id="656"/>
<token_anchor t_id="657"/>
<token_anchor t_id="658"/>
<token_anchor t_id="659"/>
<token_anchor t_id="660"/>
<token_anchor t_id="661"/>
<token_anchor t_id="662"/>
<token_anchor t_id="663"/>
<token_anchor t_id="664"/>
<token_anchor t_id="665"/>
<token_anchor t_id="666"/>
<token_anchor t_id="667"/>
<token_anchor t_id="668"/>
</ATTRIBUTION>
<ATTRIBUTION m_id="47" quote="true"  >
<token_anchor t_id="711"/>
<token_anchor t_id="712"/>
<token_anchor t_id="713"/>
<token_anchor t_id="714"/>
</ATTRIBUTION>
<ATTRIBUTION m_id="16" quote="true"  >
<token_anchor t_id="228"/>
<token_anchor t_id="229"/>
<token_anchor t_id="230"/>
<token_anchor t_id="231"/>
<token_anchor t_id="232"/>
<token_anchor t_id="233"/>
<token_anchor t_id="234"/>
<token_anchor t_id="235"/>
<token_anchor t_id="236"/>
<token_anchor t_id="237"/>
<token_anchor t_id="238"/>
<token_anchor t_id="239"/>
<token_anchor t_id="240"/>
<token_anchor t_id="241"/>
<token_anchor t_id="242"/>
<token_anchor t_id="243"/>
</ATTRIBUTION>
<ATTRIBUTION m_id="81" quote="false"  >
<token_anchor t_id="1063"/>
<token_anchor t_id="1064"/>
<token_anchor t_id="1065"/>
<token_anchor t_id="1066"/>
<token_anchor t_id="1067"/>
<token_anchor t_id="1068"/>
<token_anchor t_id="1069"/>
<token_anchor t_id="1070"/>
<token_anchor t_id="1071"/>
<token_anchor t_id="1072"/>
</ATTRIBUTION>
<ATTRIBUTION m_id="22" quote="false"  >
<token_anchor t_id="309"/>
<token_anchor t_id="310"/>
<token_anchor t_id="311"/>
<token_anchor t_id="312"/>
<token_anchor t_id="313"/>
<token_anchor t_id="314"/>
<token_anchor t_id="315"/>
</ATTRIBUTION>
<ATTRIBUTION m_id="58" quote="false"  >
<token_anchor t_id="741"/>
<token_anchor t_id="742"/>
<token_anchor t_id="743"/>
<token_anchor t_id="744"/>
<token_anchor t_id="745"/>
<token_anchor t_id="746"/>
<token_anchor t_id="747"/>
<token_anchor t_id="748"/>
<token_anchor t_id="749"/>
<token_anchor t_id="750"/>
<token_anchor t_id="751"/>
<token_anchor t_id="752"/>
<token_anchor t_id="753"/>
<token_anchor t_id="754"/>
</ATTRIBUTION>
<ATTRIBUTION m_id="59" quote="true"  >
<token_anchor t_id="764"/>
<token_anchor t_id="765"/>
</ATTRIBUTION>
<ATTRIBUTION m_id="62" quote="true"  >
<token_anchor t_id="806"/>
<token_anchor t_id="807"/>
</ATTRIBUTION>
<ATTRIBUTION m_id="67" quote="true"  >
<token_anchor t_id="889"/>
<token_anchor t_id="890"/>
<token_anchor t_id="891"/>
<token_anchor t_id="892"/>
</ATTRIBUTION>
<ATTRIBUTION m_id="7" quote="true"  >
<token_anchor t_id="164"/>
<token_anchor t_id="165"/>
<token_anchor t_id="166"/>
<token_anchor t_id="167"/>
</ATTRIBUTION>
<ATTRIBUTION m_id="9" quote="true"  >
<token_anchor t_id="169"/>
<token_anchor t_id="170"/>
<token_anchor t_id="171"/>
</ATTRIBUTION>
<ATTRIBUTION m_id="11" quote="false"  >
<token_anchor t_id="178"/>
<token_anchor t_id="179"/>
</ATTRIBUTION>
<ATTRIBUTION m_id="44" quote="true"  >
<token_anchor t_id="609"/>
<token_anchor t_id="610"/>
<token_anchor t_id="611"/>
<token_anchor t_id="612"/>
<token_anchor t_id="613"/>
<token_anchor t_id="614"/>
<token_anchor t_id="615"/>
</ATTRIBUTION>
<BACKGROUND m_id="77" previous-episodes="false"  >
<token_anchor t_id="975"/>
<token_anchor t_id="976"/>
<token_anchor t_id="977"/>
<token_anchor t_id="978"/>
<token_anchor t_id="979"/>
<token_anchor t_id="980"/>
<token_anchor t_id="981"/>
<token_anchor t_id="982"/>
<token_anchor t_id="983"/>
<token_anchor t_id="984"/>
<token_anchor t_id="985"/>
<token_anchor t_id="986"/>
<token_anchor t_id="987"/>
</BACKGROUND>
<BACKGROUND m_id="78" previous-episodes="false"  >
<token_anchor t_id="989"/>
<token_anchor t_id="990"/>
<token_anchor t_id="991"/>
<token_anchor t_id="992"/>
<token_anchor t_id="993"/>
<token_anchor t_id="994"/>
</BACKGROUND>
<BACKGROUND m_id="79" previous-episodes="false"  >
<token_anchor t_id="995"/>
<token_anchor t_id="996"/>
<token_anchor t_id="997"/>
<token_anchor t_id="998"/>
<token_anchor t_id="999"/>
<token_anchor t_id="1000"/>
<token_anchor t_id="1001"/>
<token_anchor t_id="1002"/>
<token_anchor t_id="1003"/>
<token_anchor t_id="1004"/>
<token_anchor t_id="1005"/>
<token_anchor t_id="1006"/>
<token_anchor t_id="1007"/>
<token_anchor t_id="1008"/>
<token_anchor t_id="1009"/>
<token_anchor t_id="1010"/>
<token_anchor t_id="1011"/>
<token_anchor t_id="1012"/>
<token_anchor t_id="1013"/>
<token_anchor t_id="1014"/>
<token_anchor t_id="1015"/>
<token_anchor t_id="1016"/>
<token_anchor t_id="1017"/>
<token_anchor t_id="1018"/>
<token_anchor t_id="1019"/>
<token_anchor t_id="1020"/>
<token_anchor t_id="1021"/>
<token_anchor t_id="1022"/>
<token_anchor t_id="1023"/>
</BACKGROUND>
<BACKGROUND m_id="80" previous-episodes="false"  >
<token_anchor t_id="1026"/>
<token_anchor t_id="1027"/>
<token_anchor t_id="1028"/>
<token_anchor t_id="1029"/>
<token_anchor t_id="1030"/>
<token_anchor t_id="1031"/>
<token_anchor t_id="1032"/>
<token_anchor t_id="1033"/>
<token_anchor t_id="1034"/>
<token_anchor t_id="1035"/>
<token_anchor t_id="1036"/>
<token_anchor t_id="1037"/>
<token_anchor t_id="1038"/>
<token_anchor t_id="1039"/>
<token_anchor t_id="1040"/>
<token_anchor t_id="1041"/>
<token_anchor t_id="1042"/>
<token_anchor t_id="1043"/>
<token_anchor t_id="1044"/>
<token_anchor t_id="1045"/>
<token_anchor t_id="1046"/>
<token_anchor t_id="1047"/>
<token_anchor t_id="1048"/>
<token_anchor t_id="1049"/>
<token_anchor t_id="1050"/>
<token_anchor t_id="1051"/>
<token_anchor t_id="1052"/>
<token_anchor t_id="1053"/>
<token_anchor t_id="1054"/>
<token_anchor t_id="1055"/>
<token_anchor t_id="1056"/>
<token_anchor t_id="1057"/>
<token_anchor t_id="1058"/>
<token_anchor t_id="1059"/>
<token_anchor t_id="1060"/>
<token_anchor t_id="1061"/>
</BACKGROUND>
<BACKGROUND m_id="20" previous-episodes="false"  >
<token_anchor t_id="281"/>
<token_anchor t_id="282"/>
<token_anchor t_id="283"/>
<token_anchor t_id="284"/>
<token_anchor t_id="285"/>
<token_anchor t_id="286"/>
<token_anchor t_id="287"/>
<token_anchor t_id="288"/>
<token_anchor t_id="289"/>
<token_anchor t_id="290"/>
<token_anchor t_id="291"/>
<token_anchor t_id="292"/>
<token_anchor t_id="293"/>
<token_anchor t_id="294"/>
<token_anchor t_id="295"/>
<token_anchor t_id="296"/>
<token_anchor t_id="297"/>
</BACKGROUND>
<BACKGROUND m_id="21" previous-episodes="false"  >
<token_anchor t_id="299"/>
<token_anchor t_id="300"/>
<token_anchor t_id="301"/>
<token_anchor t_id="302"/>
<token_anchor t_id="303"/>
<token_anchor t_id="304"/>
<token_anchor t_id="305"/>
<token_anchor t_id="306"/>
<token_anchor t_id="307"/>
</BACKGROUND>
<BACKGROUND m_id="85" previous-episodes="false"  >
<token_anchor t_id="141"/>
<token_anchor t_id="142"/>
<token_anchor t_id="143"/>
<token_anchor t_id="144"/>
<token_anchor t_id="145"/>
<token_anchor t_id="146"/>
<token_anchor t_id="147"/>
<token_anchor t_id="148"/>
<token_anchor t_id="149"/>
<token_anchor t_id="150"/>
<token_anchor t_id="151"/>
<token_anchor t_id="152"/>
<token_anchor t_id="157"/>
<token_anchor t_id="158"/>
<token_anchor t_id="159"/>
<token_anchor t_id="160"/>
<token_anchor t_id="161"/>
</BACKGROUND>
<BACKGROUND m_id="86" previous-episodes="false"  >
<token_anchor t_id="408"/>
<token_anchor t_id="409"/>
<token_anchor t_id="410"/>
<token_anchor t_id="411"/>
<token_anchor t_id="412"/>
<token_anchor t_id="413"/>
<token_anchor t_id="414"/>
<token_anchor t_id="415"/>
<token_anchor t_id="416"/>
<token_anchor t_id="417"/>
<token_anchor t_id="418"/>
<token_anchor t_id="419"/>
<token_anchor t_id="420"/>
<token_anchor t_id="421"/>
<token_anchor t_id="422"/>
<token_anchor t_id="423"/>
<token_anchor t_id="424"/>
<token_anchor t_id="425"/>
<token_anchor t_id="426"/>
</BACKGROUND>
<BACKGROUND m_id="28" previous-episodes="false"  >
<token_anchor t_id="381"/>
<token_anchor t_id="382"/>
<token_anchor t_id="383"/>
<token_anchor t_id="384"/>
<token_anchor t_id="385"/>
<token_anchor t_id="386"/>
<token_anchor t_id="387"/>
<token_anchor t_id="388"/>
<token_anchor t_id="389"/>
<token_anchor t_id="390"/>
<token_anchor t_id="391"/>
<token_anchor t_id="392"/>
<token_anchor t_id="393"/>
<token_anchor t_id="394"/>
<token_anchor t_id="395"/>
<token_anchor t_id="396"/>
<token_anchor t_id="397"/>
</BACKGROUND>
<BACKGROUND m_id="30" previous-episodes="true"  >
<token_anchor t_id="428"/>
<token_anchor t_id="429"/>
<token_anchor t_id="430"/>
<token_anchor t_id="431"/>
<token_anchor t_id="432"/>
<token_anchor t_id="433"/>
<token_anchor t_id="434"/>
<token_anchor t_id="435"/>
<token_anchor t_id="436"/>
<token_anchor t_id="437"/>
<token_anchor t_id="438"/>
<token_anchor t_id="439"/>
<token_anchor t_id="440"/>
<token_anchor t_id="441"/>
<token_anchor t_id="442"/>
<token_anchor t_id="443"/>
<token_anchor t_id="444"/>
<token_anchor t_id="445"/>
<token_anchor t_id="446"/>
<token_anchor t_id="447"/>
<token_anchor t_id="448"/>
<token_anchor t_id="449"/>
<token_anchor t_id="450"/>
<token_anchor t_id="451"/>
<token_anchor t_id="452"/>
<token_anchor t_id="453"/>
<token_anchor t_id="454"/>
<token_anchor t_id="455"/>
<token_anchor t_id="456"/>
<token_anchor t_id="457"/>
<token_anchor t_id="458"/>
<token_anchor t_id="459"/>
<token_anchor t_id="460"/>
<token_anchor t_id="461"/>
<token_anchor t_id="462"/>
</BACKGROUND>
<BACKGROUND m_id="31" previous-episodes="true"  >
<token_anchor t_id="464"/>
<token_anchor t_id="465"/>
<token_anchor t_id="466"/>
<token_anchor t_id="467"/>
<token_anchor t_id="468"/>
<token_anchor t_id="469"/>
<token_anchor t_id="470"/>
<token_anchor t_id="471"/>
<token_anchor t_id="472"/>
<token_anchor t_id="473"/>
<token_anchor t_id="474"/>
<token_anchor t_id="475"/>
<token_anchor t_id="476"/>
<token_anchor t_id="477"/>
<token_anchor t_id="478"/>
<token_anchor t_id="479"/>
<token_anchor t_id="480"/>
<token_anchor t_id="481"/>
<token_anchor t_id="482"/>
<token_anchor t_id="483"/>
<token_anchor t_id="484"/>
<token_anchor t_id="485"/>
<token_anchor t_id="486"/>
<token_anchor t_id="487"/>
<token_anchor t_id="488"/>
</BACKGROUND>
<BACKGROUND m_id="32" previous-episodes="true"  >
<token_anchor t_id="489"/>
<token_anchor t_id="490"/>
<token_anchor t_id="491"/>
<token_anchor t_id="492"/>
<token_anchor t_id="493"/>
<token_anchor t_id="494"/>
<token_anchor t_id="495"/>
<token_anchor t_id="496"/>
<token_anchor t_id="497"/>
<token_anchor t_id="498"/>
<token_anchor t_id="499"/>
</BACKGROUND>
<BACKGROUND m_id="33" previous-episodes="true"  >
<token_anchor t_id="501"/>
<token_anchor t_id="502"/>
<token_anchor t_id="503"/>
<token_anchor t_id="504"/>
<token_anchor t_id="505"/>
<token_anchor t_id="506"/>
<token_anchor t_id="507"/>
<token_anchor t_id="508"/>
<token_anchor t_id="509"/>
</BACKGROUND>
<BACKGROUND m_id="34" previous-episodes="true"  >
<token_anchor t_id="510"/>
<token_anchor t_id="511"/>
<token_anchor t_id="512"/>
<token_anchor t_id="513"/>
<token_anchor t_id="514"/>
<token_anchor t_id="515"/>
<token_anchor t_id="516"/>
<token_anchor t_id="517"/>
<token_anchor t_id="518"/>
<token_anchor t_id="519"/>
<token_anchor t_id="520"/>
<token_anchor t_id="521"/>
<token_anchor t_id="522"/>
<token_anchor t_id="523"/>
<token_anchor t_id="524"/>
<token_anchor t_id="525"/>
<token_anchor t_id="526"/>
</BACKGROUND>
<BACKGROUND m_id="35" previous-episodes="true"  >
<token_anchor t_id="528"/>
<token_anchor t_id="529"/>
<token_anchor t_id="530"/>
<token_anchor t_id="531"/>
<token_anchor t_id="532"/>
<token_anchor t_id="533"/>
<token_anchor t_id="534"/>
<token_anchor t_id="535"/>
<token_anchor t_id="536"/>
</BACKGROUND>
<BACKGROUND m_id="36" previous-episodes="true"  >
<token_anchor t_id="537"/>
<token_anchor t_id="538"/>
</BACKGROUND>
<BACKGROUND m_id="37" previous-episodes="true"  >
<token_anchor t_id="539"/>
<token_anchor t_id="540"/>
<token_anchor t_id="541"/>
<token_anchor t_id="542"/>
<token_anchor t_id="543"/>
<token_anchor t_id="544"/>
</BACKGROUND>
<BACKGROUND m_id="38" previous-episodes="true"  >
<token_anchor t_id="546"/>
<token_anchor t_id="547"/>
<token_anchor t_id="548"/>
<token_anchor t_id="549"/>
<token_anchor t_id="550"/>
<token_anchor t_id="551"/>
<token_anchor t_id="552"/>
</BACKGROUND>
<BACKGROUND m_id="6" previous-episodes="false"  >
<token_anchor t_id="135"/>
<token_anchor t_id="136"/>
<token_anchor t_id="137"/>
<token_anchor t_id="138"/>
</BACKGROUND>
<BACKGROUND m_id="39" previous-episodes="true"  >
<token_anchor t_id="554"/>
<token_anchor t_id="555"/>
<token_anchor t_id="556"/>
<token_anchor t_id="557"/>
<token_anchor t_id="558"/>
<token_anchor t_id="559"/>
<token_anchor t_id="560"/>
<token_anchor t_id="561"/>
<token_anchor t_id="562"/>
</BACKGROUND>
<BACKGROUND m_id="40" previous-episodes="false"  >
<token_anchor t_id="564"/>
<token_anchor t_id="565"/>
<token_anchor t_id="566"/>
<token_anchor t_id="567"/>
<token_anchor t_id="568"/>
<token_anchor t_id="569"/>
<token_anchor t_id="570"/>
<token_anchor t_id="571"/>
<token_anchor t_id="572"/>
<token_anchor t_id="573"/>
<token_anchor t_id="574"/>
<token_anchor t_id="575"/>
<token_anchor t_id="576"/>
<token_anchor t_id="577"/>
</BACKGROUND>
<BACKGROUND m_id="41" previous-episodes="false"  >
<token_anchor t_id="579"/>
<token_anchor t_id="580"/>
<token_anchor t_id="581"/>
<token_anchor t_id="582"/>
<token_anchor t_id="583"/>
<token_anchor t_id="584"/>
<token_anchor t_id="585"/>
<token_anchor t_id="586"/>
<token_anchor t_id="587"/>
<token_anchor t_id="588"/>
<token_anchor t_id="589"/>
</BACKGROUND>
<BACKGROUND m_id="42" previous-episodes="false"  >
<token_anchor t_id="592"/>
<token_anchor t_id="593"/>
<token_anchor t_id="594"/>
<token_anchor t_id="595"/>
<token_anchor t_id="596"/>
<token_anchor t_id="597"/>
</BACKGROUND>
<BACKGROUND m_id="43" previous-episodes="false"  >
<token_anchor t_id="598"/>
<token_anchor t_id="599"/>
<token_anchor t_id="600"/>
<token_anchor t_id="601"/>
<token_anchor t_id="602"/>
<token_anchor t_id="603"/>
<token_anchor t_id="604"/>
<token_anchor t_id="605"/>
<token_anchor t_id="606"/>
<token_anchor t_id="607"/>
</BACKGROUND>
<BACKGROUND m_id="75" previous-episodes="false"  >
<token_anchor t_id="957"/>
<token_anchor t_id="958"/>
<token_anchor t_id="959"/>
<token_anchor t_id="960"/>
<token_anchor t_id="961"/>
<token_anchor t_id="962"/>
<token_anchor t_id="963"/>
<token_anchor t_id="964"/>
<token_anchor t_id="965"/>
<token_anchor t_id="966"/>
</BACKGROUND>
<BACKGROUND m_id="76" previous-episodes="false"  >
<token_anchor t_id="968"/>
<token_anchor t_id="969"/>
<token_anchor t_id="970"/>
<token_anchor t_id="971"/>
<token_anchor t_id="972"/>
<token_anchor t_id="973"/>
<token_anchor t_id="974"/>
</BACKGROUND>
<DESCRIPTION m_id="17" context="false"  >
<token_anchor t_id="245"/>
<token_anchor t_id="246"/>
<token_anchor t_id="247"/>
<token_anchor t_id="248"/>
<token_anchor t_id="249"/>
<token_anchor t_id="250"/>
<token_anchor t_id="251"/>
<token_anchor t_id="252"/>
</DESCRIPTION>
<DESCRIPTION m_id="18" context="true"  >
<token_anchor t_id="258"/>
<token_anchor t_id="259"/>
<token_anchor t_id="260"/>
<token_anchor t_id="261"/>
<token_anchor t_id="262"/>
<token_anchor t_id="263"/>
<token_anchor t_id="264"/>
<token_anchor t_id="265"/>
<token_anchor t_id="266"/>
<token_anchor t_id="267"/>
</DESCRIPTION>
<DESCRIPTION m_id="19" context="false"  >
<token_anchor t_id="254"/>
<token_anchor t_id="255"/>
<token_anchor t_id="256"/>
<token_anchor t_id="269"/>
<token_anchor t_id="270"/>
<token_anchor t_id="271"/>
<token_anchor t_id="272"/>
<token_anchor t_id="273"/>
<token_anchor t_id="274"/>
<token_anchor t_id="275"/>
<token_anchor t_id="276"/>
<token_anchor t_id="277"/>
<token_anchor t_id="278"/>
<token_anchor t_id="279"/>
</DESCRIPTION>
<DESCRIPTION m_id="27" context="false"  >
<token_anchor t_id="365"/>
<token_anchor t_id="366"/>
<token_anchor t_id="367"/>
<token_anchor t_id="368"/>
<token_anchor t_id="369"/>
<token_anchor t_id="370"/>
<token_anchor t_id="371"/>
<token_anchor t_id="372"/>
<token_anchor t_id="373"/>
</DESCRIPTION>
<DESCRIPTION m_id="29" context="false"  >
<token_anchor t_id="375"/>
<token_anchor t_id="376"/>
<token_anchor t_id="377"/>
<token_anchor t_id="378"/>
<token_anchor t_id="379"/>
</DESCRIPTION>
<DESCRIPTION m_id="61" context="true"  >
<token_anchor t_id="778"/>
<token_anchor t_id="779"/>
<token_anchor t_id="780"/>
<token_anchor t_id="781"/>
<token_anchor t_id="782"/>
<token_anchor t_id="783"/>
<token_anchor t_id="784"/>
<token_anchor t_id="785"/>
<token_anchor t_id="786"/>
<token_anchor t_id="787"/>
<token_anchor t_id="788"/>
<token_anchor t_id="789"/>
<token_anchor t_id="790"/>
<token_anchor t_id="791"/>
<token_anchor t_id="792"/>
<token_anchor t_id="793"/>
<token_anchor t_id="794"/>
<token_anchor t_id="795"/>
<token_anchor t_id="796"/>
<token_anchor t_id="797"/>
<token_anchor t_id="798"/>
<token_anchor t_id="799"/>
<token_anchor t_id="800"/>
<token_anchor t_id="801"/>
<token_anchor t_id="802"/>
<token_anchor t_id="803"/>
<token_anchor t_id="804"/>
</DESCRIPTION>
<DESCRIPTION m_id="74" context="true"  >
<token_anchor t_id="943"/>
<token_anchor t_id="944"/>
<token_anchor t_id="945"/>
<token_anchor t_id="946"/>
<token_anchor t_id="947"/>
<token_anchor t_id="948"/>
<token_anchor t_id="949"/>
<token_anchor t_id="950"/>
<token_anchor t_id="951"/>
<token_anchor t_id="952"/>
<token_anchor t_id="953"/>
<token_anchor t_id="954"/>
<token_anchor t_id="955"/>
</DESCRIPTION>
<EVALUATION m_id="13"  >
<token_anchor t_id="195"/>
<token_anchor t_id="196"/>
<token_anchor t_id="197"/>
<token_anchor t_id="198"/>
<token_anchor t_id="199"/>
<token_anchor t_id="200"/>
<token_anchor t_id="201"/>
<token_anchor t_id="202"/>
<token_anchor t_id="203"/>
<token_anchor t_id="204"/>
<token_anchor t_id="205"/>
<token_anchor t_id="206"/>
<token_anchor t_id="207"/>
<token_anchor t_id="208"/>
</EVALUATION>
<EVALUATION m_id="14"  >
<token_anchor t_id="211"/>
<token_anchor t_id="212"/>
<token_anchor t_id="213"/>
<token_anchor t_id="214"/>
<token_anchor t_id="215"/>
<token_anchor t_id="216"/>
<token_anchor t_id="217"/>
<token_anchor t_id="218"/>
<token_anchor t_id="219"/>
</EVALUATION>
<EVALUATION m_id="15"  >
<token_anchor t_id="221"/>
<token_anchor t_id="222"/>
<token_anchor t_id="223"/>
<token_anchor t_id="224"/>
<token_anchor t_id="225"/>
</EVALUATION>
<EVALUATION m_id="51"  >
<token_anchor t_id="689"/>
<token_anchor t_id="690"/>
<token_anchor t_id="691"/>
<token_anchor t_id="692"/>
<token_anchor t_id="693"/>
<token_anchor t_id="694"/>
<token_anchor t_id="695"/>
<token_anchor t_id="696"/>
<token_anchor t_id="697"/>
<token_anchor t_id="698"/>
<token_anchor t_id="699"/>
<token_anchor t_id="700"/>
<token_anchor t_id="701"/>
</EVALUATION>
<EVALUATION m_id="52"  >
<token_anchor t_id="703"/>
<token_anchor t_id="704"/>
<token_anchor t_id="705"/>
<token_anchor t_id="706"/>
<token_anchor t_id="707"/>
<token_anchor t_id="708"/>
</EVALUATION>
<EVALUATION m_id="53"  >
<token_anchor t_id="717"/>
<token_anchor t_id="718"/>
<token_anchor t_id="719"/>
<token_anchor t_id="720"/>
<token_anchor t_id="721"/>
<token_anchor t_id="722"/>
<token_anchor t_id="723"/>
<token_anchor t_id="724"/>
<token_anchor t_id="725"/>
<token_anchor t_id="726"/>
</EVALUATION>
<EVALUATION m_id="55"  >
<token_anchor t_id="729"/>
<token_anchor t_id="730"/>
<token_anchor t_id="731"/>
<token_anchor t_id="732"/>
<token_anchor t_id="733"/>
<token_anchor t_id="734"/>
<token_anchor t_id="735"/>
</EVALUATION>
<EVALUATION m_id="24"  >
<token_anchor t_id="326"/>
<token_anchor t_id="327"/>
<token_anchor t_id="328"/>
<token_anchor t_id="329"/>
<token_anchor t_id="330"/>
<token_anchor t_id="331"/>
<token_anchor t_id="332"/>
<token_anchor t_id="333"/>
<token_anchor t_id="334"/>
<token_anchor t_id="335"/>
<token_anchor t_id="336"/>
<token_anchor t_id="337"/>
<token_anchor t_id="338"/>
<token_anchor t_id="339"/>
<token_anchor t_id="340"/>
<token_anchor t_id="341"/>
</EVALUATION>
<EVALUATION m_id="56"  >
<token_anchor t_id="736"/>
</EVALUATION>
<EVALUATION m_id="25"  >
<token_anchor t_id="343"/>
<token_anchor t_id="344"/>
<token_anchor t_id="345"/>
<token_anchor t_id="346"/>
<token_anchor t_id="347"/>
<token_anchor t_id="348"/>
<token_anchor t_id="349"/>
<token_anchor t_id="350"/>
<token_anchor t_id="351"/>
<token_anchor t_id="352"/>
<token_anchor t_id="353"/>
<token_anchor t_id="354"/>
<token_anchor t_id="355"/>
<token_anchor t_id="356"/>
<token_anchor t_id="357"/>
<token_anchor t_id="358"/>
<token_anchor t_id="359"/>
<token_anchor t_id="360"/>
<token_anchor t_id="361"/>
<token_anchor t_id="362"/>
<token_anchor t_id="363"/>
</EVALUATION>
<EVALUATION m_id="57"  >
<token_anchor t_id="737"/>
<token_anchor t_id="738"/>
<token_anchor t_id="739"/>
</EVALUATION>
<EVALUATION m_id="26"  >
<token_anchor t_id="398"/>
<token_anchor t_id="399"/>
<token_anchor t_id="400"/>
<token_anchor t_id="401"/>
<token_anchor t_id="402"/>
<token_anchor t_id="403"/>
<token_anchor t_id="404"/>
<token_anchor t_id="405"/>
<token_anchor t_id="406"/>
</EVALUATION>
<EVALUATION m_id="60"  >
<token_anchor t_id="762"/>
<token_anchor t_id="767"/>
<token_anchor t_id="768"/>
<token_anchor t_id="769"/>
<token_anchor t_id="770"/>
<token_anchor t_id="771"/>
<token_anchor t_id="772"/>
<token_anchor t_id="773"/>
<token_anchor t_id="774"/>
<token_anchor t_id="775"/>
<token_anchor t_id="776"/>
</EVALUATION>
<EVALUATION m_id="3"  >
<token_anchor t_id="95"/>
<token_anchor t_id="96"/>
<token_anchor t_id="97"/>
<token_anchor t_id="98"/>
<token_anchor t_id="99"/>
<token_anchor t_id="100"/>
<token_anchor t_id="101"/>
<token_anchor t_id="102"/>
<token_anchor t_id="103"/>
</EVALUATION>
<EVALUATION m_id="8"  >
<token_anchor t_id="154"/>
<token_anchor t_id="155"/>
</EVALUATION>
<EVALUATION m_id="73"  >
<token_anchor t_id="929"/>
<token_anchor t_id="930"/>
<token_anchor t_id="931"/>
<token_anchor t_id="932"/>
<token_anchor t_id="933"/>
<token_anchor t_id="934"/>
<token_anchor t_id="935"/>
<token_anchor t_id="936"/>
<token_anchor t_id="937"/>
<token_anchor t_id="938"/>
<token_anchor t_id="939"/>
<token_anchor t_id="940"/>
<token_anchor t_id="941"/>
</EVALUATION>
<EVALUATION m_id="10"  >
<token_anchor t_id="172"/>
<token_anchor t_id="173"/>
<token_anchor t_id="174"/>
<token_anchor t_id="175"/>
<token_anchor t_id="176"/>
</EVALUATION>
<EXPECTATION m_id="48"  >
<token_anchor t_id="617"/>
<token_anchor t_id="618"/>
<token_anchor t_id="619"/>
<token_anchor t_id="620"/>
<token_anchor t_id="621"/>
<token_anchor t_id="622"/>
<token_anchor t_id="623"/>
<token_anchor t_id="624"/>
<token_anchor t_id="625"/>
<token_anchor t_id="626"/>
<token_anchor t_id="627"/>
<token_anchor t_id="628"/>
<token_anchor t_id="629"/>
</EXPECTATION>
<EXPECTATION m_id="49"  >
<token_anchor t_id="630"/>
<token_anchor t_id="631"/>
<token_anchor t_id="632"/>
<token_anchor t_id="633"/>
<token_anchor t_id="634"/>
<token_anchor t_id="635"/>
<token_anchor t_id="636"/>
<token_anchor t_id="637"/>
<token_anchor t_id="638"/>
</EXPECTATION>
<EXPECTATION m_id="50"  >
<token_anchor t_id="669"/>
<token_anchor t_id="670"/>
<token_anchor t_id="671"/>
<token_anchor t_id="672"/>
<token_anchor t_id="673"/>
<token_anchor t_id="674"/>
<token_anchor t_id="675"/>
<token_anchor t_id="676"/>
<token_anchor t_id="677"/>
<token_anchor t_id="678"/>
<token_anchor t_id="679"/>
<token_anchor t_id="680"/>
<token_anchor t_id="681"/>
<token_anchor t_id="682"/>
<token_anchor t_id="683"/>
<token_anchor t_id="684"/>
<token_anchor t_id="685"/>
<token_anchor t_id="686"/>
</EXPECTATION>
<EXPECTATION m_id="54"  >
<token_anchor t_id="755"/>
<token_anchor t_id="756"/>
<token_anchor t_id="757"/>
<token_anchor t_id="758"/>
<token_anchor t_id="759"/>
<token_anchor t_id="760"/>
</EXPECTATION>
<EXPECTATION m_id="23"  >
<token_anchor t_id="316"/>
<token_anchor t_id="317"/>
<token_anchor t_id="318"/>
<token_anchor t_id="319"/>
<token_anchor t_id="320"/>
<token_anchor t_id="321"/>
<token_anchor t_id="322"/>
<token_anchor t_id="323"/>
<token_anchor t_id="324"/>
</EXPECTATION>
<EXPECTATION m_id="87"  >
<token_anchor t_id="851"/>
<token_anchor t_id="852"/>
<token_anchor t_id="853"/>
<token_anchor t_id="854"/>
<token_anchor t_id="855"/>
<token_anchor t_id="856"/>
<token_anchor t_id="857"/>
<token_anchor t_id="858"/>
<token_anchor t_id="859"/>
<token_anchor t_id="860"/>
<token_anchor t_id="861"/>
</EXPECTATION>
<EXPECTATION m_id="68"  >
<token_anchor t_id="862"/>
<token_anchor t_id="863"/>
<token_anchor t_id="864"/>
<token_anchor t_id="865"/>
</EXPECTATION>
<EXPECTATION m_id="69"  >
<token_anchor t_id="866"/>
<token_anchor t_id="867"/>
<token_anchor t_id="868"/>
<token_anchor t_id="869"/>
<token_anchor t_id="870"/>
<token_anchor t_id="871"/>
<token_anchor t_id="872"/>
<token_anchor t_id="873"/>
<token_anchor t_id="874"/>
<token_anchor t_id="875"/>
<token_anchor t_id="876"/>
<token_anchor t_id="877"/>
<token_anchor t_id="878"/>
<token_anchor t_id="879"/>
<token_anchor t_id="880"/>
</EXPECTATION>
<EXPECTATION m_id="12"  >
<token_anchor t_id="180"/>
<token_anchor t_id="181"/>
<token_anchor t_id="182"/>
<token_anchor t_id="183"/>
<token_anchor t_id="184"/>
<token_anchor t_id="185"/>
<token_anchor t_id="186"/>
<token_anchor t_id="187"/>
<token_anchor t_id="188"/>
<token_anchor t_id="189"/>
<token_anchor t_id="190"/>
<token_anchor t_id="191"/>
<token_anchor t_id="192"/>
<token_anchor t_id="193"/>
<token_anchor t_id="194"/>
</EXPECTATION>
<FOLLOW-UP m_id="63" anchor="future"  >
<token_anchor t_id="808"/>
<token_anchor t_id="809"/>
<token_anchor t_id="810"/>
<token_anchor t_id="811"/>
<token_anchor t_id="812"/>
<token_anchor t_id="813"/>
<token_anchor t_id="814"/>
<token_anchor t_id="815"/>
<token_anchor t_id="816"/>
</FOLLOW-UP>
<FOLLOW-UP m_id="64" anchor="future"  >
<token_anchor t_id="818"/>
<token_anchor t_id="819"/>
<token_anchor t_id="820"/>
<token_anchor t_id="821"/>
</FOLLOW-UP>
<FOLLOW-UP m_id="65" anchor="future"  >
<token_anchor t_id="822"/>
<token_anchor t_id="823"/>
<token_anchor t_id="824"/>
<token_anchor t_id="825"/>
<token_anchor t_id="826"/>
</FOLLOW-UP>
<FOLLOW-UP m_id="66" anchor="future"  >
<token_anchor t_id="828"/>
<token_anchor t_id="829"/>
<token_anchor t_id="830"/>
<token_anchor t_id="831"/>
<token_anchor t_id="832"/>
<token_anchor t_id="833"/>
<token_anchor t_id="834"/>
<token_anchor t_id="835"/>
<token_anchor t_id="836"/>
<token_anchor t_id="837"/>
<token_anchor t_id="838"/>
<token_anchor t_id="839"/>
<token_anchor t_id="840"/>
<token_anchor t_id="841"/>
<token_anchor t_id="842"/>
<token_anchor t_id="843"/>
<token_anchor t_id="844"/>
<token_anchor t_id="845"/>
<token_anchor t_id="846"/>
<token_anchor t_id="847"/>
<token_anchor t_id="848"/>
</FOLLOW-UP>
<FOLLOW-UP m_id="4" anchor="non_future"  >
<token_anchor t_id="91"/>
<token_anchor t_id="92"/>
<token_anchor t_id="93"/>
<token_anchor t_id="105"/>
<token_anchor t_id="106"/>
<token_anchor t_id="107"/>
<token_anchor t_id="108"/>
<token_anchor t_id="109"/>
<token_anchor t_id="110"/>
<token_anchor t_id="111"/>
<token_anchor t_id="112"/>
<token_anchor t_id="113"/>
<token_anchor t_id="114"/>
<token_anchor t_id="115"/>
<token_anchor t_id="116"/>
</FOLLOW-UP>
<FOLLOW-UP m_id="5" anchor="non_future"  >
<token_anchor t_id="118"/>
<token_anchor t_id="119"/>
<token_anchor t_id="120"/>
<token_anchor t_id="121"/>
<token_anchor t_id="122"/>
<token_anchor t_id="123"/>
<token_anchor t_id="124"/>
<token_anchor t_id="125"/>
<token_anchor t_id="126"/>
<token_anchor t_id="127"/>
<token_anchor t_id="128"/>
<token_anchor t_id="129"/>
<token_anchor t_id="130"/>
<token_anchor t_id="131"/>
<token_anchor t_id="132"/>
<token_anchor t_id="133"/>
</FOLLOW-UP>
<FOLLOW-UP m_id="70" anchor="future"  >
<token_anchor t_id="882"/>
<token_anchor t_id="883"/>
<token_anchor t_id="884"/>
<token_anchor t_id="885"/>
<token_anchor t_id="886"/>
</FOLLOW-UP>
<FOLLOW-UP m_id="71" anchor="non_future"  >
<token_anchor t_id="894"/>
<token_anchor t_id="895"/>
<token_anchor t_id="896"/>
<token_anchor t_id="897"/>
<token_anchor t_id="898"/>
<token_anchor t_id="899"/>
<token_anchor t_id="900"/>
<token_anchor t_id="901"/>
<token_anchor t_id="902"/>
<token_anchor t_id="903"/>
<token_anchor t_id="904"/>
<token_anchor t_id="905"/>
<token_anchor t_id="906"/>
<token_anchor t_id="907"/>
<token_anchor t_id="908"/>
</FOLLOW-UP>
<FOLLOW-UP m_id="72" anchor="non_future"  >
<token_anchor t_id="910"/>
<token_anchor t_id="911"/>
<token_anchor t_id="912"/>
<token_anchor t_id="913"/>
<token_anchor t_id="914"/>
<token_anchor t_id="915"/>
<token_anchor t_id="916"/>
<token_anchor t_id="917"/>
<token_anchor t_id="918"/>
<token_anchor t_id="919"/>
<token_anchor t_id="920"/>
<token_anchor t_id="921"/>
<token_anchor t_id="922"/>
<token_anchor t_id="923"/>
<token_anchor t_id="924"/>
<token_anchor t_id="925"/>
<token_anchor t_id="926"/>
<token_anchor t_id="927"/>
</FOLLOW-UP>
<FOREGROUND m_id="82" type="description"  >
<token_anchor t_id="1"/>
<token_anchor t_id="2"/>
<token_anchor t_id="3"/>
<token_anchor t_id="4"/>
<token_anchor t_id="5"/>
<token_anchor t_id="6"/>
<token_anchor t_id="7"/>
<token_anchor t_id="8"/>
<token_anchor t_id="9"/>
<token_anchor t_id="10"/>
<token_anchor t_id="11"/>
<token_anchor t_id="12"/>
<token_anchor t_id="13"/>
<token_anchor t_id="14"/>
<token_anchor t_id="15"/>
<token_anchor t_id="16"/>
<token_anchor t_id="17"/>
</FOREGROUND>
<FOREGROUND m_id="83" type="description"  >
<token_anchor t_id="18"/>
<token_anchor t_id="19"/>
<token_anchor t_id="20"/>
<token_anchor t_id="21"/>
<token_anchor t_id="22"/>
<token_anchor t_id="23"/>
<token_anchor t_id="24"/>
</FOREGROUND>
<FOREGROUND m_id="84" type="description"  >
<token_anchor t_id="27"/>
<token_anchor t_id="28"/>
<token_anchor t_id="29"/>
<token_anchor t_id="30"/>
<token_anchor t_id="31"/>
<token_anchor t_id="32"/>
<token_anchor t_id="33"/>
<token_anchor t_id="34"/>
<token_anchor t_id="35"/>
</FOREGROUND>
<FOREGROUND m_id="1" type="narration"  >
<token_anchor t_id="37"/>
<token_anchor t_id="38"/>
<token_anchor t_id="39"/>
<token_anchor t_id="40"/>
<token_anchor t_id="41"/>
<token_anchor t_id="42"/>
<token_anchor t_id="43"/>
<token_anchor t_id="44"/>
<token_anchor t_id="45"/>
<token_anchor t_id="46"/>
<token_anchor t_id="47"/>
<token_anchor t_id="48"/>
<token_anchor t_id="49"/>
<token_anchor t_id="50"/>
<token_anchor t_id="51"/>
<token_anchor t_id="52"/>
<token_anchor t_id="53"/>
<token_anchor t_id="54"/>
<token_anchor t_id="55"/>
<token_anchor t_id="56"/>
<token_anchor t_id="57"/>
<token_anchor t_id="58"/>
<token_anchor t_id="59"/>
<token_anchor t_id="60"/>
<token_anchor t_id="61"/>
<token_anchor t_id="62"/>
<token_anchor t_id="63"/>
<token_anchor t_id="64"/>
<token_anchor t_id="65"/>
<token_anchor t_id="66"/>
<token_anchor t_id="67"/>
<token_anchor t_id="68"/>
<token_anchor t_id="69"/>
<token_anchor t_id="70"/>
<token_anchor t_id="71"/>
<token_anchor t_id="72"/>
<token_anchor t_id="73"/>
<token_anchor t_id="74"/>
<token_anchor t_id="75"/>
<token_anchor t_id="76"/>
<token_anchor t_id="77"/>
<token_anchor t_id="78"/>
<token_anchor t_id="79"/>
<token_anchor t_id="80"/>
<token_anchor t_id="81"/>
<token_anchor t_id="82"/>
<token_anchor t_id="83"/>
</FOREGROUND>
<FOREGROUND m_id="2" type="narration"  >
<token_anchor t_id="84"/>
<token_anchor t_id="85"/>
<token_anchor t_id="86"/>
<token_anchor t_id="87"/>
<token_anchor t_id="88"/>
<token_anchor t_id="89"/>
</FOREGROUND>


</Markables>

<Relations>
</Relations>
</Document>
