<Document doc_name="wsj_0610.xml.conll.txt">
<token t_id="1" sentence="0" number="0">This</token>
<token t_id="2" sentence="0" number="1">has</token>
<token t_id="3" sentence="0" number="2">n't</token>
<token t_id="4" sentence="0" number="3">been</token>
<token t_id="5" sentence="0" number="4">Kellogg</token>
<token t_id="6" sentence="0" number="5">Co</token>
<token t_id="7" sentence="0" number="6">.</token>
<token t_id="8" sentence="0" number="7">'s</token>
<token t_id="9" sentence="0" number="8">year</token>
<token t_id="10" sentence="0" number="9">.</token>
<token t_id="11" sentence="1" number="0">The</token>
<token t_id="12" sentence="1" number="1">oat</token>
<token t_id="13" sentence="1" number="2">-</token>
<token t_id="14" sentence="1" number="3">bran</token>
<token t_id="15" sentence="1" number="4">craze</token>
<token t_id="16" sentence="1" number="5">has</token>
<token t_id="17" sentence="1" number="6">cost</token>
<token t_id="18" sentence="1" number="7">the</token>
<token t_id="19" sentence="1" number="8">world</token>
<token t_id="20" sentence="1" number="9">'s</token>
<token t_id="21" sentence="1" number="10">largest</token>
<token t_id="22" sentence="1" number="11">cereal</token>
<token t_id="23" sentence="1" number="12">maker</token>
<token t_id="24" sentence="1" number="13">market</token>
<token t_id="25" sentence="1" number="14">share</token>
<token t_id="26" sentence="1" number="15">.</token>
<token t_id="27" sentence="2" number="0">The</token>
<token t_id="28" sentence="2" number="1">company</token>
<token t_id="29" sentence="2" number="2">'s</token>
<token t_id="30" sentence="2" number="3">president</token>
<token t_id="31" sentence="2" number="4">quit</token>
<token t_id="32" sentence="2" number="5">suddenly</token>
<token t_id="33" sentence="2" number="6">.</token>
<token t_id="34" sentence="3" number="0">And</token>
<token t_id="35" sentence="3" number="1">now</token>
<token t_id="36" sentence="3" number="2">Kellogg</token>
<token t_id="37" sentence="3" number="3">is</token>
<token t_id="38" sentence="3" number="4">indefinitely</token>
<token t_id="39" sentence="3" number="5">suspending</token>
<token t_id="40" sentence="3" number="6">work</token>
<token t_id="41" sentence="3" number="7">on</token>
<token t_id="42" sentence="3" number="8">what</token>
<token t_id="43" sentence="3" number="9">was</token>
<token t_id="44" sentence="3" number="10">to</token>
<token t_id="45" sentence="3" number="11">be</token>
<token t_id="46" sentence="3" number="12">a</token>
<token t_id="47" sentence="3" number="13">$</token>
<token t_id="48" sentence="3" number="14">1</token>
<token t_id="49" sentence="3" number="15">billion</token>
<token t_id="50" sentence="3" number="16">cereal</token>
<token t_id="51" sentence="3" number="17">plant</token>
<token t_id="52" sentence="3" number="18">.</token>
<token t_id="53" sentence="4" number="0">The</token>
<token t_id="54" sentence="4" number="1">company</token>
<token t_id="55" sentence="4" number="2">said</token>
<token t_id="56" sentence="4" number="3">it</token>
<token t_id="57" sentence="4" number="4">was</token>
<token t_id="58" sentence="4" number="5">delaying</token>
<token t_id="59" sentence="4" number="6">construction</token>
<token t_id="60" sentence="4" number="7">because</token>
<token t_id="61" sentence="4" number="8">of</token>
<token t_id="62" sentence="4" number="9">current</token>
<token t_id="63" sentence="4" number="10">market</token>
<token t_id="64" sentence="4" number="11">conditions</token>
<token t_id="65" sentence="4" number="12">.</token>
<token t_id="66" sentence="5" number="0">But</token>
<token t_id="67" sentence="5" number="1">the</token>
<token t_id="68" sentence="5" number="2">Memphis</token>
<token t_id="69" sentence="5" number="3">,</token>
<token t_id="70" sentence="5" number="4">Tenn</token>
<token t_id="71" sentence="5" number="5">.</token>
<token t_id="72" sentence="5" number="6">,</token>
<token t_id="73" sentence="5" number="7">facility</token>
<token t_id="74" sentence="5" number="8">was</token>
<token t_id="75" sentence="5" number="9">n't</token>
<token t_id="76" sentence="5" number="10">to</token>
<token t_id="77" sentence="5" number="11">begin</token>
<token t_id="78" sentence="5" number="12">turning</token>
<token t_id="79" sentence="5" number="13">out</token>
<token t_id="80" sentence="5" number="14">product</token>
<token t_id="81" sentence="5" number="15">until</token>
<token t_id="82" sentence="5" number="16">1993</token>
<token t_id="83" sentence="5" number="17">,</token>
<token t_id="84" sentence="5" number="18">so</token>
<token t_id="85" sentence="5" number="19">the</token>
<token t_id="86" sentence="5" number="20">decision</token>
<token t_id="87" sentence="5" number="21">may</token>
<token t_id="88" sentence="5" number="22">reveal</token>
<token t_id="89" sentence="5" number="23">a</token>
<token t_id="90" sentence="5" number="24">more</token>
<token t_id="91" sentence="5" number="25">pessimistic</token>
<token t_id="92" sentence="5" number="26">long</token>
<token t_id="93" sentence="5" number="27">-</token>
<token t_id="94" sentence="5" number="28">term</token>
<token t_id="95" sentence="5" number="29">outlook</token>
<token t_id="96" sentence="5" number="30">as</token>
<token t_id="97" sentence="5" number="31">well</token>
<token t_id="98" sentence="5" number="32">.</token>
<token t_id="99" sentence="6" number="0">Kellogg</token>
<token t_id="100" sentence="6" number="1">,</token>
<token t_id="101" sentence="6" number="2">which</token>
<token t_id="102" sentence="6" number="3">has</token>
<token t_id="103" sentence="6" number="4">n't</token>
<token t_id="104" sentence="6" number="5">been</token>
<token t_id="105" sentence="6" number="6">as</token>
<token t_id="106" sentence="6" number="7">successful</token>
<token t_id="107" sentence="6" number="8">in</token>
<token t_id="108" sentence="6" number="9">capitalizing</token>
<token t_id="109" sentence="6" number="10">on</token>
<token t_id="110" sentence="6" number="11">the</token>
<token t_id="111" sentence="6" number="12">public</token>
<token t_id="112" sentence="6" number="13">'s</token>
<token t_id="113" sentence="6" number="14">health</token>
<token t_id="114" sentence="6" number="15">-</token>
<token t_id="115" sentence="6" number="16">oriented</token>
<token t_id="116" sentence="6" number="17">desire</token>
<token t_id="117" sentence="6" number="18">for</token>
<token t_id="118" sentence="6" number="19">oat</token>
<token t_id="119" sentence="6" number="20">bran</token>
<token t_id="120" sentence="6" number="21">as</token>
<token t_id="121" sentence="6" number="22">rival</token>
<token t_id="122" sentence="6" number="23">General</token>
<token t_id="123" sentence="6" number="24">Mills</token>
<token t_id="124" sentence="6" number="25">Inc</token>
<token t_id="125" sentence="6" number="26">.</token>
<token t_id="126" sentence="6" number="27">,</token>
<token t_id="127" sentence="6" number="28">has</token>
<token t_id="128" sentence="6" number="29">been</token>
<token t_id="129" sentence="6" number="30">losing</token>
<token t_id="130" sentence="6" number="31">share</token>
<token t_id="131" sentence="6" number="32">in</token>
<token t_id="132" sentence="6" number="33">the</token>
<token t_id="133" sentence="6" number="34">$</token>
<token t_id="134" sentence="6" number="35">6</token>
<token t_id="135" sentence="6" number="36">billion</token>
<token t_id="136" sentence="6" number="37">ready</token>
<token t_id="137" sentence="6" number="38">-</token>
<token t_id="138" sentence="6" number="39">to</token>
<token t_id="139" sentence="6" number="40">-</token>
<token t_id="140" sentence="6" number="41">eat</token>
<token t_id="141" sentence="6" number="42">cereal</token>
<token t_id="142" sentence="6" number="43">market</token>
<token t_id="143" sentence="6" number="44">.</token>
<token t_id="144" sentence="7" number="0">Kellogg</token>
<token t_id="145" sentence="7" number="1">'s</token>
<token t_id="146" sentence="7" number="2">current</token>
<token t_id="147" sentence="7" number="3">share</token>
<token t_id="148" sentence="7" number="4">is</token>
<token t_id="149" sentence="7" number="5">believed</token>
<token t_id="150" sentence="7" number="6">to</token>
<token t_id="151" sentence="7" number="7">be</token>
<token t_id="152" sentence="7" number="8">slightly</token>
<token t_id="153" sentence="7" number="9">under</token>
<token t_id="154" sentence="7" number="10">40</token>
<token t_id="155" sentence="7" number="11">%</token>
<token t_id="156" sentence="7" number="12">while</token>
<token t_id="157" sentence="7" number="13">General</token>
<token t_id="158" sentence="7" number="14">Mills</token>
<token t_id="159" sentence="7" number="15">'</token>
<token t_id="160" sentence="7" number="16">share</token>
<token t_id="161" sentence="7" number="17">is</token>
<token t_id="162" sentence="7" number="18">about</token>
<token t_id="163" sentence="7" number="19">27</token>
<token t_id="164" sentence="7" number="20">%</token>
<token t_id="165" sentence="7" number="21">.</token>
<token t_id="166" sentence="8" number="0">Led</token>
<token t_id="167" sentence="8" number="1">by</token>
<token t_id="168" sentence="8" number="2">its</token>
<token t_id="169" sentence="8" number="3">oat</token>
<token t_id="170" sentence="8" number="4">-</token>
<token t_id="171" sentence="8" number="5">based</token>
<token t_id="172" sentence="8" number="6">Cheerios</token>
<token t_id="173" sentence="8" number="7">line</token>
<token t_id="174" sentence="8" number="8">,</token>
<token t_id="175" sentence="8" number="9">General</token>
<token t_id="176" sentence="8" number="10">Mills</token>
<token t_id="177" sentence="8" number="11">has</token>
<token t_id="178" sentence="8" number="12">gained</token>
<token t_id="179" sentence="8" number="13">an</token>
<token t_id="180" sentence="8" number="14">estimated</token>
<token t_id="181" sentence="8" number="15">2</token>
<token t_id="182" sentence="8" number="16">%</token>
<token t_id="183" sentence="8" number="17">share</token>
<token t_id="184" sentence="8" number="18">so</token>
<token t_id="185" sentence="8" number="19">far</token>
<token t_id="186" sentence="8" number="20">this</token>
<token t_id="187" sentence="8" number="21">year</token>
<token t_id="188" sentence="8" number="22">,</token>
<token t_id="189" sentence="8" number="23">mostly</token>
<token t_id="190" sentence="8" number="24">at</token>
<token t_id="191" sentence="8" number="25">the</token>
<token t_id="192" sentence="8" number="26">expense</token>
<token t_id="193" sentence="8" number="27">of</token>
<token t_id="194" sentence="8" number="28">Kellogg</token>
<token t_id="195" sentence="8" number="29">.</token>
<token t_id="196" sentence="9" number="0">Each</token>
<token t_id="197" sentence="9" number="1">share</token>
<token t_id="198" sentence="9" number="2">point</token>
<token t_id="199" sentence="9" number="3">is</token>
<token t_id="200" sentence="9" number="4">worth</token>
<token t_id="201" sentence="9" number="5">about</token>
<token t_id="202" sentence="9" number="6">$</token>
<token t_id="203" sentence="9" number="7">60</token>
<token t_id="204" sentence="9" number="8">million</token>
<token t_id="205" sentence="9" number="9">in</token>
<token t_id="206" sentence="9" number="10">sales</token>
<token t_id="207" sentence="9" number="11">.</token>
<token t_id="208" sentence="10" number="0">Analysts</token>
<token t_id="209" sentence="10" number="1">say</token>
<token t_id="210" sentence="10" number="2">much</token>
<token t_id="211" sentence="10" number="3">of</token>
<token t_id="212" sentence="10" number="4">Kellogg</token>
<token t_id="213" sentence="10" number="5">'s</token>
<token t_id="214" sentence="10" number="6">erosion</token>
<token t_id="215" sentence="10" number="7">has</token>
<token t_id="216" sentence="10" number="8">been</token>
<token t_id="217" sentence="10" number="9">in</token>
<token t_id="218" sentence="10" number="10">such</token>
<token t_id="219" sentence="10" number="11">core</token>
<token t_id="220" sentence="10" number="12">brands</token>
<token t_id="221" sentence="10" number="13">as</token>
<token t_id="222" sentence="10" number="14">Corn</token>
<token t_id="223" sentence="10" number="15">Flakes</token>
<token t_id="224" sentence="10" number="16">,</token>
<token t_id="225" sentence="10" number="17">Rice</token>
<token t_id="226" sentence="10" number="18">Krispies</token>
<token t_id="227" sentence="10" number="19">and</token>
<token t_id="228" sentence="10" number="20">Frosted</token>
<token t_id="229" sentence="10" number="21">Flakes</token>
<token t_id="230" sentence="10" number="22">,</token>
<token t_id="231" sentence="10" number="23">which</token>
<token t_id="232" sentence="10" number="24">represent</token>
<token t_id="233" sentence="10" number="25">nearly</token>
<token t_id="234" sentence="10" number="26">one</token>
<token t_id="235" sentence="10" number="27">-</token>
<token t_id="236" sentence="10" number="28">third</token>
<token t_id="237" sentence="10" number="29">of</token>
<token t_id="238" sentence="10" number="30">its</token>
<token t_id="239" sentence="10" number="31">sales</token>
<token t_id="240" sentence="10" number="32">volume</token>
<token t_id="241" sentence="10" number="33">.</token>
<token t_id="242" sentence="11" number="0">Kellogg</token>
<token t_id="243" sentence="11" number="1">is</token>
<token t_id="244" sentence="11" number="2">so</token>
<token t_id="245" sentence="11" number="3">anxious</token>
<token t_id="246" sentence="11" number="4">to</token>
<token t_id="247" sentence="11" number="5">turn</token>
<token t_id="248" sentence="11" number="6">around</token>
<token t_id="249" sentence="11" number="7">Corn</token>
<token t_id="250" sentence="11" number="8">Flakes</token>
<token t_id="251" sentence="11" number="9">sales</token>
<token t_id="252" sentence="11" number="10">that</token>
<token t_id="253" sentence="11" number="11">it</token>
<token t_id="254" sentence="11" number="12">soon</token>
<token t_id="255" sentence="11" number="13">will</token>
<token t_id="256" sentence="11" number="14">begin</token>
<token t_id="257" sentence="11" number="15">selling</token>
<token t_id="258" sentence="11" number="16">boxes</token>
<token t_id="259" sentence="11" number="17">for</token>
<token t_id="260" sentence="11" number="18">as</token>
<token t_id="261" sentence="11" number="19">little</token>
<token t_id="262" sentence="11" number="20">as</token>
<token t_id="263" sentence="11" number="21">99</token>
<token t_id="264" sentence="11" number="22">cents</token>
<token t_id="265" sentence="11" number="23">,</token>
<token t_id="266" sentence="11" number="24">trade</token>
<token t_id="267" sentence="11" number="25">sources</token>
<token t_id="268" sentence="11" number="26">say</token>
<token t_id="269" sentence="11" number="27">.</token>
<token t_id="270" sentence="12" number="0">``</token>
<token t_id="271" sentence="12" number="1">Cheerios</token>
<token t_id="272" sentence="12" number="2">and</token>
<token t_id="273" sentence="12" number="3">Honey</token>
<token t_id="274" sentence="12" number="4">Nut</token>
<token t_id="275" sentence="12" number="5">Cheerios</token>
<token t_id="276" sentence="12" number="6">have</token>
<token t_id="277" sentence="12" number="7">eaten</token>
<token t_id="278" sentence="12" number="8">away</token>
<token t_id="279" sentence="12" number="9">sales</token>
<token t_id="280" sentence="12" number="10">normally</token>
<token t_id="281" sentence="12" number="11">going</token>
<token t_id="282" sentence="12" number="12">to</token>
<token t_id="283" sentence="12" number="13">Kellogg</token>
<token t_id="284" sentence="12" number="14">'s</token>
<token t_id="285" sentence="12" number="15">corn</token>
<token t_id="286" sentence="12" number="16">-</token>
<token t_id="287" sentence="12" number="17">based</token>
<token t_id="288" sentence="12" number="18">lines</token>
<token t_id="289" sentence="12" number="19">simply</token>
<token t_id="290" sentence="12" number="20">because</token>
<token t_id="291" sentence="12" number="21">they</token>
<token t_id="292" sentence="12" number="22">are</token>
<token t_id="293" sentence="12" number="23">made</token>
<token t_id="294" sentence="12" number="24">of</token>
<token t_id="295" sentence="12" number="25">oats</token>
<token t_id="296" sentence="12" number="26">,</token>
<token t_id="297" sentence="12" number="27">''</token>
<token t_id="298" sentence="12" number="28">says</token>
<token t_id="299" sentence="12" number="29">Merrill</token>
<token t_id="300" sentence="12" number="30">Lynch</token>
<token t_id="301" sentence="12" number="31">food</token>
<token t_id="302" sentence="12" number="32">analyst</token>
<token t_id="303" sentence="12" number="33">William</token>
<token t_id="304" sentence="12" number="34">Maguire</token>
<token t_id="305" sentence="12" number="35">.</token>
<token t_id="306" sentence="13" number="0">``</token>
<token t_id="307" sentence="13" number="1">They</token>
<token t_id="308" sentence="13" number="2">are</token>
<token t_id="309" sentence="13" number="3">not</token>
<token t_id="310" sentence="13" number="4">a</token>
<token t_id="311" sentence="13" number="5">happy</token>
<token t_id="312" sentence="13" number="6">group</token>
<token t_id="313" sentence="13" number="7">of</token>
<token t_id="314" sentence="13" number="8">people</token>
<token t_id="315" sentence="13" number="9">at</token>
<token t_id="316" sentence="13" number="10">Battle</token>
<token t_id="317" sentence="13" number="11">Creek</token>
<token t_id="318" sentence="13" number="12">right</token>
<token t_id="319" sentence="13" number="13">now</token>
<token t_id="320" sentence="13" number="14">.</token>
<token t_id="321" sentence="13" number="15">''</token>
<token t_id="322" sentence="14" number="0">Kellogg</token>
<token t_id="323" sentence="14" number="1">is</token>
<token t_id="324" sentence="14" number="2">based</token>
<token t_id="325" sentence="14" number="3">in</token>
<token t_id="326" sentence="14" number="4">Battle</token>
<token t_id="327" sentence="14" number="5">Creek</token>
<token t_id="328" sentence="14" number="6">,</token>
<token t_id="329" sentence="14" number="7">Mich</token>
<token t_id="330" sentence="14" number="8">.</token>
<token t_id="331" sentence="14" number="9">,</token>
<token t_id="332" sentence="14" number="10">a</token>
<token t_id="333" sentence="14" number="11">city</token>
<token t_id="334" sentence="14" number="12">that</token>
<token t_id="335" sentence="14" number="13">calls</token>
<token t_id="336" sentence="14" number="14">itself</token>
<token t_id="337" sentence="14" number="15">the</token>
<token t_id="338" sentence="14" number="16">breakfast</token>
<token t_id="339" sentence="14" number="17">capital</token>
<token t_id="340" sentence="14" number="18">of</token>
<token t_id="341" sentence="14" number="19">the</token>
<token t_id="342" sentence="14" number="20">world</token>
<token t_id="343" sentence="14" number="21">.</token>
<token t_id="344" sentence="15" number="0">Another</token>
<token t_id="345" sentence="15" number="1">analyst</token>
<token t_id="346" sentence="15" number="2">,</token>
<token t_id="347" sentence="15" number="3">John</token>
<token t_id="348" sentence="15" number="4">C</token>
<token t_id="349" sentence="15" number="5">.</token>
<token t_id="350" sentence="15" number="6">Maxwell</token>
<token t_id="351" sentence="15" number="7">Jr</token>
<token t_id="352" sentence="15" number="8">.</token>
<token t_id="353" sentence="15" number="9">of</token>
<token t_id="354" sentence="15" number="10">Wheat</token>
<token t_id="355" sentence="15" number="11">,</token>
<token t_id="356" sentence="15" number="12">First</token>
<token t_id="357" sentence="15" number="13">Securities</token>
<token t_id="358" sentence="15" number="14">in</token>
<token t_id="359" sentence="15" number="15">Richmond</token>
<token t_id="360" sentence="15" number="16">,</token>
<token t_id="361" sentence="15" number="17">Va</token>
<token t_id="362" sentence="15" number="18">.</token>
<token t_id="363" sentence="15" number="19">,</token>
<token t_id="364" sentence="15" number="20">recently</token>
<token t_id="365" sentence="15" number="21">went</token>
<token t_id="366" sentence="15" number="22">to</token>
<token t_id="367" sentence="15" number="23">a</token>
<token t_id="368" sentence="15" number="24">``</token>
<token t_id="369" sentence="15" number="25">sell</token>
<token t_id="370" sentence="15" number="26">''</token>
<token t_id="371" sentence="15" number="27">recommendation</token>
<token t_id="372" sentence="15" number="28">on</token>
<token t_id="373" sentence="15" number="29">Kellogg</token>
<token t_id="374" sentence="15" number="30">stock</token>
<token t_id="375" sentence="15" number="31">,</token>
<token t_id="376" sentence="15" number="32">which</token>
<token t_id="377" sentence="15" number="33">closed</token>
<token t_id="378" sentence="15" number="34">Friday</token>
<token t_id="379" sentence="15" number="35">at</token>
<token t_id="380" sentence="15" number="36">$</token>
<token t_id="381" sentence="15" number="37">71</token>
<token t_id="382" sentence="15" number="38">.</token>
<token t_id="383" sentence="15" number="39">75</token>
<token t_id="384" sentence="15" number="40">,</token>
<token t_id="385" sentence="15" number="41">down</token>
<token t_id="386" sentence="15" number="42">75</token>
<token t_id="387" sentence="15" number="43">cents</token>
<token t_id="388" sentence="15" number="44">,</token>
<token t_id="389" sentence="15" number="45">in</token>
<token t_id="390" sentence="15" number="46">New</token>
<token t_id="391" sentence="15" number="47">York</token>
<token t_id="392" sentence="15" number="48">Stock</token>
<token t_id="393" sentence="15" number="49">Exchange</token>
<token t_id="394" sentence="15" number="50">composite</token>
<token t_id="395" sentence="15" number="51">trading</token>
<token t_id="396" sentence="15" number="52">.</token>
<token t_id="397" sentence="16" number="0">``</token>
<token t_id="398" sentence="16" number="1">I</token>
<token t_id="399" sentence="16" number="2">do</token>
<token t_id="400" sentence="16" number="3">n't</token>
<token t_id="401" sentence="16" number="4">think</token>
<token t_id="402" sentence="16" number="5">Kellogg</token>
<token t_id="403" sentence="16" number="6">can</token>
<token t_id="404" sentence="16" number="7">get</token>
<token t_id="405" sentence="16" number="8">back</token>
<token t_id="406" sentence="16" number="9">to</token>
<token t_id="407" sentence="16" number="10">40</token>
<token t_id="408" sentence="16" number="11">%</token>
<token t_id="409" sentence="16" number="12">this</token>
<token t_id="410" sentence="16" number="13">year</token>
<token t_id="411" sentence="16" number="14">,</token>
<token t_id="412" sentence="16" number="15">''</token>
<token t_id="413" sentence="16" number="16">he</token>
<token t_id="414" sentence="16" number="17">said</token>
<token t_id="415" sentence="16" number="18">.</token>
<token t_id="416" sentence="17" number="0">``</token>
<token t_id="417" sentence="17" number="1">Kellogg</token>
<token t_id="418" sentence="17" number="2">'s</token>
<token t_id="419" sentence="17" number="3">main</token>
<token t_id="420" sentence="17" number="4">problem</token>
<token t_id="421" sentence="17" number="5">is</token>
<token t_id="422" sentence="17" number="6">life</token>
<token t_id="423" sentence="17" number="7">style</token>
<token t_id="424" sentence="17" number="8">.</token>
<token t_id="425" sentence="18" number="0">People</token>
<token t_id="426" sentence="18" number="1">are</token>
<token t_id="427" sentence="18" number="2">reading</token>
<token t_id="428" sentence="18" number="3">the</token>
<token t_id="429" sentence="18" number="4">boxes</token>
<token t_id="430" sentence="18" number="5">and</token>
<token t_id="431" sentence="18" number="6">deciding</token>
<token t_id="432" sentence="18" number="7">they</token>
<token t_id="433" sentence="18" number="8">want</token>
<token t_id="434" sentence="18" number="9">something</token>
<token t_id="435" sentence="18" number="10">that</token>
<token t_id="436" sentence="18" number="11">'s</token>
<token t_id="437" sentence="18" number="12">`</token>
<token t_id="438" sentence="18" number="13">healthy</token>
<token t_id="439" sentence="18" number="14">'</token>
<token t_id="440" sentence="18" number="15">for</token>
<token t_id="441" sentence="18" number="16">you</token>
<token t_id="442" sentence="18" number="17">-</token>
<token t_id="443" sentence="18" number="18">-</token>
<token t_id="444" sentence="18" number="19">oats</token>
<token t_id="445" sentence="18" number="20">,</token>
<token t_id="446" sentence="18" number="21">bran</token>
<token t_id="447" sentence="18" number="22">.</token>
<token t_id="448" sentence="18" number="23">''</token>
<token t_id="449" sentence="19" number="0">Mr</token>
<token t_id="450" sentence="19" number="1">.</token>
<token t_id="451" sentence="19" number="2">Maxwell</token>
<token t_id="452" sentence="19" number="3">said</token>
<token t_id="453" sentence="19" number="4">he</token>
<token t_id="454" sentence="19" number="5">would</token>
<token t_id="455" sentence="19" number="6">n't</token>
<token t_id="456" sentence="19" number="7">be</token>
<token t_id="457" sentence="19" number="8">surprised</token>
<token t_id="458" sentence="19" number="9">if</token>
<token t_id="459" sentence="19" number="10">,</token>
<token t_id="460" sentence="19" number="11">over</token>
<token t_id="461" sentence="19" number="12">the</token>
<token t_id="462" sentence="19" number="13">next</token>
<token t_id="463" sentence="19" number="14">two</token>
<token t_id="464" sentence="19" number="15">years</token>
<token t_id="465" sentence="19" number="16">or</token>
<token t_id="466" sentence="19" number="17">so</token>
<token t_id="467" sentence="19" number="18">,</token>
<token t_id="468" sentence="19" number="19">General</token>
<token t_id="469" sentence="19" number="20">Mills</token>
<token t_id="470" sentence="19" number="21">'</token>
<token t_id="471" sentence="19" number="22">share</token>
<token t_id="472" sentence="19" number="23">increased</token>
<token t_id="473" sentence="19" number="24">to</token>
<token t_id="474" sentence="19" number="25">30</token>
<token t_id="475" sentence="19" number="26">%</token>
<token t_id="476" sentence="19" number="27">or</token>
<token t_id="477" sentence="19" number="28">more</token>
<token t_id="478" sentence="19" number="29">.</token>
<token t_id="479" sentence="20" number="0">In</token>
<token t_id="480" sentence="20" number="1">announcing</token>
<token t_id="481" sentence="20" number="2">the</token>
<token t_id="482" sentence="20" number="3">plant</token>
<token t_id="483" sentence="20" number="4">delay</token>
<token t_id="484" sentence="20" number="5">,</token>
<token t_id="485" sentence="20" number="6">Kellogg</token>
<token t_id="486" sentence="20" number="7">Chairman</token>
<token t_id="487" sentence="20" number="8">William</token>
<token t_id="488" sentence="20" number="9">E</token>
<token t_id="489" sentence="20" number="10">.</token>
<token t_id="490" sentence="20" number="11">LaMothe</token>
<token t_id="491" sentence="20" number="12">said</token>
<token t_id="492" sentence="20" number="13">,</token>
<token t_id="493" sentence="20" number="14">``</token>
<token t_id="494" sentence="20" number="15">Cereal</token>
<token t_id="495" sentence="20" number="16">volume</token>
<token t_id="496" sentence="20" number="17">growth</token>
<token t_id="497" sentence="20" number="18">in</token>
<token t_id="498" sentence="20" number="19">the</token>
<token t_id="499" sentence="20" number="20">U</token>
<token t_id="500" sentence="20" number="21">.</token>
<token t_id="501" sentence="20" number="22">S</token>
<token t_id="502" sentence="20" number="23">.</token>
<token t_id="503" sentence="20" number="24">has</token>
<token t_id="504" sentence="20" number="25">not</token>
<token t_id="505" sentence="20" number="26">met</token>
<token t_id="506" sentence="20" number="27">our</token>
<token t_id="507" sentence="20" number="28">expectations</token>
<token t_id="508" sentence="20" number="29">for</token>
<token t_id="509" sentence="20" number="30">1989</token>
<token t_id="510" sentence="20" number="31">.</token>
<token t_id="511" sentence="20" number="32">''</token>
<token t_id="512" sentence="21" number="0">He</token>
<token t_id="513" sentence="21" number="1">said</token>
<token t_id="514" sentence="21" number="2">construction</token>
<token t_id="515" sentence="21" number="3">would</token>
<token t_id="516" sentence="21" number="4">n't</token>
<token t_id="517" sentence="21" number="5">resume</token>
<token t_id="518" sentence="21" number="6">until</token>
<token t_id="519" sentence="21" number="7">market</token>
<token t_id="520" sentence="21" number="8">conditions</token>
<token t_id="521" sentence="21" number="9">warrant</token>
<token t_id="522" sentence="21" number="10">it</token>
<token t_id="523" sentence="21" number="11">.</token>
<token t_id="524" sentence="22" number="0">Kellogg</token>
<token t_id="525" sentence="22" number="1">indicated</token>
<token t_id="526" sentence="22" number="2">that</token>
<token t_id="527" sentence="22" number="3">it</token>
<token t_id="528" sentence="22" number="4">has</token>
<token t_id="529" sentence="22" number="5">room</token>
<token t_id="530" sentence="22" number="6">to</token>
<token t_id="531" sentence="22" number="7">grow</token>
<token t_id="532" sentence="22" number="8">without</token>
<token t_id="533" sentence="22" number="9">adding</token>
<token t_id="534" sentence="22" number="10">facilities</token>
<token t_id="535" sentence="22" number="11">.</token>
<token t_id="536" sentence="23" number="0">The</token>
<token t_id="537" sentence="23" number="1">company</token>
<token t_id="538" sentence="23" number="2">has</token>
<token t_id="539" sentence="23" number="3">five</token>
<token t_id="540" sentence="23" number="4">other</token>
<token t_id="541" sentence="23" number="5">U</token>
<token t_id="542" sentence="23" number="6">.</token>
<token t_id="543" sentence="23" number="7">S</token>
<token t_id="544" sentence="23" number="8">.</token>
<token t_id="545" sentence="23" number="9">plants</token>
<token t_id="546" sentence="23" number="10">,</token>
<token t_id="547" sentence="23" number="11">including</token>
<token t_id="548" sentence="23" number="12">a</token>
<token t_id="549" sentence="23" number="13">modern</token>
<token t_id="550" sentence="23" number="14">facility</token>
<token t_id="551" sentence="23" number="15">at</token>
<token t_id="552" sentence="23" number="16">its</token>
<token t_id="553" sentence="23" number="17">Battle</token>
<token t_id="554" sentence="23" number="18">Creek</token>
<token t_id="555" sentence="23" number="19">headquarters</token>
<token t_id="556" sentence="23" number="20">known</token>
<token t_id="557" sentence="23" number="21">as</token>
<token t_id="558" sentence="23" number="22">Building</token>
<token t_id="559" sentence="23" number="23">100</token>
<token t_id="560" sentence="23" number="24">,</token>
<token t_id="561" sentence="23" number="25">which</token>
<token t_id="562" sentence="23" number="26">is</token>
<token t_id="563" sentence="23" number="27">to</token>
<token t_id="564" sentence="23" number="28">add</token>
<token t_id="565" sentence="23" number="29">bran</token>
<token t_id="566" sentence="23" number="30">-</token>
<token t_id="567" sentence="23" number="31">processing</token>
<token t_id="568" sentence="23" number="32">and</token>
<token t_id="569" sentence="23" number="33">rice</token>
<token t_id="570" sentence="23" number="34">-</token>
<token t_id="571" sentence="23" number="35">processing</token>
<token t_id="572" sentence="23" number="36">capacity</token>
<token t_id="573" sentence="23" number="37">next</token>
<token t_id="574" sentence="23" number="38">year</token>
<token t_id="575" sentence="23" number="39">.</token>
<token t_id="576" sentence="24" number="0">General</token>
<token t_id="577" sentence="24" number="1">Mills</token>
<token t_id="578" sentence="24" number="2">,</token>
<token t_id="579" sentence="24" number="3">meanwhile</token>
<token t_id="580" sentence="24" number="4">,</token>
<token t_id="581" sentence="24" number="5">finds</token>
<token t_id="582" sentence="24" number="6">itself</token>
<token t_id="583" sentence="24" number="7">constrained</token>
<token t_id="584" sentence="24" number="8">from</token>
<token t_id="585" sentence="24" number="9">boosting</token>
<token t_id="586" sentence="24" number="10">sales</token>
<token t_id="587" sentence="24" number="11">further</token>
<token t_id="588" sentence="24" number="12">because</token>
<token t_id="589" sentence="24" number="13">its</token>
<token t_id="590" sentence="24" number="14">plants</token>
<token t_id="591" sentence="24" number="15">are</token>
<token t_id="592" sentence="24" number="16">operating</token>
<token t_id="593" sentence="24" number="17">at</token>
<token t_id="594" sentence="24" number="18">capacity</token>
<token t_id="595" sentence="24" number="19">.</token>
<token t_id="596" sentence="25" number="0">A</token>
<token t_id="597" sentence="25" number="1">large</token>
<token t_id="598" sentence="25" number="2">plant</token>
<token t_id="599" sentence="25" number="3">in</token>
<token t_id="600" sentence="25" number="4">Covington</token>
<token t_id="601" sentence="25" number="5">,</token>
<token t_id="602" sentence="25" number="6">Ga</token>
<token t_id="603" sentence="25" number="7">.</token>
<token t_id="604" sentence="25" number="8">,</token>
<token t_id="605" sentence="25" number="9">is</token>
<token t_id="606" sentence="25" number="10">to</token>
<token t_id="607" sentence="25" number="11">come</token>
<token t_id="608" sentence="25" number="12">on</token>
<token t_id="609" sentence="25" number="13">line</token>
<token t_id="610" sentence="25" number="14">next</token>
<token t_id="611" sentence="25" number="15">year</token>
<token t_id="612" sentence="25" number="16">.</token>
<token t_id="613" sentence="26" number="0">A</token>
<token t_id="614" sentence="26" number="1">Kellogg</token>
<token t_id="615" sentence="26" number="2">officer</token>
<token t_id="616" sentence="26" number="3">,</token>
<token t_id="617" sentence="26" number="4">who</token>
<token t_id="618" sentence="26" number="5">asked</token>
<token t_id="619" sentence="26" number="6">not</token>
<token t_id="620" sentence="26" number="7">to</token>
<token t_id="621" sentence="26" number="8">be</token>
<token t_id="622" sentence="26" number="9">named</token>
<token t_id="623" sentence="26" number="10">,</token>
<token t_id="624" sentence="26" number="11">said</token>
<token t_id="625" sentence="26" number="12">the</token>
<token t_id="626" sentence="26" number="13">Memphis</token>
<token t_id="627" sentence="26" number="14">project</token>
<token t_id="628" sentence="26" number="15">was</token>
<token t_id="629" sentence="26" number="16">``</token>
<token t_id="630" sentence="26" number="17">pulled</token>
<token t_id="631" sentence="26" number="18">in</token>
<token t_id="632" sentence="26" number="19">for</token>
<token t_id="633" sentence="26" number="20">a</token>
<token t_id="634" sentence="26" number="21">reconsideration</token>
<token t_id="635" sentence="26" number="22">of</token>
<token t_id="636" sentence="26" number="23">costs</token>
<token t_id="637" sentence="26" number="24">,</token>
<token t_id="638" sentence="26" number="25">''</token>
<token t_id="639" sentence="26" number="26">an</token>
<token t_id="640" sentence="26" number="27">indication</token>
<token t_id="641" sentence="26" number="28">that</token>
<token t_id="642" sentence="26" number="29">the</token>
<token t_id="643" sentence="26" number="30">ambitious</token>
<token t_id="644" sentence="26" number="31">plans</token>
<token t_id="645" sentence="26" number="32">might</token>
<token t_id="646" sentence="26" number="33">be</token>
<token t_id="647" sentence="26" number="34">scaled</token>
<token t_id="648" sentence="26" number="35">back</token>
<token t_id="649" sentence="26" number="36">in</token>
<token t_id="650" sentence="26" number="37">any</token>
<token t_id="651" sentence="26" number="38">future</token>
<token t_id="652" sentence="26" number="39">construction</token>
<token t_id="653" sentence="26" number="40">.</token>
<token t_id="654" sentence="27" number="0">Initial</token>
<token t_id="655" sentence="27" number="1">cost</token>
<token t_id="656" sentence="27" number="2">estimates</token>
<token t_id="657" sentence="27" number="3">for</token>
<token t_id="658" sentence="27" number="4">the</token>
<token t_id="659" sentence="27" number="5">plant</token>
<token t_id="660" sentence="27" number="6">,</token>
<token t_id="661" sentence="27" number="7">which</token>
<token t_id="662" sentence="27" number="8">was</token>
<token t_id="663" sentence="27" number="9">to</token>
<token t_id="664" sentence="27" number="10">have</token>
<token t_id="665" sentence="27" number="11">been</token>
<token t_id="666" sentence="27" number="12">built</token>
<token t_id="667" sentence="27" number="13">in</token>
<token t_id="668" sentence="27" number="14">phases</token>
<token t_id="669" sentence="27" number="15">,</token>
<token t_id="670" sentence="27" number="16">ranged</token>
<token t_id="671" sentence="27" number="17">from</token>
<token t_id="672" sentence="27" number="18">$</token>
<token t_id="673" sentence="27" number="19">1</token>
<token t_id="674" sentence="27" number="20">billion</token>
<token t_id="675" sentence="27" number="21">to</token>
<token t_id="676" sentence="27" number="22">$</token>
<token t_id="677" sentence="27" number="23">1</token>
<token t_id="678" sentence="27" number="24">.</token>
<token t_id="679" sentence="27" number="25">2</token>
<token t_id="680" sentence="27" number="26">billion</token>
<token t_id="681" sentence="27" number="27">.</token>
<token t_id="682" sentence="28" number="0">A</token>
<token t_id="683" sentence="28" number="1">company</token>
<token t_id="684" sentence="28" number="2">spokesman</token>
<token t_id="685" sentence="28" number="3">said</token>
<token t_id="686" sentence="28" number="4">it</token>
<token t_id="687" sentence="28" number="5">was</token>
<token t_id="688" sentence="28" number="6">``</token>
<token t_id="689" sentence="28" number="7">possible</token>
<token t_id="690" sentence="28" number="8">,</token>
<token t_id="691" sentence="28" number="9">but</token>
<token t_id="692" sentence="28" number="10">highly</token>
<token t_id="693" sentence="28" number="11">unlikely</token>
<token t_id="694" sentence="28" number="12">,</token>
<token t_id="695" sentence="28" number="13">''</token>
<token t_id="696" sentence="28" number="14">that</token>
<token t_id="697" sentence="28" number="15">the</token>
<token t_id="698" sentence="28" number="16">plant</token>
<token t_id="699" sentence="28" number="17">might</token>
<token t_id="700" sentence="28" number="18">never</token>
<token t_id="701" sentence="28" number="19">be</token>
<token t_id="702" sentence="28" number="20">built</token>
<token t_id="703" sentence="28" number="21">.</token>
<token t_id="704" sentence="29" number="0">``</token>
<token t_id="705" sentence="29" number="1">As</token>
<token t_id="706" sentence="29" number="2">we</token>
<token t_id="707" sentence="29" number="3">regain</token>
<token t_id="708" sentence="29" number="4">our</token>
<token t_id="709" sentence="29" number="5">leadership</token>
<token t_id="710" sentence="29" number="6">level</token>
<token t_id="711" sentence="29" number="7">where</token>
<token t_id="712" sentence="29" number="8">we</token>
<token t_id="713" sentence="29" number="9">have</token>
<token t_id="714" sentence="29" number="10">been</token>
<token t_id="715" sentence="29" number="11">,</token>
<token t_id="716" sentence="29" number="12">and</token>
<token t_id="717" sentence="29" number="13">as</token>
<token t_id="718" sentence="29" number="14">we</token>
<token t_id="719" sentence="29" number="15">continue</token>
<token t_id="720" sentence="29" number="16">to</token>
<token t_id="721" sentence="29" number="17">put</token>
<token t_id="722" sentence="29" number="18">new</token>
<token t_id="723" sentence="29" number="19">products</token>
<token t_id="724" sentence="29" number="20">into</token>
<token t_id="725" sentence="29" number="21">the</token>
<token t_id="726" sentence="29" number="22">marketplace</token>
<token t_id="727" sentence="29" number="23">and</token>
<token t_id="728" sentence="29" number="24">need</token>
<token t_id="729" sentence="29" number="25">additional</token>
<token t_id="730" sentence="29" number="26">capacity</token>
<token t_id="731" sentence="29" number="27">,</token>
<token t_id="732" sentence="29" number="28">we</token>
<token t_id="733" sentence="29" number="29">will</token>
<token t_id="734" sentence="29" number="30">look</token>
<token t_id="735" sentence="29" number="31">at</token>
<token t_id="736" sentence="29" number="32">resuming</token>
<token t_id="737" sentence="29" number="33">our</token>
<token t_id="738" sentence="29" number="34">involvement</token>
<token t_id="739" sentence="29" number="35">with</token>
<token t_id="740" sentence="29" number="36">our</token>
<token t_id="741" sentence="29" number="37">plan</token>
<token t_id="742" sentence="29" number="38">,</token>
<token t_id="743" sentence="29" number="39">''</token>
<token t_id="744" sentence="29" number="40">he</token>
<token t_id="745" sentence="29" number="41">said</token>
<token t_id="746" sentence="29" number="42">.</token>
<token t_id="747" sentence="30" number="0">The</token>
<token t_id="748" sentence="30" number="1">new</token>
<token t_id="749" sentence="30" number="2">facility</token>
<token t_id="750" sentence="30" number="3">was</token>
<token t_id="751" sentence="30" number="4">to</token>
<token t_id="752" sentence="30" number="5">have</token>
<token t_id="753" sentence="30" number="6">been</token>
<token t_id="754" sentence="30" number="7">the</token>
<token t_id="755" sentence="30" number="8">world</token>
<token t_id="756" sentence="30" number="9">'s</token>
<token t_id="757" sentence="30" number="10">most</token>
<token t_id="758" sentence="30" number="11">advanced</token>
<token t_id="759" sentence="30" number="12">cereal</token>
<token t_id="760" sentence="30" number="13">manufacturing</token>
<token t_id="761" sentence="30" number="14">plant</token>
<token t_id="762" sentence="30" number="15">,</token>
<token t_id="763" sentence="30" number="16">and</token>
<token t_id="764" sentence="30" number="17">Kellogg</token>
<token t_id="765" sentence="30" number="18">'s</token>
<token t_id="766" sentence="30" number="19">largest</token>
<token t_id="767" sentence="30" number="20">construction</token>
<token t_id="768" sentence="30" number="21">project</token>
<token t_id="769" sentence="30" number="22">.</token>
<token t_id="770" sentence="31" number="0">The</token>
<token t_id="771" sentence="31" number="1">company</token>
<token t_id="772" sentence="31" number="2">had</token>
<token t_id="773" sentence="31" number="3">retained</token>
<token t_id="774" sentence="31" number="4">the</token>
<token t_id="775" sentence="31" number="5">Fluor</token>
<token t_id="776" sentence="31" number="6">Daniel</token>
<token t_id="777" sentence="31" number="7">unit</token>
<token t_id="778" sentence="31" number="8">of</token>
<token t_id="779" sentence="31" number="9">Fluor</token>
<token t_id="780" sentence="31" number="10">Corp</token>
<token t_id="781" sentence="31" number="11">.</token>
<token t_id="782" sentence="31" number="12">as</token>
<token t_id="783" sentence="31" number="13">general</token>
<token t_id="784" sentence="31" number="14">contractor</token>
<token t_id="785" sentence="31" number="15">.</token>
<token t_id="786" sentence="32" number="0">But</token>
<token t_id="787" sentence="32" number="1">in</token>
<token t_id="788" sentence="32" number="2">recent</token>
<token t_id="789" sentence="32" number="3">weeks</token>
<token t_id="790" sentence="32" number="4">,</token>
<token t_id="791" sentence="32" number="5">construction</token>
<token t_id="792" sentence="32" number="6">-</token>
<token t_id="793" sentence="32" number="7">industry</token>
<token t_id="794" sentence="32" number="8">sources</token>
<token t_id="795" sentence="32" number="9">reported</token>
<token t_id="796" sentence="32" number="10">that</token>
<token t_id="797" sentence="32" number="11">early</token>
<token t_id="798" sentence="32" number="12">preparation</token>
<token t_id="799" sentence="32" number="13">work</token>
<token t_id="800" sentence="32" number="14">was</token>
<token t_id="801" sentence="32" number="15">slowing</token>
<token t_id="802" sentence="32" number="16">at</token>
<token t_id="803" sentence="32" number="17">the</token>
<token t_id="804" sentence="32" number="18">185</token>
<token t_id="805" sentence="32" number="19">-</token>
<token t_id="806" sentence="32" number="20">acre</token>
<token t_id="807" sentence="32" number="21">site</token>
<token t_id="808" sentence="32" number="22">.</token>
<token t_id="809" sentence="33" number="0">Subcontractors</token>
<token t_id="810" sentence="33" number="1">said</token>
<token t_id="811" sentence="33" number="2">they</token>
<token t_id="812" sentence="33" number="3">were</token>
<token t_id="813" sentence="33" number="4">told</token>
<token t_id="814" sentence="33" number="5">that</token>
<token t_id="815" sentence="33" number="6">equipment</token>
<token t_id="816" sentence="33" number="7">orders</token>
<token t_id="817" sentence="33" number="8">would</token>
<token t_id="818" sentence="33" number="9">be</token>
<token t_id="819" sentence="33" number="10">delayed</token>
<token t_id="820" sentence="33" number="11">.</token>
<token t_id="821" sentence="34" number="0">Fluor</token>
<token t_id="822" sentence="34" number="1">Daniel</token>
<token t_id="823" sentence="34" number="2">already</token>
<token t_id="824" sentence="34" number="3">has</token>
<token t_id="825" sentence="34" number="4">reassigned</token>
<token t_id="826" sentence="34" number="5">most</token>
<token t_id="827" sentence="34" number="6">of</token>
<token t_id="828" sentence="34" number="7">its</token>
<token t_id="829" sentence="34" number="8">work</token>
<token t_id="830" sentence="34" number="9">crew</token>
<token t_id="831" sentence="34" number="10">,</token>
<token t_id="832" sentence="34" number="11">the</token>
<token t_id="833" sentence="34" number="12">sources</token>
<token t_id="834" sentence="34" number="13">said</token>
<token t_id="835" sentence="34" number="14">.</token>
<token t_id="836" sentence="35" number="0">Last</token>
<token t_id="837" sentence="35" number="1">Friday</token>
<token t_id="838" sentence="35" number="2">'s</token>
<token t_id="839" sentence="35" number="3">announcement</token>
<token t_id="840" sentence="35" number="4">was</token>
<token t_id="841" sentence="35" number="5">the</token>
<token t_id="842" sentence="35" number="6">first</token>
<token t_id="843" sentence="35" number="7">official</token>
<token t_id="844" sentence="35" number="8">word</token>
<token t_id="845" sentence="35" number="9">that</token>
<token t_id="846" sentence="35" number="10">the</token>
<token t_id="847" sentence="35" number="11">project</token>
<token t_id="848" sentence="35" number="12">was</token>
<token t_id="849" sentence="35" number="13">in</token>
<token t_id="850" sentence="35" number="14">trouble</token>
<token t_id="851" sentence="35" number="15">and</token>
<token t_id="852" sentence="35" number="16">that</token>
<token t_id="853" sentence="35" number="17">the</token>
<token t_id="854" sentence="35" number="18">company</token>
<token t_id="855" sentence="35" number="19">'s</token>
<token t_id="856" sentence="35" number="20">plans</token>
<token t_id="857" sentence="35" number="21">for</token>
<token t_id="858" sentence="35" number="22">a</token>
<token t_id="859" sentence="35" number="23">surge</token>
<token t_id="860" sentence="35" number="24">in</token>
<token t_id="861" sentence="35" number="25">market</token>
<token t_id="862" sentence="35" number="26">share</token>
<token t_id="863" sentence="35" number="27">may</token>
<token t_id="864" sentence="35" number="28">have</token>
<token t_id="865" sentence="35" number="29">been</token>
<token t_id="866" sentence="35" number="30">overly</token>
<token t_id="867" sentence="35" number="31">optimistic</token>
<token t_id="868" sentence="35" number="32">.</token>
<token t_id="869" sentence="36" number="0">Until</token>
<token t_id="870" sentence="36" number="1">recently</token>
<token t_id="871" sentence="36" number="2">,</token>
<token t_id="872" sentence="36" number="3">Kellogg</token>
<token t_id="873" sentence="36" number="4">had</token>
<token t_id="874" sentence="36" number="5">been</token>
<token t_id="875" sentence="36" number="6">telling</token>
<token t_id="876" sentence="36" number="7">its</token>
<token t_id="877" sentence="36" number="8">sales</token>
<token t_id="878" sentence="36" number="9">force</token>
<token t_id="879" sentence="36" number="10">and</token>
<token t_id="880" sentence="36" number="11">Wall</token>
<token t_id="881" sentence="36" number="12">Street</token>
<token t_id="882" sentence="36" number="13">that</token>
<token t_id="883" sentence="36" number="14">by</token>
<token t_id="884" sentence="36" number="15">1992</token>
<token t_id="885" sentence="36" number="16">it</token>
<token t_id="886" sentence="36" number="17">intended</token>
<token t_id="887" sentence="36" number="18">to</token>
<token t_id="888" sentence="36" number="19">achieve</token>
<token t_id="889" sentence="36" number="20">a</token>
<token t_id="890" sentence="36" number="21">50</token>
<token t_id="891" sentence="36" number="22">%</token>
<token t_id="892" sentence="36" number="23">share</token>
<token t_id="893" sentence="36" number="24">of</token>
<token t_id="894" sentence="36" number="25">market</token>
<token t_id="895" sentence="36" number="26">,</token>
<token t_id="896" sentence="36" number="27">measured</token>
<token t_id="897" sentence="36" number="28">in</token>
<token t_id="898" sentence="36" number="29">dollar</token>
<token t_id="899" sentence="36" number="30">volume</token>
<token t_id="900" sentence="36" number="31">.</token>
<token t_id="901" sentence="37" number="0">Although</token>
<token t_id="902" sentence="37" number="1">he</token>
<token t_id="903" sentence="37" number="2">called</token>
<token t_id="904" sentence="37" number="3">current</token>
<token t_id="905" sentence="37" number="4">market</token>
<token t_id="906" sentence="37" number="5">conditions</token>
<token t_id="907" sentence="37" number="6">``</token>
<token t_id="908" sentence="37" number="7">highly</token>
<token t_id="909" sentence="37" number="8">competitive</token>
<token t_id="910" sentence="37" number="9">,</token>
<token t_id="911" sentence="37" number="10">''</token>
<token t_id="912" sentence="37" number="11">Mr</token>
<token t_id="913" sentence="37" number="12">.</token>
<token t_id="914" sentence="37" number="13">LaMothe</token>
<token t_id="915" sentence="37" number="14">,</token>
<token t_id="916" sentence="37" number="15">Kellogg</token>
<token t_id="917" sentence="37" number="16">'s</token>
<token t_id="918" sentence="37" number="17">chairman</token>
<token t_id="919" sentence="37" number="18">and</token>
<token t_id="920" sentence="37" number="19">chief</token>
<token t_id="921" sentence="37" number="20">executive</token>
<token t_id="922" sentence="37" number="21">officer</token>
<token t_id="923" sentence="37" number="22">,</token>
<token t_id="924" sentence="37" number="23">forecast</token>
<token t_id="925" sentence="37" number="24">an</token>
<token t_id="926" sentence="37" number="25">earnings</token>
<token t_id="927" sentence="37" number="26">increase</token>
<token t_id="928" sentence="37" number="27">for</token>
<token t_id="929" sentence="37" number="28">the</token>
<token t_id="930" sentence="37" number="29">full</token>
<token t_id="931" sentence="37" number="30">year</token>
<token t_id="932" sentence="37" number="31">.</token>
<token t_id="933" sentence="38" number="0">Last</token>
<token t_id="934" sentence="38" number="1">year</token>
<token t_id="935" sentence="38" number="2">,</token>
<token t_id="936" sentence="38" number="3">the</token>
<token t_id="937" sentence="38" number="4">company</token>
<token t_id="938" sentence="38" number="5">earned</token>
<token t_id="939" sentence="38" number="6">$</token>
<token t_id="940" sentence="38" number="7">480</token>
<token t_id="941" sentence="38" number="8">.</token>
<token t_id="942" sentence="38" number="9">4</token>
<token t_id="943" sentence="38" number="10">million</token>
<token t_id="944" sentence="38" number="11">,</token>
<token t_id="945" sentence="38" number="12">or</token>
<token t_id="946" sentence="38" number="13">$</token>
<token t_id="947" sentence="38" number="14">3</token>
<token t_id="948" sentence="38" number="15">.</token>
<token t_id="949" sentence="38" number="16">90</token>
<token t_id="950" sentence="38" number="17">a</token>
<token t_id="951" sentence="38" number="18">share</token>
<token t_id="952" sentence="38" number="19">,</token>
<token t_id="953" sentence="38" number="20">on</token>
<token t_id="954" sentence="38" number="21">sales</token>
<token t_id="955" sentence="38" number="22">of</token>
<token t_id="956" sentence="38" number="23">$</token>
<token t_id="957" sentence="38" number="24">4</token>
<token t_id="958" sentence="38" number="25">.</token>
<token t_id="959" sentence="38" number="26">3</token>
<token t_id="960" sentence="38" number="27">billion</token>
<token t_id="961" sentence="38" number="28">.</token>
<token t_id="962" sentence="39" number="0">As</token>
<token t_id="963" sentence="39" number="1">expected</token>
<token t_id="964" sentence="39" number="2">,</token>
<token t_id="965" sentence="39" number="3">Kellogg</token>
<token t_id="966" sentence="39" number="4">reported</token>
<token t_id="967" sentence="39" number="5">lower</token>
<token t_id="968" sentence="39" number="6">third</token>
<token t_id="969" sentence="39" number="7">-</token>
<token t_id="970" sentence="39" number="8">quarter</token>
<token t_id="971" sentence="39" number="9">earnings</token>
<token t_id="972" sentence="39" number="10">.</token>
<token t_id="973" sentence="40" number="0">Net</token>
<token t_id="974" sentence="40" number="1">fell</token>
<token t_id="975" sentence="40" number="2">16</token>
<token t_id="976" sentence="40" number="3">%</token>
<token t_id="977" sentence="40" number="4">to</token>
<token t_id="978" sentence="40" number="5">$</token>
<token t_id="979" sentence="40" number="6">123</token>
<token t_id="980" sentence="40" number="7">.</token>
<token t_id="981" sentence="40" number="8">1</token>
<token t_id="982" sentence="40" number="9">million</token>
<token t_id="983" sentence="40" number="10">,</token>
<token t_id="984" sentence="40" number="11">or</token>
<token t_id="985" sentence="40" number="12">$</token>
<token t_id="986" sentence="40" number="13">1</token>
<token t_id="987" sentence="40" number="14">.</token>
<token t_id="988" sentence="40" number="15">02</token>
<token t_id="989" sentence="40" number="16">a</token>
<token t_id="990" sentence="40" number="17">share</token>
<token t_id="991" sentence="40" number="18">,</token>
<token t_id="992" sentence="40" number="19">from</token>
<token t_id="993" sentence="40" number="20">$</token>
<token t_id="994" sentence="40" number="21">145</token>
<token t_id="995" sentence="40" number="22">.</token>
<token t_id="996" sentence="40" number="23">7</token>
<token t_id="997" sentence="40" number="24">million</token>
<token t_id="998" sentence="40" number="25">,</token>
<token t_id="999" sentence="40" number="26">or</token>
<token t_id="1000" sentence="40" number="27">$</token>
<token t_id="1001" sentence="40" number="28">1</token>
<token t_id="1002" sentence="40" number="29">.</token>
<token t_id="1003" sentence="40" number="30">18</token>
<token t_id="1004" sentence="40" number="31">a</token>
<token t_id="1005" sentence="40" number="32">share</token>
<token t_id="1006" sentence="40" number="33">.</token>
<token t_id="1007" sentence="41" number="0">Sales</token>
<token t_id="1008" sentence="41" number="1">rose</token>
<token t_id="1009" sentence="41" number="2">4</token>
<token t_id="1010" sentence="41" number="3">.</token>
<token t_id="1011" sentence="41" number="4">8</token>
<token t_id="1012" sentence="41" number="5">%</token>
<token t_id="1013" sentence="41" number="6">to</token>
<token t_id="1014" sentence="41" number="7">$</token>
<token t_id="1015" sentence="41" number="8">1</token>
<token t_id="1016" sentence="41" number="9">.</token>
<token t_id="1017" sentence="41" number="10">20</token>
<token t_id="1018" sentence="41" number="11">billion</token>
<token t_id="1019" sentence="41" number="12">from</token>
<token t_id="1020" sentence="41" number="13">$</token>
<token t_id="1021" sentence="41" number="14">1</token>
<token t_id="1022" sentence="41" number="15">.</token>
<token t_id="1023" sentence="41" number="16">14</token>
<token t_id="1024" sentence="41" number="17">billion</token>
<token t_id="1025" sentence="41" number="18">.</token>
<token t_id="1026" sentence="42" number="0">The</token>
<token t_id="1027" sentence="42" number="1">company</token>
<token t_id="1028" sentence="42" number="2">had</token>
<token t_id="1029" sentence="42" number="3">a</token>
<token t_id="1030" sentence="42" number="4">one</token>
<token t_id="1031" sentence="42" number="5">-</token>
<token t_id="1032" sentence="42" number="6">time</token>
<token t_id="1033" sentence="42" number="7">charge</token>
<token t_id="1034" sentence="42" number="8">of</token>
<token t_id="1035" sentence="42" number="9">$</token>
<token t_id="1036" sentence="42" number="10">14</token>
<token t_id="1037" sentence="42" number="11">.</token>
<token t_id="1038" sentence="42" number="12">8</token>
<token t_id="1039" sentence="42" number="13">million</token>
<token t_id="1040" sentence="42" number="14">in</token>
<token t_id="1041" sentence="42" number="15">the</token>
<token t_id="1042" sentence="42" number="16">latest</token>
<token t_id="1043" sentence="42" number="17">quarter</token>
<token t_id="1044" sentence="42" number="18">covering</token>
<token t_id="1045" sentence="42" number="19">the</token>
<token t_id="1046" sentence="42" number="20">disposition</token>
<token t_id="1047" sentence="42" number="21">of</token>
<token t_id="1048" sentence="42" number="22">certain</token>
<token t_id="1049" sentence="42" number="23">assets</token>
<token t_id="1050" sentence="42" number="24">.</token>
<token t_id="1051" sentence="43" number="0">The</token>
<token t_id="1052" sentence="43" number="1">company</token>
<token t_id="1053" sentence="43" number="2">would</token>
<token t_id="1054" sentence="43" number="3">n't</token>
<token t_id="1055" sentence="43" number="4">elaborate</token>
<token t_id="1056" sentence="43" number="5">,</token>
<token t_id="1057" sentence="43" number="6">citing</token>
<token t_id="1058" sentence="43" number="7">competitive</token>
<token t_id="1059" sentence="43" number="8">reasons</token>
<token t_id="1060" sentence="43" number="9">.</token>


<Markables>
<ATTRIBUTION m_id="45" quote="true"  >
<token_anchor t_id="617"/>
<token_anchor t_id="618"/>
</ATTRIBUTION>
<ATTRIBUTION m_id="46" quote="true"  >
<token_anchor t_id="613"/>
<token_anchor t_id="614"/>
<token_anchor t_id="615"/>
<token_anchor t_id="624"/>
</ATTRIBUTION>
<ATTRIBUTION m_id="16" quote="true"  >
<token_anchor t_id="266"/>
<token_anchor t_id="267"/>
<token_anchor t_id="268"/>
</ATTRIBUTION>
<ATTRIBUTION m_id="81" quote="false"  >
<token_anchor t_id="1051"/>
<token_anchor t_id="1052"/>
<token_anchor t_id="1053"/>
<token_anchor t_id="1054"/>
<token_anchor t_id="1055"/>
</ATTRIBUTION>
<ATTRIBUTION m_id="17" quote="true"  >
<token_anchor t_id="298"/>
<token_anchor t_id="299"/>
<token_anchor t_id="300"/>
<token_anchor t_id="301"/>
<token_anchor t_id="302"/>
<token_anchor t_id="303"/>
<token_anchor t_id="304"/>
</ATTRIBUTION>
<ATTRIBUTION m_id="52" quote="true"  >
<token_anchor t_id="682"/>
<token_anchor t_id="683"/>
<token_anchor t_id="684"/>
<token_anchor t_id="685"/>
</ATTRIBUTION>
<ATTRIBUTION m_id="55" quote="true"  >
<token_anchor t_id="744"/>
<token_anchor t_id="745"/>
</ATTRIBUTION>
<ATTRIBUTION m_id="24" quote="true"  >
<token_anchor t_id="413"/>
<token_anchor t_id="414"/>
</ATTRIBUTION>
<ATTRIBUTION m_id="31" quote="true"  >
<token_anchor t_id="449"/>
<token_anchor t_id="450"/>
<token_anchor t_id="451"/>
<token_anchor t_id="452"/>
</ATTRIBUTION>
<ATTRIBUTION m_id="64" quote="true"  >
<token_anchor t_id="786"/>
<token_anchor t_id="787"/>
<token_anchor t_id="788"/>
<token_anchor t_id="789"/>
<token_anchor t_id="790"/>
<token_anchor t_id="791"/>
<token_anchor t_id="792"/>
<token_anchor t_id="793"/>
<token_anchor t_id="794"/>
<token_anchor t_id="795"/>
</ATTRIBUTION>
<ATTRIBUTION m_id="34" quote="true"  >
<token_anchor t_id="485"/>
<token_anchor t_id="486"/>
<token_anchor t_id="487"/>
<token_anchor t_id="488"/>
<token_anchor t_id="489"/>
<token_anchor t_id="490"/>
<token_anchor t_id="491"/>
</ATTRIBUTION>
<ATTRIBUTION m_id="66" quote="true"  >
<token_anchor t_id="809"/>
<token_anchor t_id="810"/>
</ATTRIBUTION>
<ATTRIBUTION m_id="35" quote="true"  >
<token_anchor t_id="512"/>
<token_anchor t_id="513"/>
</ATTRIBUTION>
<ATTRIBUTION m_id="3" quote="true"  >
<token_anchor t_id="53"/>
<token_anchor t_id="54"/>
<token_anchor t_id="55"/>
</ATTRIBUTION>
<ATTRIBUTION m_id="69" quote="true"  >
<token_anchor t_id="832"/>
<token_anchor t_id="833"/>
<token_anchor t_id="834"/>
</ATTRIBUTION>
<ATTRIBUTION m_id="38" quote="true"  >
<token_anchor t_id="524"/>
<token_anchor t_id="525"/>
</ATTRIBUTION>
<ATTRIBUTION m_id="71" quote="true"  >
<token_anchor t_id="869"/>
<token_anchor t_id="870"/>
<token_anchor t_id="871"/>
<token_anchor t_id="872"/>
<token_anchor t_id="873"/>
<token_anchor t_id="874"/>
<token_anchor t_id="875"/>
<token_anchor t_id="876"/>
<token_anchor t_id="877"/>
<token_anchor t_id="878"/>
<token_anchor t_id="879"/>
<token_anchor t_id="880"/>
<token_anchor t_id="881"/>
</ATTRIBUTION>
<ATTRIBUTION m_id="10" quote="true"  >
<token_anchor t_id="208"/>
<token_anchor t_id="209"/>
</ATTRIBUTION>
<BACKGROUND m_id="78" previous-episodes="false"  >
<token_anchor t_id="965"/>
<token_anchor t_id="966"/>
<token_anchor t_id="967"/>
<token_anchor t_id="968"/>
<token_anchor t_id="969"/>
<token_anchor t_id="970"/>
<token_anchor t_id="971"/>
</BACKGROUND>
<BACKGROUND m_id="47" previous-episodes="false"  >
<token_anchor t_id="619"/>
<token_anchor t_id="620"/>
<token_anchor t_id="621"/>
<token_anchor t_id="622"/>
</BACKGROUND>
<BACKGROUND m_id="79" previous-episodes="false"  >
<token_anchor t_id="973"/>
<token_anchor t_id="974"/>
<token_anchor t_id="975"/>
<token_anchor t_id="976"/>
<token_anchor t_id="977"/>
<token_anchor t_id="978"/>
<token_anchor t_id="979"/>
<token_anchor t_id="980"/>
<token_anchor t_id="981"/>
<token_anchor t_id="982"/>
<token_anchor t_id="983"/>
<token_anchor t_id="984"/>
<token_anchor t_id="985"/>
<token_anchor t_id="986"/>
<token_anchor t_id="987"/>
<token_anchor t_id="988"/>
<token_anchor t_id="989"/>
<token_anchor t_id="990"/>
<token_anchor t_id="991"/>
<token_anchor t_id="992"/>
<token_anchor t_id="993"/>
<token_anchor t_id="994"/>
<token_anchor t_id="995"/>
<token_anchor t_id="996"/>
<token_anchor t_id="997"/>
<token_anchor t_id="998"/>
<token_anchor t_id="999"/>
<token_anchor t_id="1000"/>
<token_anchor t_id="1001"/>
<token_anchor t_id="1002"/>
<token_anchor t_id="1003"/>
<token_anchor t_id="1004"/>
<token_anchor t_id="1005"/>
</BACKGROUND>
<BACKGROUND m_id="48" previous-episodes="true"  >
<token_anchor t_id="625"/>
<token_anchor t_id="626"/>
<token_anchor t_id="627"/>
<token_anchor t_id="628"/>
<token_anchor t_id="629"/>
<token_anchor t_id="630"/>
<token_anchor t_id="631"/>
<token_anchor t_id="632"/>
<token_anchor t_id="633"/>
<token_anchor t_id="634"/>
<token_anchor t_id="635"/>
<token_anchor t_id="636"/>
</BACKGROUND>
<BACKGROUND m_id="80" previous-episodes="false"  >
<token_anchor t_id="1007"/>
<token_anchor t_id="1008"/>
<token_anchor t_id="1009"/>
<token_anchor t_id="1010"/>
<token_anchor t_id="1011"/>
<token_anchor t_id="1012"/>
<token_anchor t_id="1013"/>
<token_anchor t_id="1014"/>
<token_anchor t_id="1015"/>
<token_anchor t_id="1016"/>
<token_anchor t_id="1017"/>
<token_anchor t_id="1018"/>
<token_anchor t_id="1019"/>
<token_anchor t_id="1020"/>
<token_anchor t_id="1021"/>
<token_anchor t_id="1022"/>
<token_anchor t_id="1023"/>
<token_anchor t_id="1024"/>
</BACKGROUND>
<BACKGROUND m_id="50" previous-episodes="false"  >
<token_anchor t_id="654"/>
<token_anchor t_id="655"/>
<token_anchor t_id="656"/>
<token_anchor t_id="657"/>
<token_anchor t_id="658"/>
<token_anchor t_id="659"/>
<token_anchor t_id="670"/>
<token_anchor t_id="671"/>
<token_anchor t_id="672"/>
<token_anchor t_id="673"/>
<token_anchor t_id="674"/>
<token_anchor t_id="675"/>
<token_anchor t_id="676"/>
<token_anchor t_id="677"/>
<token_anchor t_id="678"/>
<token_anchor t_id="679"/>
<token_anchor t_id="680"/>
</BACKGROUND>
<BACKGROUND m_id="18" previous-episodes="true"  >
<token_anchor t_id="271"/>
<token_anchor t_id="272"/>
<token_anchor t_id="273"/>
<token_anchor t_id="274"/>
<token_anchor t_id="275"/>
<token_anchor t_id="276"/>
<token_anchor t_id="277"/>
<token_anchor t_id="278"/>
<token_anchor t_id="279"/>
<token_anchor t_id="280"/>
<token_anchor t_id="281"/>
<token_anchor t_id="282"/>
<token_anchor t_id="283"/>
<token_anchor t_id="284"/>
<token_anchor t_id="285"/>
<token_anchor t_id="286"/>
<token_anchor t_id="287"/>
<token_anchor t_id="288"/>
</BACKGROUND>
<BACKGROUND m_id="51" previous-episodes="false"  >
<token_anchor t_id="661"/>
<token_anchor t_id="662"/>
<token_anchor t_id="663"/>
<token_anchor t_id="664"/>
<token_anchor t_id="665"/>
<token_anchor t_id="666"/>
<token_anchor t_id="667"/>
<token_anchor t_id="668"/>
</BACKGROUND>
<BACKGROUND m_id="53" previous-episodes="false"  >
<token_anchor t_id="686"/>
<token_anchor t_id="687"/>
<token_anchor t_id="688"/>
<token_anchor t_id="689"/>
<token_anchor t_id="690"/>
<token_anchor t_id="691"/>
<token_anchor t_id="692"/>
<token_anchor t_id="693"/>
</BACKGROUND>
<BACKGROUND m_id="54" previous-episodes="false"  >
<token_anchor t_id="696"/>
<token_anchor t_id="697"/>
<token_anchor t_id="698"/>
<token_anchor t_id="699"/>
<token_anchor t_id="700"/>
<token_anchor t_id="701"/>
<token_anchor t_id="702"/>
</BACKGROUND>
<BACKGROUND m_id="90" previous-episodes="false"  >
<token_anchor t_id="494"/>
<token_anchor t_id="495"/>
<token_anchor t_id="496"/>
<token_anchor t_id="497"/>
<token_anchor t_id="498"/>
<token_anchor t_id="499"/>
<token_anchor t_id="500"/>
<token_anchor t_id="501"/>
<token_anchor t_id="502"/>
<token_anchor t_id="503"/>
<token_anchor t_id="504"/>
<token_anchor t_id="505"/>
<token_anchor t_id="506"/>
<token_anchor t_id="507"/>
<token_anchor t_id="508"/>
<token_anchor t_id="509"/>
</BACKGROUND>
<BACKGROUND m_id="92" previous-episodes="false"  >
<token_anchor t_id="845"/>
<token_anchor t_id="846"/>
<token_anchor t_id="847"/>
<token_anchor t_id="848"/>
<token_anchor t_id="849"/>
<token_anchor t_id="850"/>
</BACKGROUND>
<BACKGROUND m_id="93" previous-episodes="false"  >
<token_anchor t_id="1026"/>
<token_anchor t_id="1027"/>
<token_anchor t_id="1028"/>
<token_anchor t_id="1029"/>
<token_anchor t_id="1030"/>
<token_anchor t_id="1031"/>
<token_anchor t_id="1032"/>
<token_anchor t_id="1033"/>
<token_anchor t_id="1034"/>
<token_anchor t_id="1035"/>
<token_anchor t_id="1036"/>
<token_anchor t_id="1037"/>
<token_anchor t_id="1038"/>
<token_anchor t_id="1039"/>
<token_anchor t_id="1040"/>
<token_anchor t_id="1041"/>
<token_anchor t_id="1042"/>
<token_anchor t_id="1043"/>
<token_anchor t_id="1044"/>
<token_anchor t_id="1045"/>
<token_anchor t_id="1046"/>
<token_anchor t_id="1047"/>
<token_anchor t_id="1048"/>
<token_anchor t_id="1049"/>
</BACKGROUND>
<BACKGROUND m_id="62" previous-episodes="false"  >
<token_anchor t_id="747"/>
<token_anchor t_id="748"/>
<token_anchor t_id="749"/>
<token_anchor t_id="750"/>
<token_anchor t_id="751"/>
<token_anchor t_id="752"/>
<token_anchor t_id="753"/>
<token_anchor t_id="754"/>
<token_anchor t_id="755"/>
<token_anchor t_id="756"/>
<token_anchor t_id="757"/>
<token_anchor t_id="758"/>
<token_anchor t_id="759"/>
<token_anchor t_id="760"/>
<token_anchor t_id="761"/>
<token_anchor t_id="762"/>
<token_anchor t_id="763"/>
<token_anchor t_id="764"/>
<token_anchor t_id="765"/>
<token_anchor t_id="766"/>
<token_anchor t_id="767"/>
<token_anchor t_id="768"/>
</BACKGROUND>
<BACKGROUND m_id="63" previous-episodes="false"  >
<token_anchor t_id="770"/>
<token_anchor t_id="771"/>
<token_anchor t_id="772"/>
<token_anchor t_id="773"/>
<token_anchor t_id="774"/>
<token_anchor t_id="775"/>
<token_anchor t_id="776"/>
<token_anchor t_id="777"/>
<token_anchor t_id="778"/>
<token_anchor t_id="779"/>
<token_anchor t_id="780"/>
<token_anchor t_id="781"/>
<token_anchor t_id="782"/>
<token_anchor t_id="783"/>
<token_anchor t_id="784"/>
</BACKGROUND>
<BACKGROUND m_id="96" previous-episodes="false"  >
<token_anchor t_id="711"/>
<token_anchor t_id="712"/>
<token_anchor t_id="713"/>
<token_anchor t_id="714"/>
</BACKGROUND>
<BACKGROUND m_id="65" previous-episodes="false"  >
<token_anchor t_id="796"/>
<token_anchor t_id="797"/>
<token_anchor t_id="798"/>
<token_anchor t_id="799"/>
<token_anchor t_id="800"/>
<token_anchor t_id="801"/>
<token_anchor t_id="802"/>
<token_anchor t_id="803"/>
<token_anchor t_id="804"/>
<token_anchor t_id="805"/>
<token_anchor t_id="806"/>
<token_anchor t_id="807"/>
</BACKGROUND>
<BACKGROUND m_id="98" previous-episodes="false"  >
<token_anchor t_id="836"/>
<token_anchor t_id="837"/>
<token_anchor t_id="838"/>
<token_anchor t_id="839"/>
<token_anchor t_id="840"/>
<token_anchor t_id="841"/>
<token_anchor t_id="842"/>
<token_anchor t_id="843"/>
<token_anchor t_id="844"/>
</BACKGROUND>
<BACKGROUND m_id="67" previous-episodes="false"  >
<token_anchor t_id="811"/>
<token_anchor t_id="812"/>
<token_anchor t_id="813"/>
</BACKGROUND>
<BACKGROUND m_id="68" previous-episodes="false"  >
<token_anchor t_id="814"/>
<token_anchor t_id="815"/>
<token_anchor t_id="816"/>
<token_anchor t_id="817"/>
<token_anchor t_id="818"/>
<token_anchor t_id="819"/>
</BACKGROUND>
<BACKGROUND m_id="5" previous-episodes="true"  >
<token_anchor t_id="101"/>
<token_anchor t_id="102"/>
<token_anchor t_id="103"/>
<token_anchor t_id="104"/>
<token_anchor t_id="105"/>
<token_anchor t_id="106"/>
<token_anchor t_id="120"/>
<token_anchor t_id="121"/>
<token_anchor t_id="122"/>
<token_anchor t_id="123"/>
<token_anchor t_id="124"/>
</BACKGROUND>
<BACKGROUND m_id="70" previous-episodes="false"  >
<token_anchor t_id="851"/>
<token_anchor t_id="852"/>
<token_anchor t_id="853"/>
<token_anchor t_id="854"/>
<token_anchor t_id="855"/>
<token_anchor t_id="856"/>
<token_anchor t_id="857"/>
<token_anchor t_id="858"/>
<token_anchor t_id="859"/>
<token_anchor t_id="860"/>
<token_anchor t_id="861"/>
<token_anchor t_id="862"/>
<token_anchor t_id="863"/>
<token_anchor t_id="864"/>
<token_anchor t_id="865"/>
<token_anchor t_id="866"/>
<token_anchor t_id="867"/>
</BACKGROUND>
<BACKGROUND m_id="6" previous-episodes="true"  >
<token_anchor t_id="107"/>
<token_anchor t_id="108"/>
<token_anchor t_id="109"/>
<token_anchor t_id="110"/>
<token_anchor t_id="111"/>
<token_anchor t_id="112"/>
<token_anchor t_id="113"/>
<token_anchor t_id="114"/>
<token_anchor t_id="115"/>
<token_anchor t_id="116"/>
<token_anchor t_id="117"/>
<token_anchor t_id="118"/>
<token_anchor t_id="119"/>
</BACKGROUND>
<BACKGROUND m_id="7" previous-episodes="true"  >
<token_anchor t_id="99"/>
<token_anchor t_id="127"/>
<token_anchor t_id="128"/>
<token_anchor t_id="129"/>
<token_anchor t_id="130"/>
<token_anchor t_id="131"/>
<token_anchor t_id="132"/>
<token_anchor t_id="133"/>
<token_anchor t_id="134"/>
<token_anchor t_id="135"/>
<token_anchor t_id="136"/>
<token_anchor t_id="137"/>
<token_anchor t_id="138"/>
<token_anchor t_id="139"/>
<token_anchor t_id="140"/>
<token_anchor t_id="141"/>
<token_anchor t_id="142"/>
</BACKGROUND>
<BACKGROUND m_id="72" previous-episodes="false"  >
<token_anchor t_id="882"/>
<token_anchor t_id="883"/>
<token_anchor t_id="884"/>
<token_anchor t_id="885"/>
<token_anchor t_id="886"/>
</BACKGROUND>
<BACKGROUND m_id="8" previous-episodes="true"  >
<token_anchor t_id="166"/>
<token_anchor t_id="167"/>
<token_anchor t_id="168"/>
<token_anchor t_id="169"/>
<token_anchor t_id="170"/>
<token_anchor t_id="171"/>
<token_anchor t_id="172"/>
<token_anchor t_id="173"/>
<token_anchor t_id="174"/>
<token_anchor t_id="175"/>
<token_anchor t_id="176"/>
<token_anchor t_id="177"/>
<token_anchor t_id="178"/>
<token_anchor t_id="179"/>
<token_anchor t_id="180"/>
<token_anchor t_id="181"/>
<token_anchor t_id="182"/>
<token_anchor t_id="183"/>
<token_anchor t_id="184"/>
<token_anchor t_id="185"/>
<token_anchor t_id="186"/>
<token_anchor t_id="187"/>
<token_anchor t_id="188"/>
<token_anchor t_id="189"/>
<token_anchor t_id="190"/>
<token_anchor t_id="191"/>
<token_anchor t_id="192"/>
<token_anchor t_id="193"/>
<token_anchor t_id="194"/>
</BACKGROUND>
<BACKGROUND m_id="73" previous-episodes="false"  >
<token_anchor t_id="887"/>
<token_anchor t_id="888"/>
<token_anchor t_id="889"/>
<token_anchor t_id="890"/>
<token_anchor t_id="891"/>
<token_anchor t_id="892"/>
<token_anchor t_id="893"/>
<token_anchor t_id="894"/>
<token_anchor t_id="895"/>
<token_anchor t_id="896"/>
<token_anchor t_id="897"/>
<token_anchor t_id="898"/>
<token_anchor t_id="899"/>
</BACKGROUND>
<BACKGROUND m_id="74" previous-episodes="false"  >
<token_anchor t_id="901"/>
<token_anchor t_id="902"/>
<token_anchor t_id="903"/>
<token_anchor t_id="904"/>
<token_anchor t_id="905"/>
<token_anchor t_id="906"/>
<token_anchor t_id="907"/>
<token_anchor t_id="908"/>
<token_anchor t_id="909"/>
</BACKGROUND>
<BACKGROUND m_id="75" previous-episodes="false"  >
<token_anchor t_id="912"/>
<token_anchor t_id="913"/>
<token_anchor t_id="914"/>
<token_anchor t_id="915"/>
<token_anchor t_id="916"/>
<token_anchor t_id="917"/>
<token_anchor t_id="918"/>
<token_anchor t_id="919"/>
<token_anchor t_id="920"/>
<token_anchor t_id="921"/>
<token_anchor t_id="922"/>
<token_anchor t_id="923"/>
<token_anchor t_id="924"/>
<token_anchor t_id="925"/>
<token_anchor t_id="926"/>
<token_anchor t_id="927"/>
<token_anchor t_id="928"/>
<token_anchor t_id="929"/>
<token_anchor t_id="930"/>
<token_anchor t_id="931"/>
</BACKGROUND>
<BACKGROUND m_id="76" previous-episodes="false"  >
<token_anchor t_id="933"/>
<token_anchor t_id="934"/>
<token_anchor t_id="935"/>
<token_anchor t_id="936"/>
<token_anchor t_id="937"/>
<token_anchor t_id="938"/>
<token_anchor t_id="939"/>
<token_anchor t_id="940"/>
<token_anchor t_id="941"/>
<token_anchor t_id="942"/>
<token_anchor t_id="943"/>
<token_anchor t_id="944"/>
<token_anchor t_id="945"/>
<token_anchor t_id="946"/>
<token_anchor t_id="947"/>
<token_anchor t_id="948"/>
<token_anchor t_id="949"/>
<token_anchor t_id="950"/>
<token_anchor t_id="951"/>
<token_anchor t_id="952"/>
<token_anchor t_id="953"/>
<token_anchor t_id="954"/>
<token_anchor t_id="955"/>
<token_anchor t_id="956"/>
<token_anchor t_id="957"/>
<token_anchor t_id="958"/>
<token_anchor t_id="959"/>
<token_anchor t_id="960"/>
</BACKGROUND>
<DESCRIPTION m_id="82" context="false"  >
<token_anchor t_id="1057"/>
<token_anchor t_id="1058"/>
<token_anchor t_id="1059"/>
</DESCRIPTION>
<DESCRIPTION m_id="19" context="false"  >
<token_anchor t_id="289"/>
<token_anchor t_id="290"/>
<token_anchor t_id="291"/>
<token_anchor t_id="292"/>
<token_anchor t_id="293"/>
<token_anchor t_id="294"/>
<token_anchor t_id="295"/>
</DESCRIPTION>
<DESCRIPTION m_id="21" context="true"  >
<token_anchor t_id="322"/>
<token_anchor t_id="323"/>
<token_anchor t_id="324"/>
<token_anchor t_id="325"/>
<token_anchor t_id="326"/>
<token_anchor t_id="327"/>
<token_anchor t_id="328"/>
<token_anchor t_id="329"/>
</DESCRIPTION>
<DESCRIPTION m_id="87" context="true"  >
<token_anchor t_id="156"/>
<token_anchor t_id="157"/>
<token_anchor t_id="158"/>
<token_anchor t_id="159"/>
<token_anchor t_id="160"/>
<token_anchor t_id="161"/>
<token_anchor t_id="162"/>
<token_anchor t_id="163"/>
<token_anchor t_id="164"/>
</DESCRIPTION>
<DESCRIPTION m_id="101" context="true"  >
<token_anchor t_id="144"/>
<token_anchor t_id="145"/>
<token_anchor t_id="146"/>
<token_anchor t_id="147"/>
<token_anchor t_id="148"/>
<token_anchor t_id="149"/>
</DESCRIPTION>
<DESCRIPTION m_id="102" context="true"  >
<token_anchor t_id="150"/>
<token_anchor t_id="151"/>
<token_anchor t_id="152"/>
<token_anchor t_id="153"/>
<token_anchor t_id="154"/>
<token_anchor t_id="155"/>
</DESCRIPTION>
<DESCRIPTION m_id="41" context="true"  >
<token_anchor t_id="536"/>
<token_anchor t_id="537"/>
<token_anchor t_id="538"/>
<token_anchor t_id="539"/>
<token_anchor t_id="540"/>
<token_anchor t_id="541"/>
<token_anchor t_id="542"/>
<token_anchor t_id="543"/>
<token_anchor t_id="544"/>
<token_anchor t_id="545"/>
<token_anchor t_id="546"/>
<token_anchor t_id="547"/>
<token_anchor t_id="548"/>
<token_anchor t_id="549"/>
<token_anchor t_id="550"/>
<token_anchor t_id="551"/>
<token_anchor t_id="552"/>
<token_anchor t_id="553"/>
<token_anchor t_id="554"/>
<token_anchor t_id="555"/>
<token_anchor t_id="556"/>
<token_anchor t_id="557"/>
<token_anchor t_id="558"/>
<token_anchor t_id="559"/>
</DESCRIPTION>
<DESCRIPTION m_id="9" context="false"  >
<token_anchor t_id="196"/>
<token_anchor t_id="197"/>
<token_anchor t_id="198"/>
<token_anchor t_id="199"/>
<token_anchor t_id="200"/>
<token_anchor t_id="201"/>
<token_anchor t_id="202"/>
<token_anchor t_id="203"/>
<token_anchor t_id="204"/>
<token_anchor t_id="205"/>
<token_anchor t_id="206"/>
</DESCRIPTION>
<DESCRIPTION m_id="43" context="true"  >
<token_anchor t_id="588"/>
<token_anchor t_id="589"/>
<token_anchor t_id="590"/>
<token_anchor t_id="591"/>
<token_anchor t_id="592"/>
<token_anchor t_id="593"/>
<token_anchor t_id="594"/>
</DESCRIPTION>
<DESCRIPTION m_id="11" context="true"  >
<token_anchor t_id="231"/>
<token_anchor t_id="232"/>
<token_anchor t_id="233"/>
<token_anchor t_id="234"/>
<token_anchor t_id="235"/>
<token_anchor t_id="236"/>
<token_anchor t_id="237"/>
<token_anchor t_id="238"/>
<token_anchor t_id="239"/>
<token_anchor t_id="240"/>
</DESCRIPTION>
<EVALUATION m_id="77"  >
<token_anchor t_id="962"/>
<token_anchor t_id="963"/>
</EVALUATION>
<EVALUATION m_id="20"  >
<token_anchor t_id="307"/>
<token_anchor t_id="308"/>
<token_anchor t_id="309"/>
<token_anchor t_id="310"/>
<token_anchor t_id="311"/>
<token_anchor t_id="312"/>
<token_anchor t_id="313"/>
<token_anchor t_id="314"/>
<token_anchor t_id="315"/>
<token_anchor t_id="316"/>
<token_anchor t_id="317"/>
<token_anchor t_id="318"/>
<token_anchor t_id="319"/>
</EVALUATION>
<EVALUATION m_id="22"  >
<token_anchor t_id="332"/>
<token_anchor t_id="333"/>
<token_anchor t_id="334"/>
<token_anchor t_id="335"/>
<token_anchor t_id="336"/>
<token_anchor t_id="337"/>
<token_anchor t_id="338"/>
<token_anchor t_id="339"/>
<token_anchor t_id="340"/>
<token_anchor t_id="341"/>
<token_anchor t_id="342"/>
</EVALUATION>
<EVALUATION m_id="25"  >
<token_anchor t_id="398"/>
<token_anchor t_id="399"/>
<token_anchor t_id="400"/>
<token_anchor t_id="401"/>
</EVALUATION>
<EVALUATION m_id="27"  >
<token_anchor t_id="417"/>
<token_anchor t_id="418"/>
<token_anchor t_id="419"/>
<token_anchor t_id="420"/>
<token_anchor t_id="421"/>
<token_anchor t_id="422"/>
<token_anchor t_id="423"/>
</EVALUATION>
<EVALUATION m_id="28"  >
<token_anchor t_id="425"/>
<token_anchor t_id="426"/>
<token_anchor t_id="427"/>
<token_anchor t_id="428"/>
<token_anchor t_id="429"/>
</EVALUATION>
<EVALUATION m_id="29"  >
<token_anchor t_id="430"/>
<token_anchor t_id="431"/>
</EVALUATION>
<EVALUATION m_id="30"  >
<token_anchor t_id="432"/>
<token_anchor t_id="433"/>
<token_anchor t_id="434"/>
<token_anchor t_id="435"/>
<token_anchor t_id="436"/>
<token_anchor t_id="437"/>
<token_anchor t_id="438"/>
<token_anchor t_id="439"/>
<token_anchor t_id="440"/>
<token_anchor t_id="441"/>
<token_anchor t_id="442"/>
<token_anchor t_id="443"/>
<token_anchor t_id="444"/>
<token_anchor t_id="445"/>
<token_anchor t_id="446"/>
</EVALUATION>
<EVALUATION m_id="1"  >
<token_anchor t_id="1"/>
<token_anchor t_id="2"/>
<token_anchor t_id="3"/>
<token_anchor t_id="4"/>
<token_anchor t_id="5"/>
<token_anchor t_id="6"/>
<token_anchor t_id="7"/>
<token_anchor t_id="8"/>
<token_anchor t_id="9"/>
</EVALUATION>
<EVALUATION m_id="12"  >
<token_anchor t_id="242"/>
<token_anchor t_id="243"/>
<token_anchor t_id="244"/>
<token_anchor t_id="245"/>
</EVALUATION>
<EXPECTATION m_id="13"  >
<token_anchor t_id="246"/>
<token_anchor t_id="247"/>
<token_anchor t_id="248"/>
<token_anchor t_id="249"/>
<token_anchor t_id="250"/>
<token_anchor t_id="251"/>
</EXPECTATION>
<EXPECTATION m_id="49"  >
<token_anchor t_id="639"/>
<token_anchor t_id="640"/>
<token_anchor t_id="641"/>
<token_anchor t_id="642"/>
<token_anchor t_id="643"/>
<token_anchor t_id="644"/>
<token_anchor t_id="645"/>
<token_anchor t_id="646"/>
<token_anchor t_id="647"/>
<token_anchor t_id="648"/>
<token_anchor t_id="649"/>
<token_anchor t_id="650"/>
<token_anchor t_id="651"/>
<token_anchor t_id="652"/>
</EXPECTATION>
<EXPECTATION m_id="26"  >
<token_anchor t_id="402"/>
<token_anchor t_id="403"/>
<token_anchor t_id="404"/>
<token_anchor t_id="405"/>
<token_anchor t_id="406"/>
<token_anchor t_id="407"/>
<token_anchor t_id="408"/>
<token_anchor t_id="409"/>
<token_anchor t_id="410"/>
</EXPECTATION>
<EXPECTATION m_id="91"  >
<token_anchor t_id="530"/>
<token_anchor t_id="531"/>
</EXPECTATION>
<EXPECTATION m_id="61"  >
<token_anchor t_id="735"/>
<token_anchor t_id="736"/>
<token_anchor t_id="737"/>
<token_anchor t_id="738"/>
<token_anchor t_id="739"/>
<token_anchor t_id="740"/>
<token_anchor t_id="741"/>
</EXPECTATION>
<EXPECTATION m_id="32"  >
<token_anchor t_id="458"/>
<token_anchor t_id="459"/>
<token_anchor t_id="460"/>
<token_anchor t_id="461"/>
<token_anchor t_id="462"/>
<token_anchor t_id="463"/>
<token_anchor t_id="464"/>
<token_anchor t_id="465"/>
<token_anchor t_id="466"/>
<token_anchor t_id="467"/>
<token_anchor t_id="468"/>
<token_anchor t_id="469"/>
<token_anchor t_id="470"/>
<token_anchor t_id="471"/>
<token_anchor t_id="472"/>
<token_anchor t_id="473"/>
<token_anchor t_id="474"/>
<token_anchor t_id="475"/>
<token_anchor t_id="476"/>
<token_anchor t_id="477"/>
</EXPECTATION>
<EXPECTATION m_id="33"  >
<token_anchor t_id="453"/>
<token_anchor t_id="454"/>
<token_anchor t_id="455"/>
<token_anchor t_id="456"/>
<token_anchor t_id="457"/>
</EXPECTATION>
<EXPECTATION m_id="4"  >
<token_anchor t_id="84"/>
<token_anchor t_id="85"/>
<token_anchor t_id="86"/>
<token_anchor t_id="87"/>
<token_anchor t_id="88"/>
<token_anchor t_id="89"/>
<token_anchor t_id="90"/>
<token_anchor t_id="91"/>
<token_anchor t_id="92"/>
<token_anchor t_id="93"/>
<token_anchor t_id="94"/>
<token_anchor t_id="95"/>
<token_anchor t_id="96"/>
<token_anchor t_id="97"/>
</EXPECTATION>
<EXPECTATION m_id="39"  >
<token_anchor t_id="526"/>
<token_anchor t_id="527"/>
<token_anchor t_id="528"/>
<token_anchor t_id="529"/>
</EXPECTATION>
<EXPECTATION m_id="40"  >
<token_anchor t_id="532"/>
<token_anchor t_id="533"/>
<token_anchor t_id="534"/>
</EXPECTATION>
<FOLLOW-UP m_id="14" anchor="future"  >
<token_anchor t_id="252"/>
<token_anchor t_id="253"/>
<token_anchor t_id="254"/>
<token_anchor t_id="255"/>
<token_anchor t_id="256"/>
</FOLLOW-UP>
<FOLLOW-UP m_id="15" anchor="future"  >
<token_anchor t_id="257"/>
<token_anchor t_id="258"/>
<token_anchor t_id="259"/>
<token_anchor t_id="260"/>
<token_anchor t_id="261"/>
<token_anchor t_id="262"/>
<token_anchor t_id="263"/>
<token_anchor t_id="264"/>
</FOLLOW-UP>
<FOLLOW-UP m_id="85" anchor="future"  >
<token_anchor t_id="66"/>
<token_anchor t_id="67"/>
<token_anchor t_id="68"/>
<token_anchor t_id="69"/>
<token_anchor t_id="70"/>
<token_anchor t_id="71"/>
<token_anchor t_id="72"/>
<token_anchor t_id="73"/>
<token_anchor t_id="74"/>
<token_anchor t_id="75"/>
<token_anchor t_id="76"/>
<token_anchor t_id="77"/>
</FOLLOW-UP>
<FOLLOW-UP m_id="86" anchor="future"  >
<token_anchor t_id="78"/>
<token_anchor t_id="79"/>
<token_anchor t_id="80"/>
<token_anchor t_id="81"/>
<token_anchor t_id="82"/>
</FOLLOW-UP>
<FOLLOW-UP m_id="23" anchor="non_future"  >
<token_anchor t_id="376"/>
<token_anchor t_id="377"/>
<token_anchor t_id="378"/>
<token_anchor t_id="379"/>
<token_anchor t_id="380"/>
<token_anchor t_id="381"/>
<token_anchor t_id="382"/>
<token_anchor t_id="383"/>
<token_anchor t_id="384"/>
<token_anchor t_id="385"/>
<token_anchor t_id="386"/>
<token_anchor t_id="387"/>
<token_anchor t_id="388"/>
<token_anchor t_id="389"/>
<token_anchor t_id="390"/>
<token_anchor t_id="391"/>
<token_anchor t_id="392"/>
<token_anchor t_id="393"/>
<token_anchor t_id="394"/>
<token_anchor t_id="395"/>
</FOLLOW-UP>
<FOLLOW-UP m_id="56" anchor="future"  >
<token_anchor t_id="705"/>
<token_anchor t_id="706"/>
<token_anchor t_id="707"/>
<token_anchor t_id="708"/>
<token_anchor t_id="709"/>
<token_anchor t_id="710"/>
</FOLLOW-UP>
<FOLLOW-UP m_id="57" anchor="future"  >
<token_anchor t_id="716"/>
<token_anchor t_id="717"/>
<token_anchor t_id="718"/>
<token_anchor t_id="719"/>
</FOLLOW-UP>
<FOLLOW-UP m_id="89" anchor="non_future"  >
<token_anchor t_id="344"/>
<token_anchor t_id="345"/>
<token_anchor t_id="346"/>
<token_anchor t_id="347"/>
<token_anchor t_id="348"/>
<token_anchor t_id="349"/>
<token_anchor t_id="350"/>
<token_anchor t_id="351"/>
<token_anchor t_id="352"/>
<token_anchor t_id="353"/>
<token_anchor t_id="354"/>
<token_anchor t_id="355"/>
<token_anchor t_id="356"/>
<token_anchor t_id="357"/>
<token_anchor t_id="358"/>
<token_anchor t_id="359"/>
<token_anchor t_id="360"/>
<token_anchor t_id="361"/>
<token_anchor t_id="362"/>
<token_anchor t_id="363"/>
<token_anchor t_id="364"/>
<token_anchor t_id="365"/>
<token_anchor t_id="366"/>
<token_anchor t_id="367"/>
<token_anchor t_id="368"/>
<token_anchor t_id="369"/>
<token_anchor t_id="370"/>
<token_anchor t_id="371"/>
<token_anchor t_id="372"/>
<token_anchor t_id="373"/>
<token_anchor t_id="374"/>
</FOLLOW-UP>
<FOLLOW-UP m_id="58" anchor="future"  >
<token_anchor t_id="720"/>
<token_anchor t_id="721"/>
<token_anchor t_id="722"/>
<token_anchor t_id="723"/>
<token_anchor t_id="724"/>
<token_anchor t_id="725"/>
<token_anchor t_id="726"/>
</FOLLOW-UP>
<FOLLOW-UP m_id="59" anchor="future"  >
<token_anchor t_id="727"/>
<token_anchor t_id="728"/>
<token_anchor t_id="729"/>
<token_anchor t_id="730"/>
</FOLLOW-UP>
<FOLLOW-UP m_id="60" anchor="future"  >
<token_anchor t_id="732"/>
<token_anchor t_id="733"/>
<token_anchor t_id="734"/>
</FOLLOW-UP>
<FOLLOW-UP m_id="94" anchor="non_future"  >
<token_anchor t_id="576"/>
<token_anchor t_id="577"/>
<token_anchor t_id="578"/>
<token_anchor t_id="579"/>
<token_anchor t_id="580"/>
<token_anchor t_id="581"/>
<token_anchor t_id="582"/>
<token_anchor t_id="583"/>
</FOLLOW-UP>
<FOLLOW-UP m_id="95" anchor="non_future"  >
<token_anchor t_id="584"/>
<token_anchor t_id="585"/>
<token_anchor t_id="586"/>
<token_anchor t_id="587"/>
</FOLLOW-UP>
<FOLLOW-UP m_id="97" anchor="non_future"  >
<token_anchor t_id="821"/>
<token_anchor t_id="822"/>
<token_anchor t_id="823"/>
<token_anchor t_id="824"/>
<token_anchor t_id="825"/>
<token_anchor t_id="826"/>
<token_anchor t_id="827"/>
<token_anchor t_id="828"/>
<token_anchor t_id="829"/>
<token_anchor t_id="830"/>
</FOLLOW-UP>
<FOLLOW-UP m_id="36" anchor="future"  >
<token_anchor t_id="514"/>
<token_anchor t_id="515"/>
<token_anchor t_id="516"/>
<token_anchor t_id="517"/>
</FOLLOW-UP>
<FOLLOW-UP m_id="37" anchor="future"  >
<token_anchor t_id="518"/>
<token_anchor t_id="519"/>
<token_anchor t_id="520"/>
<token_anchor t_id="521"/>
<token_anchor t_id="522"/>
</FOLLOW-UP>
<FOLLOW-UP m_id="42" anchor="future"  >
<token_anchor t_id="561"/>
<token_anchor t_id="562"/>
<token_anchor t_id="563"/>
<token_anchor t_id="564"/>
<token_anchor t_id="565"/>
<token_anchor t_id="566"/>
<token_anchor t_id="567"/>
<token_anchor t_id="568"/>
<token_anchor t_id="569"/>
<token_anchor t_id="570"/>
<token_anchor t_id="571"/>
<token_anchor t_id="572"/>
<token_anchor t_id="573"/>
<token_anchor t_id="574"/>
</FOLLOW-UP>
<FOLLOW-UP m_id="44" anchor="future"  >
<token_anchor t_id="596"/>
<token_anchor t_id="597"/>
<token_anchor t_id="598"/>
<token_anchor t_id="599"/>
<token_anchor t_id="600"/>
<token_anchor t_id="601"/>
<token_anchor t_id="602"/>
<token_anchor t_id="603"/>
<token_anchor t_id="604"/>
<token_anchor t_id="605"/>
<token_anchor t_id="606"/>
<token_anchor t_id="607"/>
<token_anchor t_id="608"/>
<token_anchor t_id="609"/>
<token_anchor t_id="610"/>
<token_anchor t_id="611"/>
</FOLLOW-UP>
<FOREGROUND m_id="83" type="narration"  >
<token_anchor t_id="11"/>
<token_anchor t_id="12"/>
<token_anchor t_id="13"/>
<token_anchor t_id="14"/>
<token_anchor t_id="15"/>
<token_anchor t_id="16"/>
<token_anchor t_id="17"/>
<token_anchor t_id="18"/>
<token_anchor t_id="19"/>
<token_anchor t_id="20"/>
<token_anchor t_id="21"/>
<token_anchor t_id="22"/>
<token_anchor t_id="23"/>
<token_anchor t_id="24"/>
<token_anchor t_id="25"/>
</FOREGROUND>
<FOREGROUND m_id="84" type="narration"  >
<token_anchor t_id="27"/>
<token_anchor t_id="28"/>
<token_anchor t_id="29"/>
<token_anchor t_id="30"/>
<token_anchor t_id="31"/>
<token_anchor t_id="32"/>
</FOREGROUND>
<FOREGROUND m_id="88" type="narration"  >
<token_anchor t_id="210"/>
<token_anchor t_id="211"/>
<token_anchor t_id="212"/>
<token_anchor t_id="213"/>
<token_anchor t_id="214"/>
<token_anchor t_id="215"/>
<token_anchor t_id="216"/>
<token_anchor t_id="217"/>
<token_anchor t_id="218"/>
<token_anchor t_id="219"/>
<token_anchor t_id="220"/>
<token_anchor t_id="221"/>
<token_anchor t_id="222"/>
<token_anchor t_id="223"/>
<token_anchor t_id="224"/>
<token_anchor t_id="225"/>
<token_anchor t_id="226"/>
<token_anchor t_id="227"/>
<token_anchor t_id="228"/>
<token_anchor t_id="229"/>
</FOREGROUND>
<FOREGROUND m_id="2" type="narration"  >
<token_anchor t_id="34"/>
<token_anchor t_id="35"/>
<token_anchor t_id="36"/>
<token_anchor t_id="37"/>
<token_anchor t_id="38"/>
<token_anchor t_id="39"/>
<token_anchor t_id="40"/>
<token_anchor t_id="41"/>
<token_anchor t_id="42"/>
<token_anchor t_id="43"/>
<token_anchor t_id="44"/>
<token_anchor t_id="45"/>
<token_anchor t_id="46"/>
<token_anchor t_id="47"/>
<token_anchor t_id="48"/>
<token_anchor t_id="49"/>
<token_anchor t_id="50"/>
<token_anchor t_id="51"/>
</FOREGROUND>
<FOREGROUND m_id="99" type="narration"  >
<token_anchor t_id="56"/>
<token_anchor t_id="57"/>
<token_anchor t_id="58"/>
<token_anchor t_id="59"/>
<token_anchor t_id="60"/>
<token_anchor t_id="61"/>
<token_anchor t_id="62"/>
<token_anchor t_id="63"/>
<token_anchor t_id="64"/>
</FOREGROUND>
<FOREGROUND m_id="100" type="description"  >
<token_anchor t_id="479"/>
<token_anchor t_id="480"/>
<token_anchor t_id="481"/>
<token_anchor t_id="482"/>
<token_anchor t_id="483"/>
</FOREGROUND>


</Markables>

<Relations>
</Relations>
</Document>
