<Document doc_name="wsj_0751.xml.conll.txt">
<token t_id="1" sentence="0" number="0">Dime</token>
<token t_id="2" sentence="0" number="1">Savings</token>
<token t_id="3" sentence="0" number="2">Bank</token>
<token t_id="4" sentence="0" number="3">of</token>
<token t_id="5" sentence="0" number="4">New</token>
<token t_id="6" sentence="0" number="5">York</token>
<token t_id="7" sentence="0" number="6">was</token>
<token t_id="8" sentence="0" number="7">cleared</token>
<token t_id="9" sentence="0" number="8">by</token>
<token t_id="10" sentence="0" number="9">the</token>
<token t_id="11" sentence="0" number="10">Federal</token>
<token t_id="12" sentence="0" number="11">Deposit</token>
<token t_id="13" sentence="0" number="12">Insurance</token>
<token t_id="14" sentence="0" number="13">Corp</token>
<token t_id="15" sentence="0" number="14">.</token>
<token t_id="16" sentence="0" number="15">to</token>
<token t_id="17" sentence="0" number="16">acquire</token>
<token t_id="18" sentence="0" number="17">Starpointe</token>
<token t_id="19" sentence="0" number="18">Savings</token>
<token t_id="20" sentence="0" number="19">Bank</token>
<token t_id="21" sentence="0" number="20">of</token>
<token t_id="22" sentence="0" number="21">Somerset</token>
<token t_id="23" sentence="0" number="22">,</token>
<token t_id="24" sentence="0" number="23">N</token>
<token t_id="25" sentence="0" number="24">.</token>
<token t_id="26" sentence="0" number="25">J</token>
<token t_id="27" sentence="0" number="26">.</token>
<token t_id="28" sentence="0" number="27">,</token>
<token t_id="29" sentence="0" number="28">the</token>
<token t_id="30" sentence="0" number="29">banks</token>
<token t_id="31" sentence="0" number="30">said</token>
<token t_id="32" sentence="0" number="31">.</token>
<token t_id="33" sentence="1" number="0">Starpointe</token>
<token t_id="34" sentence="1" number="1">holders</token>
<token t_id="35" sentence="1" number="2">,</token>
<token t_id="36" sentence="1" number="3">who</token>
<token t_id="37" sentence="1" number="4">approved</token>
<token t_id="38" sentence="1" number="5">the</token>
<token t_id="39" sentence="1" number="6">plan</token>
<token t_id="40" sentence="1" number="7">last</token>
<token t_id="41" sentence="1" number="8">April</token>
<token t_id="42" sentence="1" number="9">,</token>
<token t_id="43" sentence="1" number="10">will</token>
<token t_id="44" sentence="1" number="11">receive</token>
<token t_id="45" sentence="1" number="12">$</token>
<token t_id="46" sentence="1" number="13">21</token>
<token t_id="47" sentence="1" number="14">in</token>
<token t_id="48" sentence="1" number="15">cash</token>
<token t_id="49" sentence="1" number="16">a</token>
<token t_id="50" sentence="1" number="17">share</token>
<token t_id="51" sentence="1" number="18">,</token>
<token t_id="52" sentence="1" number="19">or</token>
<token t_id="53" sentence="1" number="20">a</token>
<token t_id="54" sentence="1" number="21">total</token>
<token t_id="55" sentence="1" number="22">$</token>
<token t_id="56" sentence="1" number="23">63</token>
<token t_id="57" sentence="1" number="24">million</token>
<token t_id="58" sentence="1" number="25">.</token>
<token t_id="59" sentence="2" number="0">The</token>
<token t_id="60" sentence="2" number="1">FDIC</token>
<token t_id="61" sentence="2" number="2">cleared</token>
<token t_id="62" sentence="2" number="3">the</token>
<token t_id="63" sentence="2" number="4">move</token>
<token t_id="64" sentence="2" number="5">yesterday</token>
<token t_id="65" sentence="2" number="6">,</token>
<token t_id="66" sentence="2" number="7">and</token>
<token t_id="67" sentence="2" number="8">the</token>
<token t_id="68" sentence="2" number="9">banks</token>
<token t_id="69" sentence="2" number="10">must</token>
<token t_id="70" sentence="2" number="11">wait</token>
<token t_id="71" sentence="2" number="12">at</token>
<token t_id="72" sentence="2" number="13">least</token>
<token t_id="73" sentence="2" number="14">30</token>
<token t_id="74" sentence="2" number="15">days</token>
<token t_id="75" sentence="2" number="16">before</token>
<token t_id="76" sentence="2" number="17">closing</token>
<token t_id="77" sentence="2" number="18">the</token>
<token t_id="78" sentence="2" number="19">purchase</token>
<token t_id="79" sentence="2" number="20">.</token>
<token t_id="80" sentence="3" number="0">A</token>
<token t_id="81" sentence="3" number="1">closing</token>
<token t_id="82" sentence="3" number="2">date</token>
<token t_id="83" sentence="3" number="3">has</token>
<token t_id="84" sentence="3" number="4">n't</token>
<token t_id="85" sentence="3" number="5">been</token>
<token t_id="86" sentence="3" number="6">set</token>
<token t_id="87" sentence="3" number="7">.</token>


<Markables>
<ATTRIBUTION m_id="1" quote="true"  >
<token_anchor t_id="29"/>
<token_anchor t_id="30"/>
<token_anchor t_id="31"/>
</ATTRIBUTION>
<BACKGROUND m_id="4" previous-episodes="true"  >
<token_anchor t_id="36"/>
<token_anchor t_id="37"/>
<token_anchor t_id="38"/>
<token_anchor t_id="39"/>
<token_anchor t_id="40"/>
<token_anchor t_id="41"/>
</BACKGROUND>
<BACKGROUND m_id="8" previous-episodes="false"  >
<token_anchor t_id="80"/>
<token_anchor t_id="81"/>
<token_anchor t_id="82"/>
<token_anchor t_id="83"/>
<token_anchor t_id="84"/>
<token_anchor t_id="85"/>
<token_anchor t_id="86"/>
</BACKGROUND>
<FOLLOW-UP m_id="6" anchor="future"  >
<token_anchor t_id="66"/>
<token_anchor t_id="67"/>
<token_anchor t_id="68"/>
<token_anchor t_id="69"/>
<token_anchor t_id="70"/>
<token_anchor t_id="71"/>
<token_anchor t_id="72"/>
<token_anchor t_id="73"/>
<token_anchor t_id="74"/>
</FOLLOW-UP>
<FOLLOW-UP m_id="7" anchor="future"  >
<token_anchor t_id="75"/>
<token_anchor t_id="76"/>
<token_anchor t_id="77"/>
<token_anchor t_id="78"/>
</FOLLOW-UP>
<FOREGROUND m_id="2" type="narration"  >
<token_anchor t_id="1"/>
<token_anchor t_id="2"/>
<token_anchor t_id="3"/>
<token_anchor t_id="4"/>
<token_anchor t_id="5"/>
<token_anchor t_id="6"/>
<token_anchor t_id="7"/>
<token_anchor t_id="8"/>
<token_anchor t_id="9"/>
<token_anchor t_id="10"/>
<token_anchor t_id="11"/>
<token_anchor t_id="12"/>
<token_anchor t_id="13"/>
<token_anchor t_id="14"/>
</FOREGROUND>
<FOREGROUND m_id="3" type="narration"  >
<token_anchor t_id="16"/>
<token_anchor t_id="17"/>
<token_anchor t_id="18"/>
<token_anchor t_id="19"/>
<token_anchor t_id="20"/>
<token_anchor t_id="21"/>
<token_anchor t_id="22"/>
<token_anchor t_id="23"/>
<token_anchor t_id="24"/>
<token_anchor t_id="25"/>
<token_anchor t_id="26"/>
</FOREGROUND>
<FOREGROUND m_id="5" type="narration"  >
<token_anchor t_id="59"/>
<token_anchor t_id="60"/>
<token_anchor t_id="61"/>
<token_anchor t_id="62"/>
<token_anchor t_id="63"/>
<token_anchor t_id="64"/>
</FOREGROUND>
<FOREGROUND m_id="9" type="narration"  >
<token_anchor t_id="33"/>
<token_anchor t_id="34"/>
<token_anchor t_id="43"/>
<token_anchor t_id="44"/>
<token_anchor t_id="45"/>
<token_anchor t_id="46"/>
<token_anchor t_id="47"/>
<token_anchor t_id="48"/>
<token_anchor t_id="49"/>
<token_anchor t_id="50"/>
<token_anchor t_id="51"/>
<token_anchor t_id="52"/>
<token_anchor t_id="53"/>
<token_anchor t_id="54"/>
<token_anchor t_id="55"/>
<token_anchor t_id="56"/>
<token_anchor t_id="57"/>
</FOREGROUND>


</Markables>

<Relations>
</Relations>
</Document>
