<Document doc_name="wsj_0679.xml.conll.txt">
<token t_id="1" sentence="0" number="0">Hewlett</token>
<token t_id="2" sentence="0" number="1">-</token>
<token t_id="3" sentence="0" number="2">Packard</token>
<token t_id="4" sentence="0" number="3">Co</token>
<token t_id="5" sentence="0" number="4">.</token>
<token t_id="6" sentence="0" number="5">said</token>
<token t_id="7" sentence="0" number="6">it</token>
<token t_id="8" sentence="0" number="7">raised</token>
<token t_id="9" sentence="0" number="8">its</token>
<token t_id="10" sentence="0" number="9">stake</token>
<token t_id="11" sentence="0" number="10">in</token>
<token t_id="12" sentence="0" number="11">Octel</token>
<token t_id="13" sentence="0" number="12">Communications</token>
<token t_id="14" sentence="0" number="13">Corp</token>
<token t_id="15" sentence="0" number="14">.</token>
<token t_id="16" sentence="0" number="15">to</token>
<token t_id="17" sentence="0" number="16">8</token>
<token t_id="18" sentence="0" number="17">.</token>
<token t_id="19" sentence="0" number="18">5</token>
<token t_id="20" sentence="0" number="19">%</token>
<token t_id="21" sentence="0" number="20">of</token>
<token t_id="22" sentence="0" number="21">the</token>
<token t_id="23" sentence="0" number="22">common</token>
<token t_id="24" sentence="0" number="23">shares</token>
<token t_id="25" sentence="0" number="24">outstanding</token>
<token t_id="26" sentence="0" number="25">.</token>
<token t_id="27" sentence="1" number="0">In</token>
<token t_id="28" sentence="1" number="1">a</token>
<token t_id="29" sentence="1" number="2">Securities</token>
<token t_id="30" sentence="1" number="3">and</token>
<token t_id="31" sentence="1" number="4">Exchange</token>
<token t_id="32" sentence="1" number="5">Commission</token>
<token t_id="33" sentence="1" number="6">filing</token>
<token t_id="34" sentence="1" number="7">,</token>
<token t_id="35" sentence="1" number="8">Hewlett</token>
<token t_id="36" sentence="1" number="9">-</token>
<token t_id="37" sentence="1" number="10">Packard</token>
<token t_id="38" sentence="1" number="11">said</token>
<token t_id="39" sentence="1" number="12">it</token>
<token t_id="40" sentence="1" number="13">now</token>
<token t_id="41" sentence="1" number="14">holds</token>
<token t_id="42" sentence="1" number="15">1</token>
<token t_id="43" sentence="1" number="16">,</token>
<token t_id="44" sentence="1" number="17">384</token>
<token t_id="45" sentence="1" number="18">,</token>
<token t_id="46" sentence="1" number="19">119</token>
<token t_id="47" sentence="1" number="20">Octel</token>
<token t_id="48" sentence="1" number="21">common</token>
<token t_id="49" sentence="1" number="22">shares</token>
<token t_id="50" sentence="1" number="23">,</token>
<token t_id="51" sentence="1" number="24">including</token>
<token t_id="52" sentence="1" number="25">100</token>
<token t_id="53" sentence="1" number="26">,</token>
<token t_id="54" sentence="1" number="27">000</token>
<token t_id="55" sentence="1" number="28">shares</token>
<token t_id="56" sentence="1" number="29">bought</token>
<token t_id="57" sentence="1" number="30">from</token>
<token t_id="58" sentence="1" number="31">Aug</token>
<token t_id="59" sentence="1" number="32">.</token>
<token t_id="60" sentence="1" number="33">26</token>
<token t_id="61" sentence="1" number="34">to</token>
<token t_id="62" sentence="1" number="35">Oct</token>
<token t_id="63" sentence="1" number="36">.</token>
<token t_id="64" sentence="1" number="37">20</token>
<token t_id="65" sentence="1" number="38">for</token>
<token t_id="66" sentence="1" number="39">$</token>
<token t_id="67" sentence="1" number="40">23</token>
<token t_id="68" sentence="1" number="41">.</token>
<token t_id="69" sentence="1" number="42">31</token>
<token t_id="70" sentence="1" number="43">to</token>
<token t_id="71" sentence="1" number="44">$</token>
<token t_id="72" sentence="1" number="45">24</token>
<token t_id="73" sentence="1" number="46">.</token>
<token t_id="74" sentence="1" number="47">25</token>
<token t_id="75" sentence="1" number="48">a</token>
<token t_id="76" sentence="1" number="49">share</token>
<token t_id="77" sentence="1" number="50">.</token>
<token t_id="78" sentence="2" number="0">Hewlett</token>
<token t_id="79" sentence="2" number="1">-</token>
<token t_id="80" sentence="2" number="2">Packard</token>
<token t_id="81" sentence="2" number="3">,</token>
<token t_id="82" sentence="2" number="4">a</token>
<token t_id="83" sentence="2" number="5">Palo</token>
<token t_id="84" sentence="2" number="6">Alto</token>
<token t_id="85" sentence="2" number="7">,</token>
<token t_id="86" sentence="2" number="8">Calif</token>
<token t_id="87" sentence="2" number="9">.</token>
<token t_id="88" sentence="2" number="10">,</token>
<token t_id="89" sentence="2" number="11">computer</token>
<token t_id="90" sentence="2" number="12">company</token>
<token t_id="91" sentence="2" number="13">,</token>
<token t_id="92" sentence="2" number="14">said</token>
<token t_id="93" sentence="2" number="15">it</token>
<token t_id="94" sentence="2" number="16">acquired</token>
<token t_id="95" sentence="2" number="17">the</token>
<token t_id="96" sentence="2" number="18">stock</token>
<token t_id="97" sentence="2" number="19">``</token>
<token t_id="98" sentence="2" number="20">to</token>
<token t_id="99" sentence="2" number="21">develop</token>
<token t_id="100" sentence="2" number="22">and</token>
<token t_id="101" sentence="2" number="23">maintain</token>
<token t_id="102" sentence="2" number="24">a</token>
<token t_id="103" sentence="2" number="25">strategic</token>
<token t_id="104" sentence="2" number="26">partnership</token>
<token t_id="105" sentence="2" number="27">in</token>
<token t_id="106" sentence="2" number="28">which</token>
<token t_id="107" sentence="2" number="29">each</token>
<token t_id="108" sentence="2" number="30">company</token>
<token t_id="109" sentence="2" number="31">remains</token>
<token t_id="110" sentence="2" number="32">independent</token>
<token t_id="111" sentence="2" number="33">while</token>
<token t_id="112" sentence="2" number="34">working</token>
<token t_id="113" sentence="2" number="35">together</token>
<token t_id="114" sentence="2" number="36">to</token>
<token t_id="115" sentence="2" number="37">market</token>
<token t_id="116" sentence="2" number="38">and</token>
<token t_id="117" sentence="2" number="39">sell</token>
<token t_id="118" sentence="2" number="40">their</token>
<token t_id="119" sentence="2" number="41">products</token>
<token t_id="120" sentence="2" number="42">.</token>
<token t_id="121" sentence="2" number="43">''</token>
<token t_id="122" sentence="3" number="0">Octel</token>
<token t_id="123" sentence="3" number="1">said</token>
<token t_id="124" sentence="3" number="2">the</token>
<token t_id="125" sentence="3" number="3">purchase</token>
<token t_id="126" sentence="3" number="4">was</token>
<token t_id="127" sentence="3" number="5">expected</token>
<token t_id="128" sentence="3" number="6">.</token>
<token t_id="129" sentence="4" number="0">Hewlett</token>
<token t_id="130" sentence="4" number="1">-</token>
<token t_id="131" sentence="4" number="2">Packard</token>
<token t_id="132" sentence="4" number="3">affirmed</token>
<token t_id="133" sentence="4" number="4">it</token>
<token t_id="134" sentence="4" number="5">does</token>
<token t_id="135" sentence="4" number="6">n't</token>
<token t_id="136" sentence="4" number="7">plan</token>
<token t_id="137" sentence="4" number="8">to</token>
<token t_id="138" sentence="4" number="9">obtain</token>
<token t_id="139" sentence="4" number="10">control</token>
<token t_id="140" sentence="4" number="11">of</token>
<token t_id="141" sentence="4" number="12">Octel</token>
<token t_id="142" sentence="4" number="13">,</token>
<token t_id="143" sentence="4" number="14">a</token>
<token t_id="144" sentence="4" number="15">Milpitas</token>
<token t_id="145" sentence="4" number="16">,</token>
<token t_id="146" sentence="4" number="17">Calif</token>
<token t_id="147" sentence="4" number="18">.</token>
<token t_id="148" sentence="4" number="19">,</token>
<token t_id="149" sentence="4" number="20">maker</token>
<token t_id="150" sentence="4" number="21">of</token>
<token t_id="151" sentence="4" number="22">voice</token>
<token t_id="152" sentence="4" number="23">-</token>
<token t_id="153" sentence="4" number="24">processing</token>
<token t_id="154" sentence="4" number="25">systems</token>
<token t_id="155" sentence="4" number="26">.</token>
<token t_id="156" sentence="5" number="0">According</token>
<token t_id="157" sentence="5" number="1">to</token>
<token t_id="158" sentence="5" number="2">the</token>
<token t_id="159" sentence="5" number="3">filing</token>
<token t_id="160" sentence="5" number="4">,</token>
<token t_id="161" sentence="5" number="5">Hewlett</token>
<token t_id="162" sentence="5" number="6">-</token>
<token t_id="163" sentence="5" number="7">Packard</token>
<token t_id="164" sentence="5" number="8">acquired</token>
<token t_id="165" sentence="5" number="9">730</token>
<token t_id="166" sentence="5" number="10">,</token>
<token t_id="167" sentence="5" number="11">070</token>
<token t_id="168" sentence="5" number="12">common</token>
<token t_id="169" sentence="5" number="13">shares</token>
<token t_id="170" sentence="5" number="14">from</token>
<token t_id="171" sentence="5" number="15">Octel</token>
<token t_id="172" sentence="5" number="16">as</token>
<token t_id="173" sentence="5" number="17">a</token>
<token t_id="174" sentence="5" number="18">result</token>
<token t_id="175" sentence="5" number="19">of</token>
<token t_id="176" sentence="5" number="20">an</token>
<token t_id="177" sentence="5" number="21">Aug</token>
<token t_id="178" sentence="5" number="22">.</token>
<token t_id="179" sentence="5" number="23">10</token>
<token t_id="180" sentence="5" number="24">,</token>
<token t_id="181" sentence="5" number="25">1988</token>
<token t_id="182" sentence="5" number="26">,</token>
<token t_id="183" sentence="5" number="27">stock</token>
<token t_id="184" sentence="5" number="28">purchase</token>
<token t_id="185" sentence="5" number="29">agreement</token>
<token t_id="186" sentence="5" number="30">.</token>
<token t_id="187" sentence="6" number="0">That</token>
<token t_id="188" sentence="6" number="1">accord</token>
<token t_id="189" sentence="6" number="2">also</token>
<token t_id="190" sentence="6" number="3">called</token>
<token t_id="191" sentence="6" number="4">for</token>
<token t_id="192" sentence="6" number="5">Hewlett</token>
<token t_id="193" sentence="6" number="6">-</token>
<token t_id="194" sentence="6" number="7">Packard</token>
<token t_id="195" sentence="6" number="8">to</token>
<token t_id="196" sentence="6" number="9">buy</token>
<token t_id="197" sentence="6" number="10">730</token>
<token t_id="198" sentence="6" number="11">,</token>
<token t_id="199" sentence="6" number="12">070</token>
<token t_id="200" sentence="6" number="13">Octel</token>
<token t_id="201" sentence="6" number="14">shares</token>
<token t_id="202" sentence="6" number="15">in</token>
<token t_id="203" sentence="6" number="16">the</token>
<token t_id="204" sentence="6" number="17">open</token>
<token t_id="205" sentence="6" number="18">market</token>
<token t_id="206" sentence="6" number="19">within</token>
<token t_id="207" sentence="6" number="20">18</token>
<token t_id="208" sentence="6" number="21">months</token>
<token t_id="209" sentence="6" number="22">.</token>
<token t_id="210" sentence="7" number="0">In</token>
<token t_id="211" sentence="7" number="1">addition</token>
<token t_id="212" sentence="7" number="2">,</token>
<token t_id="213" sentence="7" number="3">Hewlett</token>
<token t_id="214" sentence="7" number="4">-</token>
<token t_id="215" sentence="7" number="5">Packard</token>
<token t_id="216" sentence="7" number="6">acquired</token>
<token t_id="217" sentence="7" number="7">a</token>
<token t_id="218" sentence="7" number="8">two</token>
<token t_id="219" sentence="7" number="9">-</token>
<token t_id="220" sentence="7" number="10">year</token>
<token t_id="221" sentence="7" number="11">option</token>
<token t_id="222" sentence="7" number="12">to</token>
<token t_id="223" sentence="7" number="13">buy</token>
<token t_id="224" sentence="7" number="14">an</token>
<token t_id="225" sentence="7" number="15">extra</token>
<token t_id="226" sentence="7" number="16">10</token>
<token t_id="227" sentence="7" number="17">%</token>
<token t_id="228" sentence="7" number="18">,</token>
<token t_id="229" sentence="7" number="19">of</token>
<token t_id="230" sentence="7" number="20">which</token>
<token t_id="231" sentence="7" number="21">half</token>
<token t_id="232" sentence="7" number="22">may</token>
<token t_id="233" sentence="7" number="23">be</token>
<token t_id="234" sentence="7" number="24">sold</token>
<token t_id="235" sentence="7" number="25">directly</token>
<token t_id="236" sentence="7" number="26">to</token>
<token t_id="237" sentence="7" number="27">Hewlett</token>
<token t_id="238" sentence="7" number="28">-</token>
<token t_id="239" sentence="7" number="29">Packard</token>
<token t_id="240" sentence="7" number="30">by</token>
<token t_id="241" sentence="7" number="31">Octel</token>
<token t_id="242" sentence="7" number="32">.</token>


<Markables>
<ATTRIBUTION m_id="1" quote="true"  >
<token_anchor t_id="1"/>
<token_anchor t_id="2"/>
<token_anchor t_id="3"/>
<token_anchor t_id="4"/>
<token_anchor t_id="5"/>
<token_anchor t_id="6"/>
</ATTRIBUTION>
<ATTRIBUTION m_id="3" quote="true"  >
<token_anchor t_id="27"/>
<token_anchor t_id="28"/>
<token_anchor t_id="29"/>
<token_anchor t_id="30"/>
<token_anchor t_id="31"/>
<token_anchor t_id="32"/>
<token_anchor t_id="33"/>
<token_anchor t_id="34"/>
<token_anchor t_id="35"/>
<token_anchor t_id="36"/>
<token_anchor t_id="37"/>
<token_anchor t_id="38"/>
</ATTRIBUTION>
<ATTRIBUTION m_id="4" quote="true"  >
<token_anchor t_id="78"/>
<token_anchor t_id="79"/>
<token_anchor t_id="80"/>
<token_anchor t_id="81"/>
<token_anchor t_id="82"/>
<token_anchor t_id="83"/>
<token_anchor t_id="84"/>
<token_anchor t_id="85"/>
<token_anchor t_id="86"/>
<token_anchor t_id="87"/>
<token_anchor t_id="88"/>
<token_anchor t_id="89"/>
<token_anchor t_id="90"/>
<token_anchor t_id="91"/>
<token_anchor t_id="92"/>
</ATTRIBUTION>
<ATTRIBUTION m_id="6" quote="true"  >
<token_anchor t_id="122"/>
<token_anchor t_id="123"/>
</ATTRIBUTION>
<ATTRIBUTION m_id="7" quote="true"  >
<token_anchor t_id="129"/>
<token_anchor t_id="130"/>
<token_anchor t_id="131"/>
<token_anchor t_id="132"/>
</ATTRIBUTION>
<ATTRIBUTION m_id="9" quote="true"  >
<token_anchor t_id="156"/>
<token_anchor t_id="157"/>
<token_anchor t_id="158"/>
<token_anchor t_id="159"/>
</ATTRIBUTION>
<BACKGROUND m_id="14" previous-episodes="false"  >
<token_anchor t_id="195"/>
<token_anchor t_id="196"/>
<token_anchor t_id="197"/>
<token_anchor t_id="198"/>
<token_anchor t_id="199"/>
<token_anchor t_id="200"/>
<token_anchor t_id="201"/>
<token_anchor t_id="202"/>
<token_anchor t_id="203"/>
<token_anchor t_id="204"/>
<token_anchor t_id="205"/>
<token_anchor t_id="206"/>
<token_anchor t_id="207"/>
<token_anchor t_id="208"/>
</BACKGROUND>
<BACKGROUND m_id="25" previous-episodes="false"  >
<token_anchor t_id="51"/>
<token_anchor t_id="52"/>
<token_anchor t_id="53"/>
<token_anchor t_id="54"/>
<token_anchor t_id="55"/>
<token_anchor t_id="56"/>
<token_anchor t_id="57"/>
<token_anchor t_id="58"/>
<token_anchor t_id="59"/>
<token_anchor t_id="60"/>
<token_anchor t_id="61"/>
<token_anchor t_id="62"/>
<token_anchor t_id="63"/>
<token_anchor t_id="64"/>
<token_anchor t_id="65"/>
<token_anchor t_id="66"/>
<token_anchor t_id="67"/>
<token_anchor t_id="68"/>
<token_anchor t_id="69"/>
<token_anchor t_id="70"/>
<token_anchor t_id="71"/>
<token_anchor t_id="72"/>
<token_anchor t_id="73"/>
<token_anchor t_id="74"/>
<token_anchor t_id="75"/>
<token_anchor t_id="76"/>
</BACKGROUND>
<BACKGROUND m_id="5" previous-episodes="false"  >
<token_anchor t_id="124"/>
<token_anchor t_id="125"/>
<token_anchor t_id="126"/>
<token_anchor t_id="127"/>
</BACKGROUND>
<BACKGROUND m_id="10" previous-episodes="false"  >
<token_anchor t_id="161"/>
<token_anchor t_id="162"/>
<token_anchor t_id="163"/>
<token_anchor t_id="164"/>
<token_anchor t_id="165"/>
<token_anchor t_id="166"/>
<token_anchor t_id="167"/>
<token_anchor t_id="168"/>
<token_anchor t_id="169"/>
<token_anchor t_id="170"/>
<token_anchor t_id="171"/>
<token_anchor t_id="172"/>
<token_anchor t_id="173"/>
<token_anchor t_id="174"/>
<token_anchor t_id="175"/>
<token_anchor t_id="176"/>
<token_anchor t_id="177"/>
<token_anchor t_id="178"/>
<token_anchor t_id="179"/>
<token_anchor t_id="180"/>
<token_anchor t_id="181"/>
<token_anchor t_id="182"/>
<token_anchor t_id="183"/>
<token_anchor t_id="184"/>
<token_anchor t_id="185"/>
</BACKGROUND>
<BACKGROUND m_id="11" previous-episodes="false"  >
<token_anchor t_id="187"/>
<token_anchor t_id="188"/>
<token_anchor t_id="189"/>
<token_anchor t_id="190"/>
<token_anchor t_id="191"/>
<token_anchor t_id="192"/>
<token_anchor t_id="193"/>
<token_anchor t_id="194"/>
</BACKGROUND>
<EVALUATION m_id="13"  >
<token_anchor t_id="133"/>
<token_anchor t_id="134"/>
<token_anchor t_id="135"/>
<token_anchor t_id="136"/>
</EVALUATION>
<FOLLOW-UP m_id="16" anchor="future"  >
<token_anchor t_id="98"/>
<token_anchor t_id="99"/>
</FOLLOW-UP>
<FOLLOW-UP m_id="17" anchor="future"  >
<token_anchor t_id="100"/>
<token_anchor t_id="101"/>
<token_anchor t_id="102"/>
<token_anchor t_id="103"/>
<token_anchor t_id="104"/>
</FOLLOW-UP>
<FOLLOW-UP m_id="18" anchor="future"  >
<token_anchor t_id="105"/>
<token_anchor t_id="106"/>
<token_anchor t_id="107"/>
<token_anchor t_id="108"/>
<token_anchor t_id="109"/>
<token_anchor t_id="110"/>
</FOLLOW-UP>
<FOLLOW-UP m_id="19" anchor="future"  >
<token_anchor t_id="111"/>
<token_anchor t_id="112"/>
<token_anchor t_id="113"/>
</FOLLOW-UP>
<FOLLOW-UP m_id="20" anchor="future"  >
<token_anchor t_id="114"/>
<token_anchor t_id="115"/>
</FOLLOW-UP>
<FOLLOW-UP m_id="21" anchor="future"  >
<token_anchor t_id="116"/>
<token_anchor t_id="117"/>
<token_anchor t_id="118"/>
<token_anchor t_id="119"/>
</FOLLOW-UP>
<FOLLOW-UP m_id="22" anchor="non_future"  >
<token_anchor t_id="39"/>
<token_anchor t_id="40"/>
<token_anchor t_id="41"/>
<token_anchor t_id="42"/>
<token_anchor t_id="43"/>
<token_anchor t_id="44"/>
<token_anchor t_id="45"/>
<token_anchor t_id="46"/>
<token_anchor t_id="47"/>
<token_anchor t_id="48"/>
<token_anchor t_id="49"/>
</FOLLOW-UP>
<FOLLOW-UP m_id="8" anchor="future"  >
<token_anchor t_id="137"/>
<token_anchor t_id="138"/>
<token_anchor t_id="139"/>
<token_anchor t_id="140"/>
<token_anchor t_id="141"/>
<token_anchor t_id="142"/>
<token_anchor t_id="143"/>
<token_anchor t_id="144"/>
<token_anchor t_id="145"/>
<token_anchor t_id="146"/>
<token_anchor t_id="147"/>
<token_anchor t_id="148"/>
<token_anchor t_id="149"/>
<token_anchor t_id="150"/>
<token_anchor t_id="151"/>
<token_anchor t_id="152"/>
<token_anchor t_id="153"/>
<token_anchor t_id="154"/>
</FOLLOW-UP>
<FOREGROUND m_id="15" type="narration"  >
<token_anchor t_id="93"/>
<token_anchor t_id="94"/>
<token_anchor t_id="95"/>
<token_anchor t_id="96"/>
</FOREGROUND>
<FOREGROUND m_id="23" type="narration"  >
<token_anchor t_id="222"/>
<token_anchor t_id="223"/>
<token_anchor t_id="224"/>
<token_anchor t_id="225"/>
<token_anchor t_id="226"/>
<token_anchor t_id="227"/>
</FOREGROUND>
<FOREGROUND m_id="24" type="narration"  >
<token_anchor t_id="229"/>
<token_anchor t_id="230"/>
<token_anchor t_id="231"/>
<token_anchor t_id="232"/>
<token_anchor t_id="233"/>
<token_anchor t_id="234"/>
<token_anchor t_id="235"/>
<token_anchor t_id="236"/>
<token_anchor t_id="237"/>
<token_anchor t_id="238"/>
<token_anchor t_id="239"/>
<token_anchor t_id="240"/>
<token_anchor t_id="241"/>
</FOREGROUND>
<FOREGROUND m_id="2" type="narration"  >
<token_anchor t_id="7"/>
<token_anchor t_id="8"/>
<token_anchor t_id="9"/>
<token_anchor t_id="10"/>
<token_anchor t_id="11"/>
<token_anchor t_id="12"/>
<token_anchor t_id="13"/>
<token_anchor t_id="14"/>
<token_anchor t_id="15"/>
<token_anchor t_id="16"/>
<token_anchor t_id="17"/>
<token_anchor t_id="18"/>
<token_anchor t_id="19"/>
<token_anchor t_id="20"/>
<token_anchor t_id="21"/>
<token_anchor t_id="22"/>
<token_anchor t_id="23"/>
<token_anchor t_id="24"/>
<token_anchor t_id="25"/>
</FOREGROUND>
<FOREGROUND m_id="12" type="narration"  >
<token_anchor t_id="210"/>
<token_anchor t_id="211"/>
<token_anchor t_id="212"/>
<token_anchor t_id="213"/>
<token_anchor t_id="214"/>
<token_anchor t_id="215"/>
<token_anchor t_id="216"/>
<token_anchor t_id="217"/>
<token_anchor t_id="218"/>
<token_anchor t_id="219"/>
<token_anchor t_id="220"/>
<token_anchor t_id="221"/>
</FOREGROUND>


</Markables>

<Relations>
</Relations>
</Document>
