<Document doc_name="wsj_0136.xml.conll.txt">
<token t_id="1" sentence="0" number="0">Oshkosh</token>
<token t_id="2" sentence="0" number="1">Truck</token>
<token t_id="3" sentence="0" number="2">Corp</token>
<token t_id="4" sentence="0" number="3">.</token>
<token t_id="5" sentence="0" number="4">,</token>
<token t_id="6" sentence="0" number="5">Oshkosh</token>
<token t_id="7" sentence="0" number="6">,</token>
<token t_id="8" sentence="0" number="7">Wis</token>
<token t_id="9" sentence="0" number="8">.</token>
<token t_id="10" sentence="0" number="9">,</token>
<token t_id="11" sentence="0" number="10">estimated</token>
<token t_id="12" sentence="0" number="11">earnings</token>
<token t_id="13" sentence="0" number="12">for</token>
<token t_id="14" sentence="0" number="13">its</token>
<token t_id="15" sentence="0" number="14">fourth</token>
<token t_id="16" sentence="0" number="15">quarter</token>
<token t_id="17" sentence="0" number="16">ended</token>
<token t_id="18" sentence="0" number="17">Sept</token>
<token t_id="19" sentence="0" number="18">.</token>
<token t_id="20" sentence="0" number="19">30</token>
<token t_id="21" sentence="0" number="20">fell</token>
<token t_id="22" sentence="0" number="21">50</token>
<token t_id="23" sentence="0" number="22">%</token>
<token t_id="24" sentence="0" number="23">to</token>
<token t_id="25" sentence="0" number="24">75</token>
<token t_id="26" sentence="0" number="25">%</token>
<token t_id="27" sentence="0" number="26">below</token>
<token t_id="28" sentence="0" number="27">the</token>
<token t_id="29" sentence="0" number="28">year</token>
<token t_id="30" sentence="0" number="29">-</token>
<token t_id="31" sentence="0" number="30">earlier</token>
<token t_id="32" sentence="0" number="31">$</token>
<token t_id="33" sentence="0" number="32">4</token>
<token t_id="34" sentence="0" number="33">.</token>
<token t_id="35" sentence="0" number="34">5</token>
<token t_id="36" sentence="0" number="35">million</token>
<token t_id="37" sentence="0" number="36">,</token>
<token t_id="38" sentence="0" number="37">or</token>
<token t_id="39" sentence="0" number="38">51</token>
<token t_id="40" sentence="0" number="39">cents</token>
<token t_id="41" sentence="0" number="40">a</token>
<token t_id="42" sentence="0" number="41">share</token>
<token t_id="43" sentence="0" number="42">.</token>
<token t_id="44" sentence="1" number="0">The</token>
<token t_id="45" sentence="1" number="1">truck</token>
<token t_id="46" sentence="1" number="2">maker</token>
<token t_id="47" sentence="1" number="3">said</token>
<token t_id="48" sentence="1" number="4">the</token>
<token t_id="49" sentence="1" number="5">significant</token>
<token t_id="50" sentence="1" number="6">drop</token>
<token t_id="51" sentence="1" number="7">in</token>
<token t_id="52" sentence="1" number="8">net</token>
<token t_id="53" sentence="1" number="9">income</token>
<token t_id="54" sentence="1" number="10">will</token>
<token t_id="55" sentence="1" number="11">result</token>
<token t_id="56" sentence="1" number="12">in</token>
<token t_id="57" sentence="1" number="13">lower</token>
<token t_id="58" sentence="1" number="14">earnings</token>
<token t_id="59" sentence="1" number="15">for</token>
<token t_id="60" sentence="1" number="16">the</token>
<token t_id="61" sentence="1" number="17">fiscal</token>
<token t_id="62" sentence="1" number="18">year</token>
<token t_id="63" sentence="1" number="19">.</token>
<token t_id="64" sentence="2" number="0">In</token>
<token t_id="65" sentence="2" number="1">fiscal</token>
<token t_id="66" sentence="2" number="2">1988</token>
<token t_id="67" sentence="2" number="3">,</token>
<token t_id="68" sentence="2" number="4">the</token>
<token t_id="69" sentence="2" number="5">company</token>
<token t_id="70" sentence="2" number="6">earned</token>
<token t_id="71" sentence="2" number="7">$</token>
<token t_id="72" sentence="2" number="8">17</token>
<token t_id="73" sentence="2" number="9">.</token>
<token t_id="74" sentence="2" number="10">3</token>
<token t_id="75" sentence="2" number="11">million</token>
<token t_id="76" sentence="2" number="12">,</token>
<token t_id="77" sentence="2" number="13">or</token>
<token t_id="78" sentence="2" number="14">$</token>
<token t_id="79" sentence="2" number="15">1</token>
<token t_id="80" sentence="2" number="16">.</token>
<token t_id="81" sentence="2" number="17">92</token>
<token t_id="82" sentence="2" number="18">a</token>
<token t_id="83" sentence="2" number="19">share</token>
<token t_id="84" sentence="2" number="20">,</token>
<token t_id="85" sentence="2" number="21">on</token>
<token t_id="86" sentence="2" number="22">revenue</token>
<token t_id="87" sentence="2" number="23">of</token>
<token t_id="88" sentence="2" number="24">$</token>
<token t_id="89" sentence="2" number="25">352</token>
<token t_id="90" sentence="2" number="26">.</token>
<token t_id="91" sentence="2" number="27">9</token>
<token t_id="92" sentence="2" number="28">million</token>
<token t_id="93" sentence="2" number="29">.</token>
<token t_id="94" sentence="3" number="0">Oshkosh</token>
<token t_id="95" sentence="3" number="1">Truck</token>
<token t_id="96" sentence="3" number="2">attributed</token>
<token t_id="97" sentence="3" number="3">the</token>
<token t_id="98" sentence="3" number="4">downturn</token>
<token t_id="99" sentence="3" number="5">in</token>
<token t_id="100" sentence="3" number="6">its</token>
<token t_id="101" sentence="3" number="7">earnings</token>
<token t_id="102" sentence="3" number="8">to</token>
<token t_id="103" sentence="3" number="9">higher</token>
<token t_id="104" sentence="3" number="10">start</token>
<token t_id="105" sentence="3" number="11">-</token>
<token t_id="106" sentence="3" number="12">up</token>
<token t_id="107" sentence="3" number="13">costs</token>
<token t_id="108" sentence="3" number="14">of</token>
<token t_id="109" sentence="3" number="15">its</token>
<token t_id="110" sentence="3" number="16">new</token>
<token t_id="111" sentence="3" number="17">chassis</token>
<token t_id="112" sentence="3" number="18">division</token>
<token t_id="113" sentence="3" number="19">,</token>
<token t_id="114" sentence="3" number="20">a</token>
<token t_id="115" sentence="3" number="21">softer</token>
<token t_id="116" sentence="3" number="22">motor</token>
<token t_id="117" sentence="3" number="23">-</token>
<token t_id="118" sentence="3" number="24">home</token>
<token t_id="119" sentence="3" number="25">market</token>
<token t_id="120" sentence="3" number="26">and</token>
<token t_id="121" sentence="3" number="27">higher</token>
<token t_id="122" sentence="3" number="28">administrative</token>
<token t_id="123" sentence="3" number="29">costs</token>
<token t_id="124" sentence="3" number="30">of</token>
<token t_id="125" sentence="3" number="31">compliance</token>
<token t_id="126" sentence="3" number="32">with</token>
<token t_id="127" sentence="3" number="33">government</token>
<token t_id="128" sentence="3" number="34">contractor</token>
<token t_id="129" sentence="3" number="35">regulations</token>
<token t_id="130" sentence="3" number="36">.</token>
<token t_id="131" sentence="4" number="0">The</token>
<token t_id="132" sentence="4" number="1">company</token>
<token t_id="133" sentence="4" number="2">said</token>
<token t_id="134" sentence="4" number="3">it</token>
<token t_id="135" sentence="4" number="4">is</token>
<token t_id="136" sentence="4" number="5">in</token>
<token t_id="137" sentence="4" number="6">the</token>
<token t_id="138" sentence="4" number="7">process</token>
<token t_id="139" sentence="4" number="8">of</token>
<token t_id="140" sentence="4" number="9">phasing</token>
<token t_id="141" sentence="4" number="10">out</token>
<token t_id="142" sentence="4" number="11">John</token>
<token t_id="143" sentence="4" number="12">Deere</token>
<token t_id="144" sentence="4" number="13">,</token>
<token t_id="145" sentence="4" number="14">its</token>
<token t_id="146" sentence="4" number="15">current</token>
<token t_id="147" sentence="4" number="16">source</token>
<token t_id="148" sentence="4" number="17">of</token>
<token t_id="149" sentence="4" number="18">production</token>
<token t_id="150" sentence="4" number="19">for</token>
<token t_id="151" sentence="4" number="20">midsized</token>
<token t_id="152" sentence="4" number="21">motor</token>
<token t_id="153" sentence="4" number="22">home</token>
<token t_id="154" sentence="4" number="23">chassis</token>
<token t_id="155" sentence="4" number="24">.</token>
<token t_id="156" sentence="5" number="0">In</token>
<token t_id="157" sentence="5" number="1">anticipation</token>
<token t_id="158" sentence="5" number="2">of</token>
<token t_id="159" sentence="5" number="3">the</token>
<token t_id="160" sentence="5" number="4">start</token>
<token t_id="161" sentence="5" number="5">-</token>
<token t_id="162" sentence="5" number="6">up</token>
<token t_id="163" sentence="5" number="7">of</token>
<token t_id="164" sentence="5" number="8">its</token>
<token t_id="165" sentence="5" number="9">new</token>
<token t_id="166" sentence="5" number="10">factory</token>
<token t_id="167" sentence="5" number="11">,</token>
<token t_id="168" sentence="5" number="12">the</token>
<token t_id="169" sentence="5" number="13">company</token>
<token t_id="170" sentence="5" number="14">said</token>
<token t_id="171" sentence="5" number="15">a</token>
<token t_id="172" sentence="5" number="16">larger</token>
<token t_id="173" sentence="5" number="17">-</token>
<token t_id="174" sentence="5" number="18">than</token>
<token t_id="175" sentence="5" number="19">-</token>
<token t_id="176" sentence="5" number="20">normal</token>
<token t_id="177" sentence="5" number="21">chassis</token>
<token t_id="178" sentence="5" number="22">supply</token>
<token t_id="179" sentence="5" number="23">has</token>
<token t_id="180" sentence="5" number="24">been</token>
<token t_id="181" sentence="5" number="25">built</token>
<token t_id="182" sentence="5" number="26">to</token>
<token t_id="183" sentence="5" number="27">carry</token>
<token t_id="184" sentence="5" number="28">it</token>
<token t_id="185" sentence="5" number="29">through</token>
<token t_id="186" sentence="5" number="30">the</token>
<token t_id="187" sentence="5" number="31">transition</token>
<token t_id="188" sentence="5" number="32">period</token>
<token t_id="189" sentence="5" number="33">.</token>


<Markables>
<ATTRIBUTION m_id="1" quote="false"  >
<token_anchor t_id="1"/>
<token_anchor t_id="2"/>
<token_anchor t_id="3"/>
<token_anchor t_id="4"/>
<token_anchor t_id="5"/>
<token_anchor t_id="6"/>
<token_anchor t_id="7"/>
<token_anchor t_id="8"/>
<token_anchor t_id="9"/>
<token_anchor t_id="10"/>
<token_anchor t_id="11"/>
</ATTRIBUTION>
<ATTRIBUTION m_id="3" quote="true"  >
<token_anchor t_id="44"/>
<token_anchor t_id="45"/>
<token_anchor t_id="46"/>
<token_anchor t_id="47"/>
</ATTRIBUTION>
<ATTRIBUTION m_id="6" quote="true"  >
<token_anchor t_id="131"/>
<token_anchor t_id="132"/>
<token_anchor t_id="133"/>
</ATTRIBUTION>
<ATTRIBUTION m_id="8" quote="true"  >
<token_anchor t_id="156"/>
<token_anchor t_id="157"/>
<token_anchor t_id="158"/>
<token_anchor t_id="159"/>
<token_anchor t_id="160"/>
<token_anchor t_id="161"/>
<token_anchor t_id="162"/>
<token_anchor t_id="163"/>
<token_anchor t_id="164"/>
<token_anchor t_id="165"/>
<token_anchor t_id="166"/>
<token_anchor t_id="167"/>
<token_anchor t_id="168"/>
<token_anchor t_id="169"/>
<token_anchor t_id="170"/>
</ATTRIBUTION>
<BACKGROUND m_id="5" previous-episodes="false"  >
<token_anchor t_id="64"/>
<token_anchor t_id="65"/>
<token_anchor t_id="66"/>
<token_anchor t_id="67"/>
<token_anchor t_id="68"/>
<token_anchor t_id="69"/>
<token_anchor t_id="70"/>
<token_anchor t_id="71"/>
<token_anchor t_id="72"/>
<token_anchor t_id="73"/>
<token_anchor t_id="74"/>
<token_anchor t_id="75"/>
<token_anchor t_id="76"/>
<token_anchor t_id="77"/>
<token_anchor t_id="78"/>
<token_anchor t_id="79"/>
<token_anchor t_id="80"/>
<token_anchor t_id="81"/>
<token_anchor t_id="82"/>
<token_anchor t_id="83"/>
<token_anchor t_id="84"/>
<token_anchor t_id="85"/>
<token_anchor t_id="86"/>
<token_anchor t_id="87"/>
<token_anchor t_id="88"/>
<token_anchor t_id="89"/>
<token_anchor t_id="90"/>
<token_anchor t_id="91"/>
<token_anchor t_id="92"/>
</BACKGROUND>
<BACKGROUND m_id="11" previous-episodes="true"  >
<token_anchor t_id="94"/>
<token_anchor t_id="95"/>
<token_anchor t_id="96"/>
<token_anchor t_id="97"/>
<token_anchor t_id="98"/>
<token_anchor t_id="99"/>
<token_anchor t_id="100"/>
<token_anchor t_id="101"/>
<token_anchor t_id="102"/>
<token_anchor t_id="103"/>
<token_anchor t_id="104"/>
<token_anchor t_id="105"/>
<token_anchor t_id="106"/>
<token_anchor t_id="107"/>
<token_anchor t_id="108"/>
<token_anchor t_id="109"/>
<token_anchor t_id="110"/>
<token_anchor t_id="111"/>
<token_anchor t_id="112"/>
<token_anchor t_id="113"/>
<token_anchor t_id="114"/>
<token_anchor t_id="115"/>
<token_anchor t_id="116"/>
<token_anchor t_id="117"/>
<token_anchor t_id="118"/>
<token_anchor t_id="119"/>
<token_anchor t_id="120"/>
<token_anchor t_id="121"/>
<token_anchor t_id="122"/>
<token_anchor t_id="123"/>
<token_anchor t_id="124"/>
<token_anchor t_id="125"/>
<token_anchor t_id="126"/>
<token_anchor t_id="127"/>
<token_anchor t_id="128"/>
<token_anchor t_id="129"/>
</BACKGROUND>
<FOLLOW-UP m_id="4" anchor="future"  >
<token_anchor t_id="48"/>
<token_anchor t_id="49"/>
<token_anchor t_id="50"/>
<token_anchor t_id="51"/>
<token_anchor t_id="52"/>
<token_anchor t_id="53"/>
<token_anchor t_id="54"/>
<token_anchor t_id="55"/>
<token_anchor t_id="56"/>
<token_anchor t_id="57"/>
<token_anchor t_id="58"/>
<token_anchor t_id="59"/>
<token_anchor t_id="60"/>
<token_anchor t_id="61"/>
<token_anchor t_id="62"/>
</FOLLOW-UP>
<FOLLOW-UP m_id="7" anchor="non_future"  >
<token_anchor t_id="134"/>
<token_anchor t_id="135"/>
<token_anchor t_id="136"/>
<token_anchor t_id="137"/>
<token_anchor t_id="138"/>
</FOLLOW-UP>
<FOLLOW-UP m_id="9" anchor="non_future"  >
<token_anchor t_id="171"/>
<token_anchor t_id="172"/>
<token_anchor t_id="173"/>
<token_anchor t_id="174"/>
<token_anchor t_id="175"/>
<token_anchor t_id="176"/>
<token_anchor t_id="177"/>
<token_anchor t_id="178"/>
<token_anchor t_id="179"/>
<token_anchor t_id="180"/>
<token_anchor t_id="181"/>
</FOLLOW-UP>
<FOLLOW-UP m_id="10" anchor="future"  >
<token_anchor t_id="139"/>
<token_anchor t_id="140"/>
<token_anchor t_id="141"/>
<token_anchor t_id="142"/>
<token_anchor t_id="143"/>
<token_anchor t_id="144"/>
<token_anchor t_id="145"/>
<token_anchor t_id="146"/>
<token_anchor t_id="147"/>
<token_anchor t_id="148"/>
<token_anchor t_id="149"/>
<token_anchor t_id="150"/>
<token_anchor t_id="151"/>
<token_anchor t_id="152"/>
<token_anchor t_id="153"/>
<token_anchor t_id="154"/>
</FOLLOW-UP>
<FOLLOW-UP m_id="12" anchor="future"  >
<token_anchor t_id="182"/>
<token_anchor t_id="183"/>
<token_anchor t_id="184"/>
<token_anchor t_id="185"/>
<token_anchor t_id="186"/>
<token_anchor t_id="187"/>
<token_anchor t_id="188"/>
</FOLLOW-UP>
<FOREGROUND m_id="2" type="narration"  >
<token_anchor t_id="12"/>
<token_anchor t_id="13"/>
<token_anchor t_id="14"/>
<token_anchor t_id="15"/>
<token_anchor t_id="16"/>
<token_anchor t_id="17"/>
<token_anchor t_id="18"/>
<token_anchor t_id="19"/>
<token_anchor t_id="20"/>
<token_anchor t_id="21"/>
<token_anchor t_id="22"/>
<token_anchor t_id="23"/>
<token_anchor t_id="24"/>
<token_anchor t_id="25"/>
<token_anchor t_id="26"/>
<token_anchor t_id="27"/>
<token_anchor t_id="28"/>
<token_anchor t_id="29"/>
<token_anchor t_id="30"/>
<token_anchor t_id="31"/>
<token_anchor t_id="32"/>
<token_anchor t_id="33"/>
<token_anchor t_id="34"/>
<token_anchor t_id="35"/>
<token_anchor t_id="36"/>
<token_anchor t_id="37"/>
<token_anchor t_id="38"/>
<token_anchor t_id="39"/>
<token_anchor t_id="40"/>
<token_anchor t_id="41"/>
<token_anchor t_id="42"/>
</FOREGROUND>


</Markables>

<Relations>
</Relations>
</Document>
